2026-03-18 23:22:52,244 [INFO] __main__: DRY RUN mode — Telegram disabled
2026-03-18 23:22:52,245 [INFO] __main__: Initialising components...
2026-03-18 23:22:52,253 [INFO] database.db: DB connected (WAL): data\signals.db
2026-03-18 23:22:52,254 [INFO] __main__: DB connected
2026-03-18 23:22:52,254 [INFO] __main__: Binance client created
2026-03-18 23:22:52,254 [INFO] __main__: WebSocket client created
2026-03-18 23:22:52,656 [INFO] telegram.bot: ✓ Telegram notifier started
2026-03-18 23:22:52,656 [INFO] __main__: Telegram notifier started
2026-03-18 23:22:52,656 [INFO] __main__: All components ready
2026-03-18 23:26:02,870 [INFO] __main__: DRY RUN mode — Telegram disabled
2026-03-18 23:26:02,871 [INFO] __main__: Initialising components...
2026-03-18 23:26:02,880 [INFO] database.db: DB connected (WAL): data\signals.db
2026-03-18 23:26:02,880 [INFO] __main__: DB connected
2026-03-18 23:26:02,880 [INFO] __main__: Binance client created
2026-03-18 23:26:02,881 [INFO] __main__: WebSocket client created
2026-03-18 23:26:03,154 [INFO] telegram.bot: ✓ Telegram notifier started
2026-03-18 23:26:03,154 [INFO] __main__: Telegram notifier started
2026-03-18 23:26:03,154 [INFO] __main__: All components ready
2026-03-18 23:33:54,377 [INFO] __main__: DRY RUN mode — Telegram disabled
2026-03-18 23:33:54,377 [INFO] __main__: Initialising components...
2026-03-18 23:33:54,386 [INFO] database.db: DB connected (WAL): data\signals.db
2026-03-18 23:33:54,387 [INFO] __main__: DB connected
2026-03-18 23:33:54,387 [INFO] __main__: Binance client created
2026-03-18 23:33:54,387 [INFO] __main__: WebSocket client created
2026-03-18 23:33:54,710 [INFO] telegram.bot: ✓ Telegram notifier started
2026-03-18 23:33:54,710 [INFO] __main__: Telegram notifier started
2026-03-18 23:33:54,710 [INFO] __main__: All components ready
2026-03-18 23:33:54,725 [INFO] apscheduler.scheduler: Adding job tentatively -- it will be properly scheduled when the scheduler starts
2026-03-18 23:33:54,728 [INFO] apscheduler.scheduler: Added job "analysis_cycle" to job store "default"
2026-03-18 23:33:54,729 [INFO] apscheduler.scheduler: Scheduler started
2026-03-18 23:33:54,729 [INFO] __main__: Bot running. Ctrl+C to stop.
2026-03-18 23:33:54,729 [INFO] __main__: ── Analysis cycle start ──────────────────
2026-03-18 23:33:54,776 [INFO] __main__: Starting API server on port 8000...
2026-03-18 23:33:55,832 [INFO] __main__: API server starting...
2026-03-18 23:33:57,246 [INFO] data.orderflow_ws: ✓ WS connected: wss://stream.binancefuture.com/ws/btcusdt@aggTrade
2026-03-18 23:33:58,178 [INFO] engine.pipeline: MarketContext(dead_zone, vol=low, adx=21.6, trend=SHORT, atr=0.35%, session=None, tradeable=False)
2026-03-18 23:33:58,179 [INFO] engine.pipeline: Not tradeable: dead_zone, vol=low, session=None
2026-03-18 23:37:10,623 [INFO] __main__: DRY RUN mode — Telegram disabled
2026-03-18 23:37:10,623 [INFO] __main__: Initialising components...
2026-03-18 23:37:10,631 [INFO] database.db: DB connected (WAL): data\signals.db
2026-03-18 23:37:10,632 [INFO] __main__: DB connected
2026-03-18 23:37:10,632 [INFO] __main__: Binance client created
2026-03-18 23:37:10,632 [INFO] __main__: WebSocket client created
2026-03-18 23:37:10,900 [INFO] telegram.bot: ✓ Telegram notifier started
2026-03-18 23:37:10,900 [INFO] __main__: Telegram notifier started
2026-03-18 23:37:10,900 [INFO] __main__: All components ready
2026-03-18 23:37:10,904 [INFO] apscheduler.scheduler: Adding job tentatively -- it will be properly scheduled when the scheduler starts
2026-03-18 23:37:10,905 [INFO] apscheduler.scheduler: Added job "analysis_cycle" to job store "default"
2026-03-18 23:37:10,905 [INFO] apscheduler.scheduler: Scheduler started
2026-03-18 23:37:10,906 [INFO] __main__: Bot running. Ctrl+C to stop.
2026-03-18 23:37:10,906 [INFO] __main__: ── Analysis cycle start ──────────────────
2026-03-18 23:37:10,936 [INFO] __main__: Starting API server on port 8000...
2026-03-18 23:37:11,386 [INFO] __main__: API server starting...
2026-03-18 23:37:12,787 [INFO] data.orderflow_ws: ✓ WS connected: wss://stream.binancefuture.com/ws/btcusdt@aggTrade
2026-03-18 23:37:13,504 [INFO] engine.pipeline: MarketContext(dead_zone, vol=low, adx=21.1, trend=SHORT, atr=0.37%, session=None, tradeable=False)
2026-03-18 23:37:13,505 [INFO] engine.pipeline: Not tradeable: dead_zone, vol=low, session=None
2026-03-18 23:39:56,614 [INFO] __main__: DRY RUN mode — Telegram disabled
2026-03-18 23:39:56,615 [INFO] __main__: Initialising components...
2026-03-18 23:39:56,624 [INFO] database.db: DB connected (WAL): data\signals.db
2026-03-18 23:39:56,625 [INFO] __main__: DB connected
2026-03-18 23:39:56,625 [INFO] __main__: Binance client created
2026-03-18 23:39:56,625 [INFO] __main__: WebSocket client created
2026-03-18 23:39:56,940 [INFO] telegram.bot: ✓ Telegram notifier started
2026-03-18 23:39:56,940 [INFO] __main__: Telegram notifier started
2026-03-18 23:39:56,941 [INFO] __main__: All components ready
2026-03-18 23:39:56,947 [INFO] apscheduler.scheduler: Adding job tentatively -- it will be properly scheduled when the scheduler starts
2026-03-18 23:39:56,949 [INFO] apscheduler.scheduler: Added job "analysis_cycle" to job store "default"
2026-03-18 23:39:56,949 [INFO] apscheduler.scheduler: Scheduler started
2026-03-18 23:39:56,949 [INFO] __main__: Bot running. Ctrl+C to stop.
2026-03-18 23:39:56,949 [INFO] __main__: ── Analysis cycle start ──────────────────
2026-03-18 23:39:57,000 [INFO] __main__: Starting API server on port 8000...
2026-03-18 23:39:57,507 [INFO] __main__: API server starting...
2026-03-18 23:39:57,615 [INFO] __main__: API server stopped
2026-03-18 23:41:06,525 [INFO] __main__: DRY RUN mode — Telegram disabled
2026-03-18 23:41:06,525 [INFO] __main__: Initialising components...
2026-03-18 23:41:06,533 [INFO] database.db: DB connected (WAL): data\signals.db
2026-03-18 23:41:06,533 [INFO] __main__: DB connected
2026-03-18 23:41:06,533 [INFO] __main__: Binance client created
2026-03-18 23:41:06,533 [INFO] __main__: WebSocket client created
2026-03-18 23:41:06,862 [INFO] telegram.bot: ✓ Telegram notifier started
2026-03-18 23:41:06,862 [INFO] __main__: Telegram notifier started
2026-03-18 23:41:06,862 [INFO] __main__: All components ready
2026-03-18 23:41:06,866 [INFO] apscheduler.scheduler: Adding job tentatively -- it will be properly scheduled when the scheduler starts
2026-03-18 23:41:06,867 [INFO] apscheduler.scheduler: Added job "analysis_cycle" to job store "default"
2026-03-18 23:41:06,867 [INFO] apscheduler.scheduler: Scheduler started
2026-03-18 23:41:06,868 [INFO] __main__: Bot running. Ctrl+C to stop.
2026-03-18 23:41:06,868 [INFO] __main__: ── Analysis cycle start ──────────────────
2026-03-18 23:41:06,899 [INFO] __main__: Starting API server on port 8001...
2026-03-18 23:41:07,389 [INFO] __main__: API server starting on port 8001...
2026-03-18 23:41:08,404 [INFO] engine.pipeline: MarketContext(dead_zone, vol=low, adx=20.8, trend=SHORT, atr=0.37%, session=None, tradeable=False)
2026-03-18 23:41:08,404 [INFO] engine.pipeline: Not tradeable: dead_zone, vol=low, session=None
2026-03-18 23:41:08,754 [INFO] data.orderflow_ws: ✓ WS connected: wss://stream.binancefuture.com/ws/btcusdt@aggTrade
2026-03-18 23:41:19,827 [ERROR] asyncio: Task exception was never retrieved
future: <Task finished name='Task-4' coro=<_start_api() done, defined at D:\bot_final\main.py:190> exception=SystemExit(1)>
Traceback (most recent call last):
  File "C:\Users\89118\AppData\Roaming\Python\Python314\site-packages\uvicorn\server.py", line 172, in startup
  File "C:\Python314\Lib\asyncio\base_events.py", line 1627, in create_server
OSError: [Errno 10048] error while attempting to bind on address ('0.0.0.0', 8000): [winerror 10048] обычно разрешается только одно использование адреса сокета (протокол/сетевой адрес/порт)

During handling of the above exception, another exception occurred:

Traceback (most recent call last):
  File "D:\bot_final\main.py", line 214, in <module>
  File "C:\Python314\Lib\asyncio\runners.py", line 204, in run
  File "C:\Python314\Lib\asyncio\runners.py", line 127, in run
  File "C:\Python314\Lib\asyncio\base_events.py", line 706, in run_until_complete
  File "C:\Python314\Lib\asyncio\base_events.py", line 677, in run_forever
  File "C:\Python314\Lib\asyncio\base_events.py", line 2046, in _run_once
  File "C:\Python314\Lib\asyncio\events.py", line 94, in _run
  File "D:\bot_final\main.py", line 202, in _start_api
  File "C:\Users\89118\AppData\Roaming\Python\Python314\site-packages\uvicorn\server.py", line 79, in serve
  File "C:\Users\89118\AppData\Roaming\Python\Python314\site-packages\uvicorn\server.py", line 94, in _serve
  File "C:\Users\89118\AppData\Roaming\Python\Python314\site-packages\uvicorn\server.py", line 182, in startup
SystemExit: 1
2026-03-18 23:41:19,835 [ERROR] asyncio: Unclosed client session
client_session: <aiohttp.client.ClientSession object at 0x00000235D6F0B230>
2026-03-18 23:42:12,714 [INFO] __main__: DRY RUN mode — Telegram disabled
2026-03-18 23:42:12,714 [INFO] __main__: Initialising components...
2026-03-18 23:42:12,721 [INFO] database.db: DB connected (WAL): data\signals.db
2026-03-18 23:42:12,722 [INFO] __main__: DB connected
2026-03-18 23:42:12,722 [INFO] __main__: Binance client created
2026-03-18 23:42:12,722 [INFO] __main__: WebSocket client created
2026-03-18 23:42:12,994 [INFO] telegram.bot: ✓ Telegram notifier started
2026-03-18 23:42:12,995 [INFO] __main__: Telegram notifier started
2026-03-18 23:42:12,995 [INFO] __main__: All components ready
2026-03-18 23:42:13,000 [INFO] apscheduler.scheduler: Adding job tentatively -- it will be properly scheduled when the scheduler starts
2026-03-18 23:42:13,001 [INFO] apscheduler.scheduler: Added job "analysis_cycle" to job store "default"
2026-03-18 23:42:13,002 [INFO] apscheduler.scheduler: Scheduler started
2026-03-18 23:42:13,002 [INFO] __main__: Bot running. Ctrl+C to stop.
2026-03-18 23:42:13,003 [INFO] __main__: ── Analysis cycle start ──────────────────
2026-03-18 23:42:13,037 [INFO] __main__: Starting API server on port 8001...
2026-03-18 23:42:13,458 [INFO] __main__: API server starting on port 8001...
2026-03-18 23:42:14,484 [INFO] engine.pipeline: MarketContext(dead_zone, vol=low, adx=20.8, trend=SHORT, atr=0.37%, session=None, tradeable=False)
2026-03-18 23:42:14,485 [INFO] engine.pipeline: Not tradeable: dead_zone, vol=low, session=None
2026-03-18 23:42:14,827 [INFO] data.orderflow_ws: ✓ WS connected: wss://stream.binancefuture.com/ws/btcusdt@aggTrade
2026-03-18 23:43:36,522 [INFO] __main__: API server stopped
2026-03-18 23:43:36,522 [INFO] __main__: Shutting down ()...
2026-03-18 23:43:36,524 [INFO] apscheduler.scheduler: Scheduler has been shut down
2026-03-18 23:43:41,579 [ERROR] asyncio: Unclosed client session
client_session: <aiohttp.client.ClientSession object at 0x0000018F271D7230>
2026-03-18 23:48:15,116 [INFO] __main__: DRY RUN mode — Telegram disabled
2026-03-18 23:48:15,117 [INFO] __main__: Initialising components...
2026-03-18 23:48:15,124 [INFO] database.db: DB connected (WAL): data\signals.db
2026-03-18 23:48:15,125 [INFO] __main__: DB connected
2026-03-18 23:48:15,125 [INFO] __main__: Binance client created
2026-03-18 23:48:15,125 [INFO] __main__: WebSocket client created
2026-03-18 23:48:15,432 [INFO] telegram.bot: ✓ Telegram notifier started
2026-03-18 23:48:15,432 [INFO] __main__: Telegram notifier started
2026-03-18 23:48:15,432 [INFO] __main__: All components ready
2026-03-18 23:48:15,439 [INFO] apscheduler.scheduler: Adding job tentatively -- it will be properly scheduled when the scheduler starts
2026-03-18 23:48:15,440 [INFO] apscheduler.scheduler: Added job "analysis_cycle" to job store "default"
2026-03-18 23:48:15,441 [INFO] apscheduler.scheduler: Scheduler started
2026-03-18 23:48:15,442 [INFO] __main__: Bot running. Ctrl+C to stop.
2026-03-18 23:48:15,442 [INFO] __main__: ── Analysis cycle start ──────────────────
2026-03-18 23:48:15,480 [INFO] __main__: Starting API server on port 8001...
2026-03-18 23:48:15,956 [INFO] __main__: API server starting on port 8001...
2026-03-18 23:48:17,022 [INFO] engine.pipeline: MarketContext(ranging, vol=low, adx=19.7, trend=SHORT, atr=0.35%, session=None, tradeable=False)
2026-03-18 23:48:17,022 [INFO] engine.pipeline: Not tradeable: ranging, vol=low, session=None
2026-03-18 23:48:17,330 [INFO] data.orderflow_ws: ✓ WS connected: wss://stream.binancefuture.com/ws/btcusdt@aggTrade
2026-03-19 00:00:03,012 [INFO] apscheduler.executors.default: Running job "analysis_cycle (trigger: cron[minute='*/15', second='3'], next run at: 2026-03-19 00:15:03 MSK)" (scheduled at 2026-03-19 00:00:03+03:00)
2026-03-19 00:00:03,013 [INFO] __main__: ── Analysis cycle start ──────────────────
2026-03-19 00:00:08,066 [INFO] engine.pipeline: MarketContext(ranging, vol=low, adx=19.3, trend=SHORT, atr=0.36%, session=None, tradeable=False)
2026-03-19 00:00:08,067 [INFO] engine.pipeline: Not tradeable: ranging, vol=low, session=None
2026-03-19 00:00:08,068 [INFO] apscheduler.executors.default: Job "analysis_cycle (trigger: cron[minute='*/15', second='3'], next run at: 2026-03-19 00:15:03 MSK)" executed successfully
2026-03-19 00:06:13,825 [INFO] database.db: DB connected (WAL): D:\bot_final\tests\_tmp_integration\ed2574c36c314992bc9da235ab71c019\integration.db
2026-03-19 00:06:13,851 [INFO] httpx: HTTP Request: GET http://testserver/health "HTTP/1.1 200 OK"
2026-03-19 00:06:13,878 [INFO] database.db: DB connected (WAL): D:\bot_final\tests\_tmp_integration\04cc05df820c46bcba5f25be0c9be552\integration.db
2026-03-19 00:06:13,892 [INFO] httpx: HTTP Request: GET http://testserver/signals/?limit=5 "HTTP/1.1 200 OK"
2026-03-19 00:06:13,899 [INFO] httpx: HTTP Request: GET http://testserver/signals/stats "HTTP/1.1 200 OK"
2026-03-19 00:06:13,907 [INFO] httpx: HTTP Request: GET http://testserver/signals/liquidity?current_price=60000 "HTTP/1.1 200 OK"
2026-03-19 00:06:13,934 [INFO] database.db: DB connected (WAL): D:\bot_final\tests\_tmp_integration\9b24b3cf1a224b828c5229b48ba70516\integration.db
2026-03-19 00:06:13,949 [INFO] httpx: HTTP Request: GET http://testserver/metrics "HTTP/1.1 200 OK"
2026-03-19 00:06:14,018 [INFO] database.db: DB connected (WAL): D:\bot_final\tests\_tmp_integration\a1223ea3646c4d649d4c37268edfccca\integration.db
2026-03-19 00:06:14,077 [INFO] httpx: HTTP Request: GET http://testserver/dashboard "HTTP/1.1 200 OK"
2026-03-19 00:06:14,084 [INFO] httpx: HTTP Request: GET http://testserver/signals/export.csv?limit=2 "HTTP/1.1 200 OK"
2026-03-19 00:06:14,111 [INFO] database.db: DB connected (WAL): D:\bot_final\tests\_tmp_integration\096398699ef3400ca8bd48d6b3415ce0\integration.db
2026-03-19 00:06:14,122 [INFO] httpx: HTTP Request: GET http://testserver/ "HTTP/1.1 307 Temporary Redirect"
2026-03-19 00:06:14,127 [INFO] httpx: HTTP Request: GET http://testserver/favicon.ico "HTTP/1.1 200 OK"
2026-03-19 00:06:14,132 [INFO] httpx: HTTP Request: GET http://testserver/.well-known/appspecific/com.chrome.devtools.json "HTTP/1.1 200 OK"
2026-03-19 00:06:14,158 [INFO] database.db: DB connected (WAL): D:\bot_final\tests\_tmp_integration\6c42fc9172e542e0825f00825bccba28\integration.db
2026-03-19 00:06:14,171 [INFO] httpx: HTTP Request: POST http://testserver/signals/export/google-sheets "HTTP/1.1 200 OK"
2026-03-19 00:06:56,151 [INFO] database.db: DB connected (WAL): D:\bot_final\tests\_tmp_integration\5c314586ab344d54b5f99c69fc44d7e4\integration.db
2026-03-19 00:06:56,180 [INFO] httpx: HTTP Request: GET http://testserver/health "HTTP/1.1 200 OK"
2026-03-19 00:06:56,208 [INFO] database.db: DB connected (WAL): D:\bot_final\tests\_tmp_integration\ecd37f640674401da90490912a29d9af\integration.db
2026-03-19 00:06:56,224 [INFO] httpx: HTTP Request: GET http://testserver/signals/?limit=5 "HTTP/1.1 200 OK"
2026-03-19 00:06:56,231 [INFO] httpx: HTTP Request: GET http://testserver/signals/stats "HTTP/1.1 200 OK"
2026-03-19 00:06:56,238 [INFO] httpx: HTTP Request: GET http://testserver/signals/liquidity?current_price=60000 "HTTP/1.1 200 OK"
2026-03-19 00:06:56,263 [INFO] database.db: DB connected (WAL): D:\bot_final\tests\_tmp_integration\f04a2ebaf7184970a97f216cc3a3339e\integration.db
2026-03-19 00:06:56,281 [INFO] httpx: HTTP Request: GET http://testserver/metrics "HTTP/1.1 200 OK"
2026-03-19 00:06:56,312 [INFO] database.db: DB connected (WAL): D:\bot_final\tests\_tmp_integration\0c5c57e5e1a14eb4973d27c7d79e607c\integration.db
2026-03-19 00:06:56,325 [INFO] httpx: HTTP Request: GET http://testserver/logs?limit=2 "HTTP/1.1 200 OK"
2026-03-19 00:06:56,371 [INFO] httpx: HTTP Request: GET http://testserver/dashboard "HTTP/1.1 200 OK"
2026-03-19 00:06:56,401 [INFO] database.db: DB connected (WAL): D:\bot_final\tests\_tmp_integration\e2cc142c787f4334838a55ee1032d22a\integration.db
2026-03-19 00:06:56,416 [INFO] httpx: HTTP Request: GET http://testserver/dashboard "HTTP/1.1 200 OK"
2026-03-19 00:06:56,423 [INFO] httpx: HTTP Request: GET http://testserver/signals/export.csv?limit=2 "HTTP/1.1 200 OK"
2026-03-19 00:06:56,451 [INFO] database.db: DB connected (WAL): D:\bot_final\tests\_tmp_integration\20b7ca6e182a47dc91f6911104cada03\integration.db
2026-03-19 00:06:56,465 [INFO] httpx: HTTP Request: GET http://testserver/ "HTTP/1.1 307 Temporary Redirect"
2026-03-19 00:06:56,471 [INFO] httpx: HTTP Request: GET http://testserver/favicon.ico "HTTP/1.1 200 OK"
2026-03-19 00:06:56,478 [INFO] httpx: HTTP Request: GET http://testserver/.well-known/appspecific/com.chrome.devtools.json "HTTP/1.1 200 OK"
2026-03-19 00:06:56,506 [INFO] database.db: DB connected (WAL): D:\bot_final\tests\_tmp_integration\25100d1448c04204aca693edcc847df3\integration.db
2026-03-19 00:06:56,521 [INFO] httpx: HTTP Request: POST http://testserver/signals/export/google-sheets "HTTP/1.1 200 OK"
2026-03-19 00:12:02,011 [INFO] database.db: DB connected (WAL): D:\bot_final\tests\_tmp_integration\3d02e49e9c2d447db86d7ae18000ab67\integration.db
2026-03-19 00:12:02,041 [INFO] httpx: HTTP Request: GET http://testserver/health "HTTP/1.1 200 OK"
2026-03-19 00:12:02,072 [INFO] database.db: DB connected (WAL): D:\bot_final\tests\_tmp_integration\72e3cd16f6a04f328b965b4252072f72\integration.db
2026-03-19 00:12:02,090 [INFO] httpx: HTTP Request: GET http://testserver/signals/?limit=5 "HTTP/1.1 200 OK"
2026-03-19 00:12:02,098 [INFO] httpx: HTTP Request: GET http://testserver/signals/stats "HTTP/1.1 200 OK"
2026-03-19 00:12:02,105 [INFO] httpx: HTTP Request: GET http://testserver/signals/liquidity?current_price=60000 "HTTP/1.1 200 OK"
2026-03-19 00:12:02,135 [INFO] database.db: DB connected (WAL): D:\bot_final\tests\_tmp_integration\65e17bfa1cfc43c9a53d59c5a4acb960\integration.db
2026-03-19 00:12:02,153 [INFO] httpx: HTTP Request: GET http://testserver/metrics "HTTP/1.1 200 OK"
2026-03-19 00:12:02,183 [INFO] database.db: DB connected (WAL): D:\bot_final\tests\_tmp_integration\efd1f88814154b969075e62a0b794534\integration.db
2026-03-19 00:12:02,199 [INFO] httpx: HTTP Request: GET http://testserver/logs?limit=2 "HTTP/1.1 200 OK"
2026-03-19 00:12:02,204 [INFO] httpx: HTTP Request: GET http://testserver/logs?limit=5&important_only=true "HTTP/1.1 200 OK"
2026-03-19 00:12:02,252 [INFO] httpx: HTTP Request: GET http://testserver/dashboard "HTTP/1.1 200 OK"
2026-03-19 00:12:02,282 [INFO] database.db: DB connected (WAL): D:\bot_final\tests\_tmp_integration\c8063f318b4f46309ca9b3ff939b9b0c\integration.db
2026-03-19 00:12:02,298 [INFO] httpx: HTTP Request: GET http://testserver/dashboard "HTTP/1.1 200 OK"
2026-03-19 00:12:02,305 [INFO] httpx: HTTP Request: GET http://testserver/signals/export.csv?limit=2 "HTTP/1.1 200 OK"
2026-03-19 00:12:02,336 [INFO] database.db: DB connected (WAL): D:\bot_final\tests\_tmp_integration\a7e389e1cba342478e5f4d156da7e766\integration.db
2026-03-19 00:12:02,349 [INFO] httpx: HTTP Request: GET http://testserver/ "HTTP/1.1 307 Temporary Redirect"
2026-03-19 00:12:02,355 [INFO] httpx: HTTP Request: GET http://testserver/favicon.ico "HTTP/1.1 200 OK"
2026-03-19 00:12:02,361 [INFO] httpx: HTTP Request: GET http://testserver/.well-known/appspecific/com.chrome.devtools.json "HTTP/1.1 200 OK"
2026-03-19 00:12:02,386 [INFO] database.db: DB connected (WAL): D:\bot_final\tests\_tmp_integration\7977123cb11e4243990668c49d1a326e\integration.db
2026-03-19 00:12:02,400 [INFO] httpx: HTTP Request: POST http://testserver/signals/export/google-sheets "HTTP/1.1 200 OK"
2026-03-19 00:14:55,723 [INFO] database.db: DB connected (WAL): D:\bot_final\tests\_tmp_integration\33641fbbb66b4892abe8b9bb002f1f66\integration.db
2026-03-19 00:14:55,752 [INFO] httpx: HTTP Request: GET http://testserver/health "HTTP/1.1 200 OK"
2026-03-19 00:14:55,779 [INFO] database.db: DB connected (WAL): D:\bot_final\tests\_tmp_integration\8adadcdde50f40f59359d332f868c352\integration.db
2026-03-19 00:14:55,795 [INFO] httpx: HTTP Request: GET http://testserver/signals/?limit=5 "HTTP/1.1 200 OK"
2026-03-19 00:14:55,803 [INFO] httpx: HTTP Request: GET http://testserver/signals/stats "HTTP/1.1 200 OK"
2026-03-19 00:14:55,810 [INFO] httpx: HTTP Request: GET http://testserver/signals/liquidity?current_price=60000 "HTTP/1.1 200 OK"
2026-03-19 00:14:55,840 [INFO] database.db: DB connected (WAL): D:\bot_final\tests\_tmp_integration\97310118e77c4c7a977528d8b2446910\integration.db
2026-03-19 00:14:55,856 [INFO] httpx: HTTP Request: GET http://testserver/metrics "HTTP/1.1 200 OK"
2026-03-19 00:14:55,887 [INFO] database.db: DB connected (WAL): D:\bot_final\tests\_tmp_integration\5f5d9149060c4392b1dfc2395de7290a\integration.db
2026-03-19 00:14:55,901 [INFO] httpx: HTTP Request: GET http://testserver/logs?limit=2 "HTTP/1.1 200 OK"
2026-03-19 00:14:55,907 [INFO] httpx: HTTP Request: GET http://testserver/logs?limit=5&important_only=true "HTTP/1.1 200 OK"
2026-03-19 00:14:55,963 [INFO] httpx: HTTP Request: GET http://testserver/dashboard "HTTP/1.1 200 OK"
2026-03-19 00:14:55,991 [INFO] database.db: DB connected (WAL): D:\bot_final\tests\_tmp_integration\db3a6c0e13bc4b4a9014e01016b67c22\integration.db
2026-03-19 00:14:56,008 [INFO] httpx: HTTP Request: GET http://testserver/dashboard "HTTP/1.1 200 OK"
2026-03-19 00:14:56,014 [INFO] httpx: HTTP Request: GET http://testserver/signals/export.csv?limit=2 "HTTP/1.1 200 OK"
2026-03-19 00:14:56,043 [INFO] database.db: DB connected (WAL): D:\bot_final\tests\_tmp_integration\78bf60356a594b1f932e327abfc5f012\integration.db
2026-03-19 00:14:56,056 [INFO] httpx: HTTP Request: GET http://testserver/ "HTTP/1.1 307 Temporary Redirect"
2026-03-19 00:14:56,061 [INFO] httpx: HTTP Request: GET http://testserver/favicon.ico "HTTP/1.1 200 OK"
2026-03-19 00:14:56,066 [INFO] httpx: HTTP Request: GET http://testserver/.well-known/appspecific/com.chrome.devtools.json "HTTP/1.1 200 OK"
2026-03-19 00:14:56,095 [INFO] database.db: DB connected (WAL): D:\bot_final\tests\_tmp_integration\9e79c3eeffe84d16a401da0db9f31dbb\integration.db
2026-03-19 00:14:56,108 [INFO] httpx: HTTP Request: POST http://testserver/signals/export/google-sheets "HTTP/1.1 200 OK"
2026-03-19 00:15:03,010 [INFO] apscheduler.executors.default: Running job "analysis_cycle (trigger: cron[minute='*/15', second='3'], next run at: 2026-03-19 00:30:03 MSK)" (scheduled at 2026-03-19 00:15:03+03:00)
2026-03-19 00:15:03,011 [INFO] __main__: ── Analysis cycle start ──────────────────
2026-03-19 00:15:04,772 [INFO] engine.pipeline: MarketContext(dead_zone, vol=low, adx=20.1, trend=SHORT, atr=0.34%, session=None, tradeable=False)
2026-03-19 00:15:04,773 [INFO] engine.pipeline: Not tradeable: dead_zone, vol=low, session=None
2026-03-19 00:15:04,774 [INFO] apscheduler.executors.default: Job "analysis_cycle (trigger: cron[minute='*/15', second='3'], next run at: 2026-03-19 00:30:03 MSK)" executed successfully
2026-03-19 00:17:34,421 [INFO] database.db: DB connected (WAL): D:\bot_final\tests\_tmp_integration\769c898f237e4b9a9b9e67b8dcafb563\integration.db
2026-03-19 00:17:34,450 [INFO] httpx: HTTP Request: GET http://testserver/health "HTTP/1.1 200 OK"
2026-03-19 00:17:34,478 [INFO] database.db: DB connected (WAL): D:\bot_final\tests\_tmp_integration\8b6bcf41dce04de6bba3aa3f3f619733\integration.db
2026-03-19 00:17:34,499 [INFO] httpx: HTTP Request: GET http://testserver/signals/?limit=5 "HTTP/1.1 200 OK"
2026-03-19 00:17:34,507 [INFO] httpx: HTTP Request: GET http://testserver/signals/stats "HTTP/1.1 200 OK"
2026-03-19 00:17:34,514 [INFO] httpx: HTTP Request: GET http://testserver/signals/liquidity?current_price=60000 "HTTP/1.1 200 OK"
2026-03-19 00:17:34,544 [INFO] database.db: DB connected (WAL): D:\bot_final\tests\_tmp_integration\13935143443443ca96077db2a255c3c4\integration.db
2026-03-19 00:17:34,562 [INFO] httpx: HTTP Request: GET http://testserver/metrics "HTTP/1.1 200 OK"
2026-03-19 00:17:34,594 [INFO] database.db: DB connected (WAL): D:\bot_final\tests\_tmp_integration\6a08b27f27e343ad84d567e8acfe0d76\integration.db
2026-03-19 00:17:34,609 [INFO] httpx: HTTP Request: GET http://testserver/logs?limit=2 "HTTP/1.1 200 OK"
2026-03-19 00:17:34,615 [INFO] httpx: HTTP Request: GET http://testserver/logs?limit=5&important_only=true "HTTP/1.1 200 OK"
2026-03-19 00:17:34,622 [INFO] httpx: HTTP Request: GET http://testserver/logs?limit=20&important_only=true&last_cycle_only=true "HTTP/1.1 200 OK"
2026-03-19 00:17:34,687 [INFO] httpx: HTTP Request: GET http://testserver/dashboard "HTTP/1.1 200 OK"
2026-03-19 00:17:34,718 [INFO] database.db: DB connected (WAL): D:\bot_final\tests\_tmp_integration\b47ce96141d44f91a77e484a1e6459b8\integration.db
2026-03-19 00:17:34,736 [INFO] httpx: HTTP Request: GET http://testserver/dashboard "HTTP/1.1 200 OK"
2026-03-19 00:17:34,743 [INFO] httpx: HTTP Request: GET http://testserver/signals/export.csv?limit=2 "HTTP/1.1 200 OK"
2026-03-19 00:17:34,775 [INFO] database.db: DB connected (WAL): D:\bot_final\tests\_tmp_integration\039209b612334c4d9b9091e8b8554950\integration.db
2026-03-19 00:17:34,789 [INFO] httpx: HTTP Request: GET http://testserver/ "HTTP/1.1 307 Temporary Redirect"
2026-03-19 00:17:34,795 [INFO] httpx: HTTP Request: GET http://testserver/favicon.ico "HTTP/1.1 200 OK"
2026-03-19 00:17:34,801 [INFO] httpx: HTTP Request: GET http://testserver/.well-known/appspecific/com.chrome.devtools.json "HTTP/1.1 200 OK"
2026-03-19 00:17:34,830 [INFO] database.db: DB connected (WAL): D:\bot_final\tests\_tmp_integration\924ccb90152548c7ba00afe0aedcdd53\integration.db
2026-03-19 00:17:34,846 [INFO] httpx: HTTP Request: POST http://testserver/signals/export/google-sheets "HTTP/1.1 200 OK"
2026-03-19 00:20:44,049 [INFO] database.db: DB connected (WAL): D:\bot_final\tests\_tmp_integration\369f10d7f64e45ed806d3daf930020e5\integration.db
2026-03-19 00:20:44,081 [INFO] httpx: HTTP Request: GET http://testserver/health "HTTP/1.1 200 OK"
2026-03-19 00:20:44,115 [INFO] database.db: DB connected (WAL): D:\bot_final\tests\_tmp_integration\939bf1445c2c444cb810aa7d1a94595d\integration.db
2026-03-19 00:20:44,140 [INFO] httpx: HTTP Request: GET http://testserver/signals/?limit=5 "HTTP/1.1 200 OK"
2026-03-19 00:20:44,149 [INFO] httpx: HTTP Request: GET http://testserver/signals/stats "HTTP/1.1 200 OK"
2026-03-19 00:20:44,159 [INFO] httpx: HTTP Request: GET http://testserver/signals/liquidity?current_price=60000 "HTTP/1.1 200 OK"
2026-03-19 00:20:44,198 [INFO] database.db: DB connected (WAL): D:\bot_final\tests\_tmp_integration\f0144d03abc24ad2bc66e26e86c5d1e1\integration.db
2026-03-19 00:20:44,216 [INFO] httpx: HTTP Request: GET http://testserver/metrics "HTTP/1.1 200 OK"
2026-03-19 00:20:44,250 [INFO] database.db: DB connected (WAL): D:\bot_final\tests\_tmp_integration\91ea8078b3b5457fabb633a3baaecbaf\integration.db
2026-03-19 00:20:44,266 [INFO] httpx: HTTP Request: GET http://testserver/logs?limit=2 "HTTP/1.1 200 OK"
2026-03-19 00:20:44,274 [INFO] httpx: HTTP Request: GET http://testserver/logs?limit=5&important_only=true "HTTP/1.1 200 OK"
2026-03-19 00:20:44,280 [INFO] httpx: HTTP Request: GET http://testserver/logs?limit=20&important_only=true&last_cycle_only=true "HTTP/1.1 200 OK"
2026-03-19 00:20:44,287 [INFO] httpx: HTTP Request: GET http://testserver/logs/summary "HTTP/1.1 200 OK"
2026-03-19 00:20:44,344 [INFO] httpx: HTTP Request: GET http://testserver/dashboard "HTTP/1.1 200 OK"
2026-03-19 00:20:44,378 [INFO] database.db: DB connected (WAL): D:\bot_final\tests\_tmp_integration\4d78ac54f6d34fde96f86634e720d595\integration.db
2026-03-19 00:20:44,400 [INFO] httpx: HTTP Request: GET http://testserver/dashboard "HTTP/1.1 200 OK"
2026-03-19 00:20:44,410 [INFO] httpx: HTTP Request: GET http://testserver/signals/export.csv?limit=2 "HTTP/1.1 200 OK"
2026-03-19 00:20:44,443 [INFO] database.db: DB connected (WAL): D:\bot_final\tests\_tmp_integration\3daf88ca04aa41ae9edce35e9448e77e\integration.db
2026-03-19 00:20:44,458 [INFO] httpx: HTTP Request: GET http://testserver/ "HTTP/1.1 307 Temporary Redirect"
2026-03-19 00:20:44,464 [INFO] httpx: HTTP Request: GET http://testserver/favicon.ico "HTTP/1.1 200 OK"
2026-03-19 00:20:44,471 [INFO] httpx: HTTP Request: GET http://testserver/.well-known/appspecific/com.chrome.devtools.json "HTTP/1.1 200 OK"
2026-03-19 00:20:44,499 [INFO] database.db: DB connected (WAL): D:\bot_final\tests\_tmp_integration\8ab2ede816bb4a6fa887ac120c18b2ff\integration.db
2026-03-19 00:20:44,513 [INFO] httpx: HTTP Request: POST http://testserver/signals/export/google-sheets "HTTP/1.1 200 OK"
2026-03-19 00:26:11,785 [INFO] database.db: DB connected (WAL): D:\bot_final\tests\_tmp_integration\1540c3d76eff4145b3c5ce218611ad99\integration.db
2026-03-19 00:26:11,813 [INFO] httpx: HTTP Request: GET http://testserver/health "HTTP/1.1 200 OK"
2026-03-19 00:26:11,843 [INFO] database.db: DB connected (WAL): D:\bot_final\tests\_tmp_integration\3496e97dd38a4e1db4a6a351639a98d8\integration.db
2026-03-19 00:26:11,861 [INFO] httpx: HTTP Request: GET http://testserver/signals/?limit=5 "HTTP/1.1 200 OK"
2026-03-19 00:26:11,869 [INFO] httpx: HTTP Request: GET http://testserver/signals/stats "HTTP/1.1 200 OK"
2026-03-19 00:26:11,875 [INFO] httpx: HTTP Request: GET http://testserver/signals/liquidity?current_price=60000 "HTTP/1.1 200 OK"
2026-03-19 00:26:11,905 [INFO] database.db: DB connected (WAL): D:\bot_final\tests\_tmp_integration\71d3228e9c264d14a7135b0905f68513\integration.db
2026-03-19 00:26:11,923 [INFO] httpx: HTTP Request: GET http://testserver/metrics "HTTP/1.1 200 OK"
2026-03-19 00:26:11,953 [INFO] database.db: DB connected (WAL): D:\bot_final\tests\_tmp_integration\0ba602ad9b464d71a695a1bcfb41c47d\integration.db
2026-03-19 00:26:11,966 [INFO] httpx: HTTP Request: GET http://testserver/logs?limit=2 "HTTP/1.1 200 OK"
2026-03-19 00:26:11,972 [INFO] httpx: HTTP Request: GET http://testserver/logs?limit=5&important_only=true "HTTP/1.1 200 OK"
2026-03-19 00:26:11,978 [INFO] httpx: HTTP Request: GET http://testserver/logs?limit=20&important_only=true&last_cycle_only=true "HTTP/1.1 200 OK"
2026-03-19 00:26:11,984 [INFO] httpx: HTTP Request: GET http://testserver/logs/summary "HTTP/1.1 200 OK"
2026-03-19 00:26:12,029 [INFO] httpx: HTTP Request: GET http://testserver/dashboard "HTTP/1.1 200 OK"
2026-03-19 00:26:12,056 [INFO] database.db: DB connected (WAL): D:\bot_final\tests\_tmp_integration\ff7303ffbc0e4f3ea70179a51cc98bca\integration.db
2026-03-19 00:26:12,072 [INFO] httpx: HTTP Request: GET http://testserver/dashboard "HTTP/1.1 200 OK"
2026-03-19 00:26:12,078 [INFO] httpx: HTTP Request: GET http://testserver/signals/export.csv?limit=2 "HTTP/1.1 200 OK"
2026-03-19 00:26:12,107 [INFO] database.db: DB connected (WAL): D:\bot_final\tests\_tmp_integration\1e710f3f67c24ee4a9ee1292f8d4225c\integration.db
2026-03-19 00:26:12,120 [INFO] httpx: HTTP Request: GET http://testserver/ "HTTP/1.1 307 Temporary Redirect"
2026-03-19 00:26:12,124 [INFO] httpx: HTTP Request: GET http://testserver/favicon.ico "HTTP/1.1 200 OK"
2026-03-19 00:26:12,130 [INFO] httpx: HTTP Request: GET http://testserver/.well-known/appspecific/com.chrome.devtools.json "HTTP/1.1 200 OK"
2026-03-19 00:26:12,158 [INFO] database.db: DB connected (WAL): D:\bot_final\tests\_tmp_integration\6f9fced0b8f542c1beeeb1aa2fd555d6\integration.db
2026-03-19 00:26:12,173 [INFO] httpx: HTTP Request: POST http://testserver/signals/export/google-sheets "HTTP/1.1 200 OK"
2026-03-19 00:27:06,842 [INFO] __main__: API server stopped
2026-03-19 00:27:06,843 [INFO] __main__: Shutting down ()...
2026-03-19 00:27:06,846 [INFO] apscheduler.scheduler: Scheduler has been shut down
2026-03-19 00:27:18,873 [ERROR] asyncio: Unclosed client session
client_session: <aiohttp.client.ClientSession object at 0x00000179B3193230>
2026-03-19 00:27:26,114 [INFO] __main__: Initialising components...
2026-03-19 00:27:26,124 [INFO] database.db: DB connected (WAL): data\signals.db
2026-03-19 00:27:26,125 [INFO] __main__: DB connected
2026-03-19 00:27:26,125 [INFO] __main__: Binance client created
2026-03-19 00:27:26,126 [INFO] __main__: WebSocket client created
2026-03-19 00:27:26,448 [INFO] aiogram.dispatcher: Start polling
2026-03-19 00:27:29,883 [INFO] aiogram.dispatcher: Run polling for bot @Akoffice_bot id=8749354405 - 'Akoffice bot'
2026-03-19 00:27:29,889 [INFO] telegram.bot: ✓ Telegram notifier started
2026-03-19 00:27:29,890 [INFO] __main__: Telegram notifier started
2026-03-19 00:27:29,890 [INFO] __main__: All components ready
2026-03-19 00:27:29,896 [INFO] apscheduler.scheduler: Adding job tentatively -- it will be properly scheduled when the scheduler starts
2026-03-19 00:27:29,900 [INFO] apscheduler.scheduler: Added job "analysis_cycle" to job store "default"
2026-03-19 00:27:29,900 [INFO] apscheduler.scheduler: Scheduler started
2026-03-19 00:27:29,901 [INFO] __main__: Bot running. Ctrl+C to stop.
2026-03-19 00:27:29,901 [INFO] __main__: ── Analysis cycle start ──────────────────
2026-03-19 00:27:29,977 [INFO] __main__: Starting API server on port 8001...
2026-03-19 00:27:30,398 [INFO] __main__: API server starting on port 8001...
2026-03-19 00:27:31,550 [INFO] engine.pipeline: MarketContext(dead_zone, vol=low, adx=21.4, trend=SHORT, atr=0.33%, session=None, tradeable=False)
2026-03-19 00:27:31,551 [INFO] engine.pipeline: Not tradeable: dead_zone, vol=low, session=None
2026-03-19 00:27:31,721 [INFO] data.orderflow_ws: ✓ WS connected: wss://stream.binancefuture.com/ws/btcusdt@aggTrade
2026-03-19 00:27:38,221 [INFO] aiogram.event: Update id=961905546 is handled. Duration 282 ms by bot id=8749354405
2026-03-19 00:27:42,146 [INFO] aiogram.event: Update id=961905547 is handled. Duration 279 ms by bot id=8749354405
2026-03-19 07:51:35,181 [ERROR] aiogram.dispatcher: Failed to fetch updates - TelegramNetworkError: HTTP Client says - Request timeout error
2026-03-19 07:51:35,226 [WARNING] aiogram.dispatcher: Sleep for 1.000000 seconds and try again... (tryings = 0, bot id = 8749354405)
2026-03-19 07:51:35,253 [WARNING] apscheduler.executors.default: Run time of job "analysis_cycle (trigger: cron[minute='*/15', second='3'], next run at: 2026-03-19 08:00:03 MSK)" was missed by 0:06:32.253578
2026-03-19 07:51:45,193 [ERROR] data.orderflow_ws: WS error: sent 1011 (internal error) keepalive ping timeout; no close frame received — reconnect in 10s
2026-03-19 07:51:48,365 [ERROR] aiogram.dispatcher: Failed to fetch updates - TelegramNetworkError: HTTP Client says - ClientConnectorDNSError: Cannot connect to host api.telegram.org:443 ssl:default [getaddrinfo failed]
2026-03-19 07:51:48,366 [WARNING] aiogram.dispatcher: Sleep for 1.131471 seconds and try again... (tryings = 1, bot id = 8749354405)
2026-03-19 07:52:01,547 [ERROR] aiogram.dispatcher: Failed to fetch updates - TelegramNetworkError: HTTP Client says - ClientConnectorDNSError: Cannot connect to host api.telegram.org:443 ssl:default [getaddrinfo failed]
2026-03-19 07:52:01,548 [WARNING] aiogram.dispatcher: Sleep for 1.519867 seconds and try again... (tryings = 2, bot id = 8749354405)
2026-03-19 07:52:05,231 [ERROR] data.orderflow_ws: WS error: timed out during opening handshake — reconnect in 10s
2026-03-19 07:52:15,146 [ERROR] aiogram.dispatcher: Failed to fetch updates - TelegramNetworkError: HTTP Client says - ClientConnectorDNSError: Cannot connect to host api.telegram.org:443 ssl:default [getaddrinfo failed]
2026-03-19 07:52:15,147 [WARNING] aiogram.dispatcher: Sleep for 1.766077 seconds and try again... (tryings = 3, bot id = 8749354405)
2026-03-19 07:52:15,251 [ERROR] data.orderflow_ws: WS error: [Errno 11001] getaddrinfo failed — reconnect in 10s
2026-03-19 07:52:16,922 [ERROR] aiogram.dispatcher: Failed to fetch updates - TelegramNetworkError: HTTP Client says - ClientConnectorDNSError: Cannot connect to host api.telegram.org:443 ssl:default [getaddrinfo failed]
2026-03-19 07:52:16,923 [WARNING] aiogram.dispatcher: Sleep for 2.397533 seconds and try again... (tryings = 4, bot id = 8749354405)
2026-03-19 07:52:19,323 [ERROR] aiogram.dispatcher: Failed to fetch updates - TelegramNetworkError: HTTP Client says - ClientConnectorDNSError: Cannot connect to host api.telegram.org:443 ssl:default [getaddrinfo failed]
2026-03-19 07:52:19,324 [WARNING] aiogram.dispatcher: Sleep for 3.076576 seconds and try again... (tryings = 5, bot id = 8749354405)
2026-03-19 07:52:22,407 [ERROR] aiogram.dispatcher: Failed to fetch updates - TelegramNetworkError: HTTP Client says - ClientConnectorDNSError: Cannot connect to host api.telegram.org:443 ssl:default [getaddrinfo failed]
2026-03-19 07:52:22,408 [WARNING] aiogram.dispatcher: Sleep for 3.925968 seconds and try again... (tryings = 6, bot id = 8749354405)
2026-03-19 07:52:25,255 [ERROR] data.orderflow_ws: WS error: [Errno 11001] getaddrinfo failed — reconnect in 10s
2026-03-19 07:52:26,338 [ERROR] aiogram.dispatcher: Failed to fetch updates - TelegramNetworkError: HTTP Client says - ClientConnectorDNSError: Cannot connect to host api.telegram.org:443 ssl:default [getaddrinfo failed]
2026-03-19 07:52:26,339 [WARNING] aiogram.dispatcher: Sleep for 5.060230 seconds and try again... (tryings = 7, bot id = 8749354405)
2026-03-19 07:52:35,260 [ERROR] data.orderflow_ws: WS error: [Errno 11001] getaddrinfo failed — reconnect in 10s
2026-03-19 07:52:43,473 [ERROR] aiogram.dispatcher: Failed to fetch updates - TelegramNetworkError: HTTP Client says - ClientConnectorDNSError: Cannot connect to host api.telegram.org:443 ssl:default [getaddrinfo failed]
2026-03-19 07:52:43,474 [WARNING] aiogram.dispatcher: Sleep for 4.838385 seconds and try again... (tryings = 8, bot id = 8749354405)
2026-03-19 07:52:45,276 [ERROR] data.orderflow_ws: WS error: [Errno 11001] getaddrinfo failed — reconnect in 10s
2026-03-19 07:52:48,332 [ERROR] aiogram.dispatcher: Failed to fetch updates - TelegramNetworkError: HTTP Client says - ClientConnectorDNSError: Cannot connect to host api.telegram.org:443 ssl:default [getaddrinfo failed]
2026-03-19 07:52:48,333 [WARNING] aiogram.dispatcher: Sleep for 4.983119 seconds and try again... (tryings = 9, bot id = 8749354405)
2026-03-19 07:52:53,327 [ERROR] aiogram.dispatcher: Failed to fetch updates - TelegramNetworkError: HTTP Client says - ClientConnectorDNSError: Cannot connect to host api.telegram.org:443 ssl:default [getaddrinfo failed]
2026-03-19 07:52:53,328 [WARNING] aiogram.dispatcher: Sleep for 4.904535 seconds and try again... (tryings = 10, bot id = 8749354405)
2026-03-19 07:52:55,284 [ERROR] data.orderflow_ws: WS error: [Errno 11001] getaddrinfo failed — reconnect in 10s
2026-03-19 07:53:10,260 [ERROR] aiogram.dispatcher: Failed to fetch updates - TelegramNetworkError: HTTP Client says - ClientConnectorDNSError: Cannot connect to host api.telegram.org:443 ssl:default [getaddrinfo failed]
2026-03-19 07:53:10,261 [WARNING] aiogram.dispatcher: Sleep for 4.948090 seconds and try again... (tryings = 11, bot id = 8749354405)
2026-03-19 07:53:15,226 [ERROR] aiogram.dispatcher: Failed to fetch updates - TelegramNetworkError: HTTP Client says - ClientConnectorDNSError: Cannot connect to host api.telegram.org:443 ssl:default [getaddrinfo failed]
2026-03-19 07:53:15,227 [WARNING] aiogram.dispatcher: Sleep for 5.113659 seconds and try again... (tryings = 12, bot id = 8749354405)
2026-03-19 07:53:15,299 [ERROR] data.orderflow_ws: WS error: timed out during opening handshake — reconnect in 10s
2026-03-19 07:53:20,348 [ERROR] aiogram.dispatcher: Failed to fetch updates - TelegramNetworkError: HTTP Client says - ClientConnectorDNSError: Cannot connect to host api.telegram.org:443 ssl:default [getaddrinfo failed]
2026-03-19 07:53:20,350 [WARNING] aiogram.dispatcher: Sleep for 5.083093 seconds and try again... (tryings = 13, bot id = 8749354405)
2026-03-19 07:53:25,314 [ERROR] data.orderflow_ws: WS error: [Errno 11001] getaddrinfo failed — reconnect in 10s
2026-03-19 07:53:25,438 [ERROR] aiogram.dispatcher: Failed to fetch updates - TelegramNetworkError: HTTP Client says - ClientConnectorDNSError: Cannot connect to host api.telegram.org:443 ssl:default [getaddrinfo failed]
2026-03-19 07:53:25,440 [WARNING] aiogram.dispatcher: Sleep for 5.054421 seconds and try again... (tryings = 14, bot id = 8749354405)
2026-03-19 07:53:30,505 [ERROR] aiogram.dispatcher: Failed to fetch updates - TelegramNetworkError: HTTP Client says - ClientConnectorDNSError: Cannot connect to host api.telegram.org:443 ssl:default [getaddrinfo failed]
2026-03-19 07:53:30,506 [WARNING] aiogram.dispatcher: Sleep for 5.006038 seconds and try again... (tryings = 15, bot id = 8749354405)
2026-03-19 07:53:45,359 [ERROR] data.orderflow_ws: WS error: timed out during opening handshake — reconnect in 10s
2026-03-19 07:53:47,573 [ERROR] aiogram.dispatcher: Failed to fetch updates - TelegramNetworkError: HTTP Client says - ClientConnectorDNSError: Cannot connect to host api.telegram.org:443 ssl:default [getaddrinfo failed]
2026-03-19 07:53:47,574 [WARNING] aiogram.dispatcher: Sleep for 4.814393 seconds and try again... (tryings = 16, bot id = 8749354405)
2026-03-19 07:53:52,394 [ERROR] aiogram.dispatcher: Failed to fetch updates - TelegramNetworkError: HTTP Client says - ClientConnectorDNSError: Cannot connect to host api.telegram.org:443 ssl:default [getaddrinfo failed]
2026-03-19 07:53:52,395 [WARNING] aiogram.dispatcher: Sleep for 5.082007 seconds and try again... (tryings = 17, bot id = 8749354405)
2026-03-19 07:53:55,369 [ERROR] data.orderflow_ws: WS error: [Errno 11001] getaddrinfo failed — reconnect in 10s
2026-03-19 07:53:57,492 [ERROR] aiogram.dispatcher: Failed to fetch updates - TelegramNetworkError: HTTP Client says - ClientConnectorDNSError: Cannot connect to host api.telegram.org:443 ssl:default [getaddrinfo failed]
2026-03-19 07:53:57,493 [WARNING] aiogram.dispatcher: Sleep for 5.056210 seconds and try again... (tryings = 18, bot id = 8749354405)
2026-03-19 07:54:02,565 [ERROR] aiogram.dispatcher: Failed to fetch updates - TelegramNetworkError: HTTP Client says - ClientConnectorDNSError: Cannot connect to host api.telegram.org:443 ssl:default [getaddrinfo failed]
2026-03-19 07:54:02,566 [WARNING] aiogram.dispatcher: Sleep for 5.073068 seconds and try again... (tryings = 19, bot id = 8749354405)
2026-03-19 07:54:05,378 [ERROR] data.orderflow_ws: WS error: [Errno 11001] getaddrinfo failed — reconnect in 10s
2026-03-19 07:54:07,646 [ERROR] aiogram.dispatcher: Failed to fetch updates - TelegramNetworkError: HTTP Client says - ClientConnectorDNSError: Cannot connect to host api.telegram.org:443 ssl:default [getaddrinfo failed]
2026-03-19 07:54:07,647 [WARNING] aiogram.dispatcher: Sleep for 5.085270 seconds and try again... (tryings = 20, bot id = 8749354405)
2026-03-19 07:54:15,398 [ERROR] data.orderflow_ws: WS error: [Errno 11001] getaddrinfo failed — reconnect in 10s
2026-03-19 07:54:24,778 [ERROR] aiogram.dispatcher: Failed to fetch updates - TelegramNetworkError: HTTP Client says - ClientConnectorDNSError: Cannot connect to host api.telegram.org:443 ssl:default [getaddrinfo failed]
2026-03-19 07:54:24,779 [WARNING] aiogram.dispatcher: Sleep for 4.937234 seconds and try again... (tryings = 21, bot id = 8749354405)
2026-03-19 07:54:25,403 [ERROR] data.orderflow_ws: WS error: [Errno 11001] getaddrinfo failed — reconnect in 10s
2026-03-19 07:54:29,727 [ERROR] aiogram.dispatcher: Failed to fetch updates - TelegramNetworkError: HTTP Client says - ClientConnectorDNSError: Cannot connect to host api.telegram.org:443 ssl:default [getaddrinfo failed]
2026-03-19 07:54:29,728 [WARNING] aiogram.dispatcher: Sleep for 5.136517 seconds and try again... (tryings = 22, bot id = 8749354405)
2026-03-19 07:54:34,871 [ERROR] aiogram.dispatcher: Failed to fetch updates - TelegramNetworkError: HTTP Client says - ClientConnectorDNSError: Cannot connect to host api.telegram.org:443 ssl:default [getaddrinfo failed]
2026-03-19 07:54:34,872 [WARNING] aiogram.dispatcher: Sleep for 5.043990 seconds and try again... (tryings = 23, bot id = 8749354405)
2026-03-19 07:54:35,418 [ERROR] data.orderflow_ws: WS error: [Errno 11001] getaddrinfo failed — reconnect in 10s
2026-03-19 07:54:39,926 [ERROR] aiogram.dispatcher: Failed to fetch updates - TelegramNetworkError: HTTP Client says - ClientConnectorDNSError: Cannot connect to host api.telegram.org:443 ssl:default [getaddrinfo failed]
2026-03-19 07:54:39,927 [WARNING] aiogram.dispatcher: Sleep for 5.105241 seconds and try again... (tryings = 24, bot id = 8749354405)
2026-03-19 07:54:45,039 [ERROR] aiogram.dispatcher: Failed to fetch updates - TelegramNetworkError: HTTP Client says - ClientConnectorDNSError: Cannot connect to host api.telegram.org:443 ssl:default [getaddrinfo failed]
2026-03-19 07:54:45,040 [WARNING] aiogram.dispatcher: Sleep for 5.088805 seconds and try again... (tryings = 25, bot id = 8749354405)
2026-03-19 07:54:45,435 [ERROR] data.orderflow_ws: WS error: [Errno 11001] getaddrinfo failed — reconnect in 10s
2026-03-19 07:54:50,133 [ERROR] aiogram.dispatcher: Failed to fetch updates - TelegramNetworkError: HTTP Client says - ClientConnectorDNSError: Cannot connect to host api.telegram.org:443 ssl:default [getaddrinfo failed]
2026-03-19 07:54:50,135 [WARNING] aiogram.dispatcher: Sleep for 5.060603 seconds and try again... (tryings = 26, bot id = 8749354405)
2026-03-19 07:54:55,204 [ERROR] aiogram.dispatcher: Failed to fetch updates - TelegramNetworkError: HTTP Client says - ClientConnectorDNSError: Cannot connect to host api.telegram.org:443 ssl:default [getaddrinfo failed]
2026-03-19 07:54:55,205 [WARNING] aiogram.dispatcher: Sleep for 5.045503 seconds and try again... (tryings = 27, bot id = 8749354405)
2026-03-19 07:54:55,440 [ERROR] data.orderflow_ws: WS error: [Errno 11001] getaddrinfo failed — reconnect in 10s
2026-03-19 07:55:05,444 [ERROR] data.orderflow_ws: WS error: [Errno 11001] getaddrinfo failed — reconnect in 10s
2026-03-19 07:55:12,306 [ERROR] aiogram.dispatcher: Failed to fetch updates - TelegramNetworkError: HTTP Client says - ClientConnectorDNSError: Cannot connect to host api.telegram.org:443 ssl:default [getaddrinfo failed]
2026-03-19 07:55:12,307 [WARNING] aiogram.dispatcher: Sleep for 4.904059 seconds and try again... (tryings = 28, bot id = 8749354405)
2026-03-19 07:55:15,456 [ERROR] data.orderflow_ws: WS error: [Errno 11001] getaddrinfo failed — reconnect in 10s
2026-03-19 07:55:17,218 [ERROR] aiogram.dispatcher: Failed to fetch updates - TelegramNetworkError: HTTP Client says - ClientConnectorDNSError: Cannot connect to host api.telegram.org:443 ssl:default [getaddrinfo failed]
2026-03-19 07:55:17,219 [WARNING] aiogram.dispatcher: Sleep for 5.056206 seconds and try again... (tryings = 29, bot id = 8749354405)
2026-03-19 07:55:34,356 [ERROR] aiogram.dispatcher: Failed to fetch updates - TelegramNetworkError: HTTP Client says - ClientConnectorDNSError: Cannot connect to host api.telegram.org:443 ssl:default [getaddrinfo failed]
2026-03-19 07:55:34,357 [WARNING] aiogram.dispatcher: Sleep for 5.027039 seconds and try again... (tryings = 30, bot id = 8749354405)
2026-03-19 07:55:35,479 [ERROR] data.orderflow_ws: WS error: timed out during opening handshake — reconnect in 10s
2026-03-19 07:55:39,413 [ERROR] aiogram.dispatcher: Failed to fetch updates - TelegramNetworkError: HTTP Client says - ClientConnectorDNSError: Cannot connect to host api.telegram.org:443 ssl:default [getaddrinfo failed]
2026-03-19 07:55:39,415 [WARNING] aiogram.dispatcher: Sleep for 4.822093 seconds and try again... (tryings = 31, bot id = 8749354405)
2026-03-19 07:55:44,249 [ERROR] aiogram.dispatcher: Failed to fetch updates - TelegramNetworkError: HTTP Client says - ClientConnectorDNSError: Cannot connect to host api.telegram.org:443 ssl:default [getaddrinfo failed]
2026-03-19 07:55:44,250 [WARNING] aiogram.dispatcher: Sleep for 5.091272 seconds and try again... (tryings = 32, bot id = 8749354405)
2026-03-19 07:55:55,518 [ERROR] data.orderflow_ws: WS error: timed out during opening handshake — reconnect in 10s
2026-03-19 07:56:01,416 [ERROR] aiogram.dispatcher: Failed to fetch updates - TelegramNetworkError: HTTP Client says - ClientConnectorDNSError: Cannot connect to host api.telegram.org:443 ssl:default [getaddrinfo failed]
2026-03-19 07:56:01,417 [WARNING] aiogram.dispatcher: Sleep for 4.934843 seconds and try again... (tryings = 33, bot id = 8749354405)
2026-03-19 07:56:05,523 [ERROR] data.orderflow_ws: WS error: [Errno 11001] getaddrinfo failed — reconnect in 10s
2026-03-19 07:56:06,359 [ERROR] aiogram.dispatcher: Failed to fetch updates - TelegramNetworkError: HTTP Client says - ClientConnectorDNSError: Cannot connect to host api.telegram.org:443 ssl:default [getaddrinfo failed]
2026-03-19 07:56:06,360 [WARNING] aiogram.dispatcher: Sleep for 5.074923 seconds and try again... (tryings = 34, bot id = 8749354405)
2026-03-19 07:56:23,497 [ERROR] aiogram.dispatcher: Failed to fetch updates - TelegramNetworkError: HTTP Client says - ClientConnectorDNSError: Cannot connect to host api.telegram.org:443 ssl:default [getaddrinfo failed]
2026-03-19 07:56:23,498 [WARNING] aiogram.dispatcher: Sleep for 5.009399 seconds and try again... (tryings = 35, bot id = 8749354405)
2026-03-19 07:56:25,538 [ERROR] data.orderflow_ws: WS error: timed out during opening handshake — reconnect in 10s
2026-03-19 07:56:28,521 [ERROR] aiogram.dispatcher: Failed to fetch updates - TelegramNetworkError: HTTP Client says - ClientConnectorDNSError: Cannot connect to host api.telegram.org:443 ssl:default [getaddrinfo failed]
2026-03-19 07:56:28,522 [WARNING] aiogram.dispatcher: Sleep for 4.988814 seconds and try again... (tryings = 36, bot id = 8749354405)
2026-03-19 07:56:35,544 [ERROR] data.orderflow_ws: WS error: [Errno 11001] getaddrinfo failed — reconnect in 10s
2026-03-19 07:56:45,566 [ERROR] aiogram.dispatcher: Failed to fetch updates - TelegramNetworkError: HTTP Client says - ClientConnectorDNSError: Cannot connect to host api.telegram.org:443 ssl:default [getaddrinfo failed]
2026-03-19 07:56:45,567 [WARNING] aiogram.dispatcher: Sleep for 5.034864 seconds and try again... (tryings = 37, bot id = 8749354405)
2026-03-19 07:56:45,569 [ERROR] data.orderflow_ws: WS error: [Errno 11001] getaddrinfo failed — reconnect in 10s
2026-03-19 07:56:50,610 [ERROR] aiogram.dispatcher: Failed to fetch updates - TelegramNetworkError: HTTP Client says - ClientConnectorDNSError: Cannot connect to host api.telegram.org:443 ssl:default [getaddrinfo failed]
2026-03-19 07:56:50,612 [WARNING] aiogram.dispatcher: Sleep for 5.066163 seconds and try again... (tryings = 38, bot id = 8749354405)
2026-03-19 07:56:55,581 [ERROR] data.orderflow_ws: WS error: [Errno 11001] getaddrinfo failed — reconnect in 10s
2026-03-19 07:56:55,690 [ERROR] aiogram.dispatcher: Failed to fetch updates - TelegramNetworkError: HTTP Client says - ClientConnectorDNSError: Cannot connect to host api.telegram.org:443 ssl:default [getaddrinfo failed]
2026-03-19 07:56:55,691 [WARNING] aiogram.dispatcher: Sleep for 5.049350 seconds and try again... (tryings = 39, bot id = 8749354405)
2026-03-19 07:57:00,752 [ERROR] aiogram.dispatcher: Failed to fetch updates - TelegramNetworkError: HTTP Client says - ClientConnectorDNSError: Cannot connect to host api.telegram.org:443 ssl:default [getaddrinfo failed]
2026-03-19 07:57:00,753 [WARNING] aiogram.dispatcher: Sleep for 4.854885 seconds and try again... (tryings = 40, bot id = 8749354405)
2026-03-19 07:57:12,796 [ERROR] aiogram.dispatcher: Failed to fetch updates - TelegramNetworkError: HTTP Client says - ClientConnectorDNSError: Cannot connect to host api.telegram.org:443 ssl:default [getaddrinfo failed]
2026-03-19 07:57:12,797 [WARNING] aiogram.dispatcher: Sleep for 5.120447 seconds and try again... (tryings = 41, bot id = 8749354405)
2026-03-19 07:57:15,597 [ERROR] data.orderflow_ws: WS error: timed out during opening handshake — reconnect in 10s
2026-03-19 07:57:17,932 [ERROR] aiogram.dispatcher: Failed to fetch updates - TelegramNetworkError: HTTP Client says - ClientConnectorDNSError: Cannot connect to host api.telegram.org:443 ssl:default [getaddrinfo failed]
2026-03-19 07:57:17,933 [WARNING] aiogram.dispatcher: Sleep for 5.269175 seconds and try again... (tryings = 42, bot id = 8749354405)
2026-03-19 07:57:23,214 [ERROR] aiogram.dispatcher: Failed to fetch updates - TelegramNetworkError: HTTP Client says - ClientConnectorDNSError: Cannot connect to host api.telegram.org:443 ssl:default [getaddrinfo failed]
2026-03-19 07:57:23,215 [WARNING] aiogram.dispatcher: Sleep for 5.050094 seconds and try again... (tryings = 43, bot id = 8749354405)
2026-03-19 07:57:25,608 [ERROR] data.orderflow_ws: WS error: [Errno 11001] getaddrinfo failed — reconnect in 10s
2026-03-19 07:57:28,276 [ERROR] aiogram.dispatcher: Failed to fetch updates - TelegramNetworkError: HTTP Client says - ClientConnectorDNSError: Cannot connect to host api.telegram.org:443 ssl:default [getaddrinfo failed]
2026-03-19 07:57:28,277 [WARNING] aiogram.dispatcher: Sleep for 4.941267 seconds and try again... (tryings = 44, bot id = 8749354405)
2026-03-19 07:57:45,291 [ERROR] aiogram.dispatcher: Failed to fetch updates - TelegramNetworkError: HTTP Client says - ClientConnectorDNSError: Cannot connect to host api.telegram.org:443 ssl:default [getaddrinfo failed]
2026-03-19 07:57:45,292 [WARNING] aiogram.dispatcher: Sleep for 4.950990 seconds and try again... (tryings = 45, bot id = 8749354405)
2026-03-19 07:57:45,620 [ERROR] data.orderflow_ws: WS error: timed out during opening handshake — reconnect in 10s
2026-03-19 07:57:50,262 [ERROR] aiogram.dispatcher: Failed to fetch updates - TelegramNetworkError: HTTP Client says - ClientConnectorDNSError: Cannot connect to host api.telegram.org:443 ssl:default [getaddrinfo failed]
2026-03-19 07:57:50,263 [WARNING] aiogram.dispatcher: Sleep for 5.018582 seconds and try again... (tryings = 46, bot id = 8749354405)
2026-03-19 07:58:05,633 [ERROR] data.orderflow_ws: WS error: timed out during opening handshake — reconnect in 10s
2026-03-19 07:58:07,351 [ERROR] aiogram.dispatcher: Failed to fetch updates - TelegramNetworkError: HTTP Client says - ClientConnectorDNSError: Cannot connect to host api.telegram.org:443 ssl:default [getaddrinfo failed]
2026-03-19 07:58:07,352 [WARNING] aiogram.dispatcher: Sleep for 4.960237 seconds and try again... (tryings = 47, bot id = 8749354405)
2026-03-19 07:58:12,325 [ERROR] aiogram.dispatcher: Failed to fetch updates - TelegramNetworkError: HTTP Client says - ClientConnectorDNSError: Cannot connect to host api.telegram.org:443 ssl:default [getaddrinfo failed]
2026-03-19 07:58:12,326 [WARNING] aiogram.dispatcher: Sleep for 4.974405 seconds and try again... (tryings = 48, bot id = 8749354405)
2026-03-19 07:58:15,656 [ERROR] data.orderflow_ws: WS error: [Errno 11001] getaddrinfo failed — reconnect in 10s
2026-03-19 07:58:17,312 [ERROR] aiogram.dispatcher: Failed to fetch updates - TelegramNetworkError: HTTP Client says - ClientConnectorDNSError: Cannot connect to host api.telegram.org:443 ssl:default [getaddrinfo failed]
2026-03-19 07:58:17,313 [WARNING] aiogram.dispatcher: Sleep for 4.890144 seconds and try again... (tryings = 49, bot id = 8749354405)
2026-03-19 07:58:34,252 [ERROR] aiogram.dispatcher: Failed to fetch updates - TelegramNetworkError: HTTP Client says - ClientConnectorDNSError: Cannot connect to host api.telegram.org:443 ssl:default [getaddrinfo failed]
2026-03-19 07:58:34,253 [WARNING] aiogram.dispatcher: Sleep for 4.917660 seconds and try again... (tryings = 50, bot id = 8749354405)
2026-03-19 07:58:35,671 [ERROR] data.orderflow_ws: WS error: timed out during opening handshake — reconnect in 10s
2026-03-19 07:58:39,179 [ERROR] aiogram.dispatcher: Failed to fetch updates - TelegramNetworkError: HTTP Client says - ClientConnectorDNSError: Cannot connect to host api.telegram.org:443 ssl:default [getaddrinfo failed]
2026-03-19 07:58:39,180 [WARNING] aiogram.dispatcher: Sleep for 4.906929 seconds and try again... (tryings = 51, bot id = 8749354405)
2026-03-19 07:58:45,676 [ERROR] data.orderflow_ws: WS error: [Errno 11001] getaddrinfo failed — reconnect in 10s
2026-03-19 07:58:55,679 [ERROR] data.orderflow_ws: WS error: [Errno 11001] getaddrinfo failed — reconnect in 10s
2026-03-19 07:58:56,143 [ERROR] aiogram.dispatcher: Failed to fetch updates - TelegramNetworkError: HTTP Client says - ClientConnectorDNSError: Cannot connect to host api.telegram.org:443 ssl:default [getaddrinfo failed]
2026-03-19 07:58:56,144 [WARNING] aiogram.dispatcher: Sleep for 5.004894 seconds and try again... (tryings = 52, bot id = 8749354405)
2026-03-19 07:59:05,684 [ERROR] data.orderflow_ws: WS error: [Errno 11001] getaddrinfo failed — reconnect in 10s
2026-03-19 07:59:13,233 [ERROR] aiogram.dispatcher: Failed to fetch updates - TelegramNetworkError: HTTP Client says - ClientConnectorDNSError: Cannot connect to host api.telegram.org:443 ssl:default [getaddrinfo failed]
2026-03-19 07:59:13,234 [WARNING] aiogram.dispatcher: Sleep for 5.191494 seconds and try again... (tryings = 53, bot id = 8749354405)
2026-03-19 07:59:15,700 [ERROR] data.orderflow_ws: WS error: [Errno 11001] getaddrinfo failed — reconnect in 10s
2026-03-19 07:59:18,440 [ERROR] aiogram.dispatcher: Failed to fetch updates - TelegramNetworkError: HTTP Client says - ClientConnectorDNSError: Cannot connect to host api.telegram.org:443 ssl:default [getaddrinfo failed]
2026-03-19 07:59:18,441 [WARNING] aiogram.dispatcher: Sleep for 4.949220 seconds and try again... (tryings = 54, bot id = 8749354405)
2026-03-19 07:59:27,733 [ERROR] data.orderflow_ws: WS error: [Errno 11001] getaddrinfo failed — reconnect in 10s
2026-03-19 07:59:35,439 [ERROR] aiogram.dispatcher: Failed to fetch updates - TelegramNetworkError: HTTP Client says - ClientConnectorDNSError: Cannot connect to host api.telegram.org:443 ssl:default [getaddrinfo failed]
2026-03-19 07:59:35,440 [WARNING] aiogram.dispatcher: Sleep for 4.946597 seconds and try again... (tryings = 55, bot id = 8749354405)
2026-03-19 07:59:37,745 [ERROR] data.orderflow_ws: WS error: [Errno 11001] getaddrinfo failed — reconnect in 10s
2026-03-19 07:59:40,398 [ERROR] aiogram.dispatcher: Failed to fetch updates - TelegramNetworkError: HTTP Client says - ClientConnectorDNSError: Cannot connect to host api.telegram.org:443 ssl:default [getaddrinfo failed]
2026-03-19 07:59:40,399 [WARNING] aiogram.dispatcher: Sleep for 4.933951 seconds and try again... (tryings = 56, bot id = 8749354405)
2026-03-19 07:59:57,392 [ERROR] aiogram.dispatcher: Failed to fetch updates - TelegramNetworkError: HTTP Client says - ClientConnectorDNSError: Cannot connect to host api.telegram.org:443 ssl:default [getaddrinfo failed]
2026-03-19 07:59:57,394 [WARNING] aiogram.dispatcher: Sleep for 4.964274 seconds and try again... (tryings = 57, bot id = 8749354405)
2026-03-19 07:59:57,768 [ERROR] data.orderflow_ws: WS error: timed out during opening handshake — reconnect in 10s
2026-03-19 08:00:02,368 [ERROR] aiogram.dispatcher: Failed to fetch updates - TelegramNetworkError: HTTP Client says - ClientConnectorDNSError: Cannot connect to host api.telegram.org:443 ssl:default [getaddrinfo failed]
2026-03-19 08:00:02,369 [WARNING] aiogram.dispatcher: Sleep for 5.000321 seconds and try again... (tryings = 58, bot id = 8749354405)
2026-03-19 08:00:03,010 [INFO] apscheduler.executors.default: Running job "analysis_cycle (trigger: cron[minute='*/15', second='3'], next run at: 2026-03-19 08:15:03 MSK)" (scheduled at 2026-03-19 08:00:03+03:00)
2026-03-19 08:00:03,011 [INFO] __main__: ── Analysis cycle start ──────────────────
2026-03-19 08:00:07,380 [ERROR] aiogram.dispatcher: Failed to fetch updates - TelegramNetworkError: HTTP Client says - ClientConnectorDNSError: Cannot connect to host api.telegram.org:443 ssl:default [getaddrinfo failed]
2026-03-19 08:00:07,381 [WARNING] aiogram.dispatcher: Sleep for 4.955325 seconds and try again... (tryings = 59, bot id = 8749354405)
2026-03-19 08:00:07,776 [ERROR] data.orderflow_ws: WS error: [Errno 11001] getaddrinfo failed — reconnect in 10s
2026-03-19 08:00:10,050 [ERROR] engine.pipeline: Candle load failed: Binance request failed: Cannot connect to host testnet.binancefuture.com:443 ssl:default [getaddrinfo failed]
2026-03-19 08:00:10,051 [INFO] apscheduler.executors.default: Job "analysis_cycle (trigger: cron[minute='*/15', second='3'], next run at: 2026-03-19 08:15:03 MSK)" executed successfully
2026-03-19 08:00:24,373 [ERROR] aiogram.dispatcher: Failed to fetch updates - TelegramNetworkError: HTTP Client says - ClientConnectorDNSError: Cannot connect to host api.telegram.org:443 ssl:default [getaddrinfo failed]
2026-03-19 08:00:24,374 [WARNING] aiogram.dispatcher: Sleep for 4.901500 seconds and try again... (tryings = 60, bot id = 8749354405)
2026-03-19 08:00:27,794 [ERROR] data.orderflow_ws: WS error: timed out during opening handshake — reconnect in 10s
2026-03-19 08:00:29,291 [ERROR] aiogram.dispatcher: Failed to fetch updates - TelegramNetworkError: HTTP Client says - ClientConnectorDNSError: Cannot connect to host api.telegram.org:443 ssl:default [getaddrinfo failed]
2026-03-19 08:00:29,292 [WARNING] aiogram.dispatcher: Sleep for 4.746111 seconds and try again... (tryings = 61, bot id = 8749354405)
2026-03-19 08:00:34,044 [ERROR] aiogram.dispatcher: Failed to fetch updates - TelegramNetworkError: HTTP Client says - ClientConnectorDNSError: Cannot connect to host api.telegram.org:443 ssl:default [getaddrinfo failed]
2026-03-19 08:00:34,046 [WARNING] aiogram.dispatcher: Sleep for 4.895762 seconds and try again... (tryings = 62, bot id = 8749354405)
2026-03-19 08:00:37,801 [ERROR] data.orderflow_ws: WS error: [Errno 11001] getaddrinfo failed — reconnect in 10s
2026-03-19 08:00:47,820 [ERROR] data.orderflow_ws: WS error: [Errno 11001] getaddrinfo failed — reconnect in 10s
2026-03-19 08:00:50,981 [ERROR] aiogram.dispatcher: Failed to fetch updates - TelegramNetworkError: HTTP Client says - ClientConnectorDNSError: Cannot connect to host api.telegram.org:443 ssl:default [getaddrinfo failed]
2026-03-19 08:00:50,982 [WARNING] aiogram.dispatcher: Sleep for 4.985727 seconds and try again... (tryings = 63, bot id = 8749354405)
2026-03-19 08:00:55,976 [ERROR] aiogram.dispatcher: Failed to fetch updates - TelegramNetworkError: HTTP Client says - ClientConnectorDNSError: Cannot connect to host api.telegram.org:443 ssl:default [getaddrinfo failed]
2026-03-19 08:00:55,977 [WARNING] aiogram.dispatcher: Sleep for 4.877346 seconds and try again... (tryings = 64, bot id = 8749354405)
2026-03-19 08:00:57,825 [ERROR] data.orderflow_ws: WS error: [Errno 11001] getaddrinfo failed — reconnect in 10s
2026-03-19 08:01:00,866 [ERROR] aiogram.dispatcher: Failed to fetch updates - TelegramNetworkError: HTTP Client says - ClientConnectorDNSError: Cannot connect to host api.telegram.org:443 ssl:default [getaddrinfo failed]
2026-03-19 08:01:00,867 [WARNING] aiogram.dispatcher: Sleep for 4.885573 seconds and try again... (tryings = 65, bot id = 8749354405)
2026-03-19 08:01:09,869 [ERROR] data.orderflow_ws: WS error: [Errno 11001] getaddrinfo failed — reconnect in 10s
2026-03-19 08:01:17,806 [ERROR] aiogram.dispatcher: Failed to fetch updates - TelegramNetworkError: HTTP Client says - ClientConnectorDNSError: Cannot connect to host api.telegram.org:443 ssl:default [getaddrinfo failed]
2026-03-19 08:01:17,807 [WARNING] aiogram.dispatcher: Sleep for 5.122666 seconds and try again... (tryings = 66, bot id = 8749354405)
2026-03-19 08:01:19,883 [ERROR] data.orderflow_ws: WS error: [Errno 11001] getaddrinfo failed — reconnect in 10s
2026-03-19 08:01:34,970 [ERROR] aiogram.dispatcher: Failed to fetch updates - TelegramNetworkError: HTTP Client says - ClientConnectorDNSError: Cannot connect to host api.telegram.org:443 ssl:default [getaddrinfo failed]
2026-03-19 08:01:34,971 [WARNING] aiogram.dispatcher: Sleep for 5.037706 seconds and try again... (tryings = 67, bot id = 8749354405)
2026-03-19 08:01:39,887 [ERROR] data.orderflow_ws: WS error: timed out during opening handshake — reconnect in 10s
2026-03-19 08:01:49,903 [ERROR] data.orderflow_ws: WS error: [Errno 11001] getaddrinfo failed — reconnect in 10s
2026-03-19 08:01:52,052 [ERROR] aiogram.dispatcher: Failed to fetch updates - TelegramNetworkError: HTTP Client says - ClientConnectorDNSError: Cannot connect to host api.telegram.org:443 ssl:default [getaddrinfo failed]
2026-03-19 08:01:52,053 [WARNING] aiogram.dispatcher: Sleep for 5.084544 seconds and try again... (tryings = 68, bot id = 8749354405)
2026-03-19 08:01:59,927 [ERROR] data.orderflow_ws: WS error: [Errno 11001] getaddrinfo failed — reconnect in 10s
2026-03-19 08:02:09,184 [ERROR] aiogram.dispatcher: Failed to fetch updates - TelegramNetworkError: HTTP Client says - ClientConnectorDNSError: Cannot connect to host api.telegram.org:443 ssl:default [getaddrinfo failed]
2026-03-19 08:02:09,185 [WARNING] aiogram.dispatcher: Sleep for 5.016803 seconds and try again... (tryings = 69, bot id = 8749354405)
2026-03-19 08:02:09,933 [ERROR] data.orderflow_ws: WS error: [Errno 11001] getaddrinfo failed — reconnect in 10s
2026-03-19 08:02:14,208 [ERROR] aiogram.dispatcher: Failed to fetch updates - TelegramNetworkError: HTTP Client says - ClientConnectorDNSError: Cannot connect to host api.telegram.org:443 ssl:default [getaddrinfo failed]
2026-03-19 08:02:14,209 [WARNING] aiogram.dispatcher: Sleep for 4.902285 seconds and try again... (tryings = 70, bot id = 8749354405)
2026-03-19 08:02:19,130 [ERROR] aiogram.dispatcher: Failed to fetch updates - TelegramNetworkError: HTTP Client says - ClientConnectorDNSError: Cannot connect to host api.telegram.org:443 ssl:default [getaddrinfo failed]
2026-03-19 08:02:19,132 [WARNING] aiogram.dispatcher: Sleep for 4.931565 seconds and try again... (tryings = 71, bot id = 8749354405)
2026-03-19 08:02:19,944 [ERROR] data.orderflow_ws: WS error: [Errno 11001] getaddrinfo failed — reconnect in 10s
2026-03-19 08:02:36,104 [ERROR] aiogram.dispatcher: Failed to fetch updates - TelegramNetworkError: HTTP Client says - ClientConnectorDNSError: Cannot connect to host api.telegram.org:443 ssl:default [getaddrinfo failed]
2026-03-19 08:02:36,105 [WARNING] aiogram.dispatcher: Sleep for 5.176334 seconds and try again... (tryings = 72, bot id = 8749354405)
2026-03-19 08:02:39,954 [ERROR] data.orderflow_ws: WS error: timed out during opening handshake — reconnect in 10s
2026-03-19 08:02:41,297 [ERROR] aiogram.dispatcher: Failed to fetch updates - TelegramNetworkError: HTTP Client says - ClientConnectorDNSError: Cannot connect to host api.telegram.org:443 ssl:default [getaddrinfo failed]
2026-03-19 08:02:41,298 [WARNING] aiogram.dispatcher: Sleep for 5.154254 seconds and try again... (tryings = 73, bot id = 8749354405)
2026-03-19 08:02:46,468 [ERROR] aiogram.dispatcher: Failed to fetch updates - TelegramNetworkError: HTTP Client says - ClientConnectorDNSError: Cannot connect to host api.telegram.org:443 ssl:default [getaddrinfo failed]
2026-03-19 08:02:46,469 [WARNING] aiogram.dispatcher: Sleep for 4.950238 seconds and try again... (tryings = 74, bot id = 8749354405)
2026-03-19 08:02:49,969 [ERROR] data.orderflow_ws: WS error: [Errno 11001] getaddrinfo failed — reconnect in 10s
2026-03-19 08:02:51,434 [ERROR] aiogram.dispatcher: Failed to fetch updates - TelegramNetworkError: HTTP Client says - ClientConnectorDNSError: Cannot connect to host api.telegram.org:443 ssl:default [getaddrinfo failed]
2026-03-19 08:02:51,435 [WARNING] aiogram.dispatcher: Sleep for 5.025650 seconds and try again... (tryings = 75, bot id = 8749354405)
2026-03-19 08:02:56,473 [ERROR] aiogram.dispatcher: Failed to fetch updates - TelegramNetworkError: HTTP Client says - ClientConnectorDNSError: Cannot connect to host api.telegram.org:443 ssl:default [getaddrinfo failed]
2026-03-19 08:02:56,475 [WARNING] aiogram.dispatcher: Sleep for 4.927316 seconds and try again... (tryings = 76, bot id = 8749354405)
2026-03-19 08:03:09,992 [ERROR] data.orderflow_ws: WS error: timed out during opening handshake — reconnect in 10s
2026-03-19 08:03:13,452 [ERROR] aiogram.dispatcher: Failed to fetch updates - TelegramNetworkError: HTTP Client says - ClientConnectorDNSError: Cannot connect to host api.telegram.org:443 ssl:default [getaddrinfo failed]
2026-03-19 08:03:13,453 [WARNING] aiogram.dispatcher: Sleep for 4.993559 seconds and try again... (tryings = 77, bot id = 8749354405)
2026-03-19 08:03:18,459 [ERROR] aiogram.dispatcher: Failed to fetch updates - TelegramNetworkError: HTTP Client says - ClientConnectorDNSError: Cannot connect to host api.telegram.org:443 ssl:default [getaddrinfo failed]
2026-03-19 08:03:18,460 [WARNING] aiogram.dispatcher: Sleep for 5.050642 seconds and try again... (tryings = 78, bot id = 8749354405)
2026-03-19 08:03:19,999 [ERROR] data.orderflow_ws: WS error: [Errno 11001] getaddrinfo failed — reconnect in 10s
2026-03-19 08:03:30,010 [ERROR] data.orderflow_ws: WS error: [Errno 11001] getaddrinfo failed — reconnect in 10s
2026-03-19 08:03:35,563 [ERROR] aiogram.dispatcher: Failed to fetch updates - TelegramNetworkError: HTTP Client says - ClientConnectorDNSError: Cannot connect to host api.telegram.org:443 ssl:default [getaddrinfo failed]
2026-03-19 08:03:35,565 [WARNING] aiogram.dispatcher: Sleep for 5.031861 seconds and try again... (tryings = 79, bot id = 8749354405)
2026-03-19 08:03:40,026 [ERROR] data.orderflow_ws: WS error: [Errno 11001] getaddrinfo failed — reconnect in 10s
2026-03-19 08:03:40,610 [ERROR] aiogram.dispatcher: Failed to fetch updates - TelegramNetworkError: HTTP Client says - ClientConnectorDNSError: Cannot connect to host api.telegram.org:443 ssl:default [getaddrinfo failed]
2026-03-19 08:03:40,611 [WARNING] aiogram.dispatcher: Sleep for 4.971230 seconds and try again... (tryings = 80, bot id = 8749354405)
2026-03-19 08:03:45,598 [ERROR] aiogram.dispatcher: Failed to fetch updates - TelegramNetworkError: HTTP Client says - ClientConnectorDNSError: Cannot connect to host api.telegram.org:443 ssl:default [getaddrinfo failed]
2026-03-19 08:03:45,599 [WARNING] aiogram.dispatcher: Sleep for 4.959125 seconds and try again... (tryings = 81, bot id = 8749354405)
2026-03-19 08:03:50,035 [ERROR] data.orderflow_ws: WS error: [Errno 11001] getaddrinfo failed — reconnect in 10s
2026-03-19 08:03:50,564 [ERROR] aiogram.dispatcher: Failed to fetch updates - TelegramNetworkError: HTTP Client says - ClientConnectorDNSError: Cannot connect to host api.telegram.org:443 ssl:default [getaddrinfo failed]
2026-03-19 08:03:50,565 [WARNING] aiogram.dispatcher: Sleep for 4.859303 seconds and try again... (tryings = 82, bot id = 8749354405)
2026-03-19 08:03:55,430 [ERROR] aiogram.dispatcher: Failed to fetch updates - TelegramNetworkError: HTTP Client says - ClientConnectorDNSError: Cannot connect to host api.telegram.org:443 ssl:default [getaddrinfo failed]
2026-03-19 08:03:55,431 [WARNING] aiogram.dispatcher: Sleep for 4.919474 seconds and try again... (tryings = 83, bot id = 8749354405)
2026-03-19 08:04:07,499 [ERROR] aiogram.dispatcher: Failed to fetch updates - TelegramNetworkError: HTTP Client says - ClientConnectorDNSError: Cannot connect to host api.telegram.org:443 ssl:default [getaddrinfo failed]
2026-03-19 08:04:07,500 [WARNING] aiogram.dispatcher: Sleep for 4.983943 seconds and try again... (tryings = 84, bot id = 8749354405)
2026-03-19 08:04:10,057 [ERROR] data.orderflow_ws: WS error: timed out during opening handshake — reconnect in 10s
2026-03-19 08:04:12,498 [ERROR] aiogram.dispatcher: Failed to fetch updates - TelegramNetworkError: HTTP Client says - ClientConnectorDNSError: Cannot connect to host api.telegram.org:443 ssl:default [getaddrinfo failed]
2026-03-19 08:04:12,499 [WARNING] aiogram.dispatcher: Sleep for 4.828245 seconds and try again... (tryings = 85, bot id = 8749354405)
2026-03-19 08:04:17,339 [ERROR] aiogram.dispatcher: Failed to fetch updates - TelegramNetworkError: HTTP Client says - ClientConnectorDNSError: Cannot connect to host api.telegram.org:443 ssl:default [getaddrinfo failed]
2026-03-19 08:04:17,340 [WARNING] aiogram.dispatcher: Sleep for 4.832117 seconds and try again... (tryings = 86, bot id = 8749354405)
2026-03-19 08:04:20,066 [ERROR] data.orderflow_ws: WS error: [Errno 11001] getaddrinfo failed — reconnect in 10s
2026-03-19 08:04:22,188 [ERROR] aiogram.dispatcher: Failed to fetch updates - TelegramNetworkError: HTTP Client says - ClientConnectorDNSError: Cannot connect to host api.telegram.org:443 ssl:default [getaddrinfo failed]
2026-03-19 08:04:22,189 [WARNING] aiogram.dispatcher: Sleep for 4.930897 seconds and try again... (tryings = 87, bot id = 8749354405)
2026-03-19 08:04:32,110 [ERROR] data.orderflow_ws: WS error: [Errno 11001] getaddrinfo failed — reconnect in 10s
2026-03-19 08:04:39,170 [ERROR] aiogram.dispatcher: Failed to fetch updates - TelegramNetworkError: HTTP Client says - ClientConnectorDNSError: Cannot connect to host api.telegram.org:443 ssl:default [getaddrinfo failed]
2026-03-19 08:04:39,171 [WARNING] aiogram.dispatcher: Sleep for 4.929445 seconds and try again... (tryings = 88, bot id = 8749354405)
2026-03-19 08:04:42,116 [ERROR] data.orderflow_ws: WS error: [Errno 11001] getaddrinfo failed — reconnect in 10s
2026-03-19 08:04:44,115 [ERROR] aiogram.dispatcher: Failed to fetch updates - TelegramNetworkError: HTTP Client says - ClientConnectorDNSError: Cannot connect to host api.telegram.org:443 ssl:default [getaddrinfo failed]
2026-03-19 08:04:44,116 [WARNING] aiogram.dispatcher: Sleep for 5.095735 seconds and try again... (tryings = 89, bot id = 8749354405)
2026-03-19 08:05:01,269 [ERROR] aiogram.dispatcher: Failed to fetch updates - TelegramNetworkError: HTTP Client says - ClientConnectorDNSError: Cannot connect to host api.telegram.org:443 ssl:default [getaddrinfo failed]
2026-03-19 08:05:01,270 [WARNING] aiogram.dispatcher: Sleep for 5.012455 seconds and try again... (tryings = 90, bot id = 8749354405)
2026-03-19 08:05:02,141 [ERROR] data.orderflow_ws: WS error: timed out during opening handshake — reconnect in 10s
2026-03-19 08:05:06,294 [ERROR] aiogram.dispatcher: Failed to fetch updates - TelegramNetworkError: HTTP Client says - ClientConnectorDNSError: Cannot connect to host api.telegram.org:443 ssl:default [getaddrinfo failed]
2026-03-19 08:05:06,295 [WARNING] aiogram.dispatcher: Sleep for 4.982710 seconds and try again... (tryings = 91, bot id = 8749354405)
2026-03-19 08:05:11,285 [ERROR] aiogram.dispatcher: Failed to fetch updates - TelegramNetworkError: HTTP Client says - ClientConnectorDNSError: Cannot connect to host api.telegram.org:443 ssl:default [getaddrinfo failed]
2026-03-19 08:05:11,286 [WARNING] aiogram.dispatcher: Sleep for 4.850705 seconds and try again... (tryings = 92, bot id = 8749354405)
2026-03-19 08:05:16,142 [ERROR] aiogram.dispatcher: Failed to fetch updates - TelegramNetworkError: HTTP Client says - ClientConnectorDNSError: Cannot connect to host api.telegram.org:443 ssl:default [getaddrinfo failed]
2026-03-19 08:05:16,143 [WARNING] aiogram.dispatcher: Sleep for 5.108702 seconds and try again... (tryings = 93, bot id = 8749354405)
2026-03-19 08:05:21,266 [ERROR] aiogram.dispatcher: Failed to fetch updates - TelegramNetworkError: HTTP Client says - ClientConnectorDNSError: Cannot connect to host api.telegram.org:443 ssl:default [getaddrinfo failed]
2026-03-19 08:05:21,267 [WARNING] aiogram.dispatcher: Sleep for 4.894640 seconds and try again... (tryings = 94, bot id = 8749354405)
2026-03-19 08:05:22,158 [ERROR] data.orderflow_ws: WS error: timed out during opening handshake — reconnect in 10s
2026-03-19 08:05:26,166 [ERROR] aiogram.dispatcher: Failed to fetch updates - TelegramNetworkError: HTTP Client says - ClientConnectorDNSError: Cannot connect to host api.telegram.org:443 ssl:default [getaddrinfo failed]
2026-03-19 08:05:26,167 [WARNING] aiogram.dispatcher: Sleep for 4.964466 seconds and try again... (tryings = 95, bot id = 8749354405)
2026-03-19 08:05:31,145 [ERROR] aiogram.dispatcher: Failed to fetch updates - TelegramNetworkError: HTTP Client says - ClientConnectorDNSError: Cannot connect to host api.telegram.org:443 ssl:default [getaddrinfo failed]
2026-03-19 08:05:31,147 [WARNING] aiogram.dispatcher: Sleep for 4.869264 seconds and try again... (tryings = 96, bot id = 8749354405)
2026-03-19 08:05:32,170 [ERROR] data.orderflow_ws: WS error: [Errno 11001] getaddrinfo failed — reconnect in 10s
2026-03-19 08:05:36,037 [ERROR] aiogram.dispatcher: Failed to fetch updates - TelegramNetworkError: HTTP Client says - ClientConnectorDNSError: Cannot connect to host api.telegram.org:443 ssl:default [getaddrinfo failed]
2026-03-19 08:05:36,038 [WARNING] aiogram.dispatcher: Sleep for 5.093968 seconds and try again... (tryings = 97, bot id = 8749354405)
2026-03-19 08:05:44,209 [ERROR] data.orderflow_ws: WS error: [Errno 11001] getaddrinfo failed — reconnect in 10s
2026-03-19 08:05:53,195 [ERROR] aiogram.dispatcher: Failed to fetch updates - TelegramNetworkError: HTTP Client says - ClientConnectorDNSError: Cannot connect to host api.telegram.org:443 ssl:default [getaddrinfo failed]
2026-03-19 08:05:53,196 [WARNING] aiogram.dispatcher: Sleep for 4.948036 seconds and try again... (tryings = 98, bot id = 8749354405)
2026-03-19 08:05:54,227 [ERROR] data.orderflow_ws: WS error: [Errno 11001] getaddrinfo failed — reconnect in 10s
2026-03-19 08:05:58,151 [ERROR] aiogram.dispatcher: Failed to fetch updates - TelegramNetworkError: HTTP Client says - ClientConnectorDNSError: Cannot connect to host api.telegram.org:443 ssl:default [getaddrinfo failed]
2026-03-19 08:05:58,152 [WARNING] aiogram.dispatcher: Sleep for 5.058584 seconds and try again... (tryings = 99, bot id = 8749354405)
2026-03-19 08:06:03,223 [ERROR] aiogram.dispatcher: Failed to fetch updates - TelegramNetworkError: HTTP Client says - ClientConnectorDNSError: Cannot connect to host api.telegram.org:443 ssl:default [getaddrinfo failed]
2026-03-19 08:06:03,224 [WARNING] aiogram.dispatcher: Sleep for 5.052148 seconds and try again... (tryings = 100, bot id = 8749354405)
2026-03-19 08:06:14,251 [ERROR] data.orderflow_ws: WS error: timed out during opening handshake — reconnect in 10s
2026-03-19 08:06:20,339 [ERROR] aiogram.dispatcher: Failed to fetch updates - TelegramNetworkError: HTTP Client says - ClientConnectorDNSError: Cannot connect to host api.telegram.org:443 ssl:default [getaddrinfo failed]
2026-03-19 08:06:20,340 [WARNING] aiogram.dispatcher: Sleep for 5.065414 seconds and try again... (tryings = 101, bot id = 8749354405)
2026-03-19 08:06:24,262 [ERROR] data.orderflow_ws: WS error: [Errno 11001] getaddrinfo failed — reconnect in 10s
2026-03-19 08:06:25,423 [ERROR] aiogram.dispatcher: Failed to fetch updates - TelegramNetworkError: HTTP Client says - ClientConnectorDNSError: Cannot connect to host api.telegram.org:443 ssl:default [getaddrinfo failed]
2026-03-19 08:06:25,424 [WARNING] aiogram.dispatcher: Sleep for 4.908632 seconds and try again... (tryings = 102, bot id = 8749354405)
2026-03-19 08:06:42,392 [ERROR] aiogram.dispatcher: Failed to fetch updates - TelegramNetworkError: HTTP Client says - ClientConnectorDNSError: Cannot connect to host api.telegram.org:443 ssl:default [getaddrinfo failed]
2026-03-19 08:06:42,394 [WARNING] aiogram.dispatcher: Sleep for 4.972156 seconds and try again... (tryings = 103, bot id = 8749354405)
2026-03-19 08:06:44,269 [ERROR] data.orderflow_ws: WS error: timed out during opening handshake — reconnect in 10s
2026-03-19 08:06:47,398 [ERROR] aiogram.dispatcher: Failed to fetch updates - TelegramNetworkError: HTTP Client says - ClientConnectorDNSError: Cannot connect to host api.telegram.org:443 ssl:default [getaddrinfo failed]
2026-03-19 08:06:47,399 [WARNING] aiogram.dispatcher: Sleep for 4.916191 seconds and try again... (tryings = 104, bot id = 8749354405)
2026-03-19 08:06:52,329 [ERROR] aiogram.dispatcher: Failed to fetch updates - TelegramNetworkError: HTTP Client says - ClientConnectorDNSError: Cannot connect to host api.telegram.org:443 ssl:default [getaddrinfo failed]
2026-03-19 08:06:52,330 [WARNING] aiogram.dispatcher: Sleep for 4.976352 seconds and try again... (tryings = 105, bot id = 8749354405)
2026-03-19 08:07:04,280 [ERROR] data.orderflow_ws: WS error: timed out during opening handshake — reconnect in 10s
2026-03-19 08:07:09,358 [ERROR] aiogram.dispatcher: Failed to fetch updates - TelegramNetworkError: HTTP Client says - ClientConnectorDNSError: Cannot connect to host api.telegram.org:443 ssl:default [getaddrinfo failed]
2026-03-19 08:07:09,359 [WARNING] aiogram.dispatcher: Sleep for 4.979647 seconds and try again... (tryings = 106, bot id = 8749354405)
2026-03-19 08:07:14,289 [ERROR] data.orderflow_ws: WS error: [Errno 11001] getaddrinfo failed — reconnect in 10s
2026-03-19 08:07:14,350 [ERROR] aiogram.dispatcher: Failed to fetch updates - TelegramNetworkError: HTTP Client says - ClientConnectorDNSError: Cannot connect to host api.telegram.org:443 ssl:default [getaddrinfo failed]
2026-03-19 08:07:14,351 [WARNING] aiogram.dispatcher: Sleep for 5.049494 seconds and try again... (tryings = 107, bot id = 8749354405)
2026-03-19 08:07:19,415 [ERROR] aiogram.dispatcher: Failed to fetch updates - TelegramNetworkError: HTTP Client says - ClientConnectorDNSError: Cannot connect to host api.telegram.org:443 ssl:default [getaddrinfo failed]
2026-03-19 08:07:19,416 [WARNING] aiogram.dispatcher: Sleep for 4.963768 seconds and try again... (tryings = 108, bot id = 8749354405)
2026-03-19 08:07:34,304 [ERROR] data.orderflow_ws: WS error: timed out during opening handshake — reconnect in 10s
2026-03-19 08:07:36,426 [ERROR] aiogram.dispatcher: Failed to fetch updates - TelegramNetworkError: HTTP Client says - ClientConnectorDNSError: Cannot connect to host api.telegram.org:443 ssl:default [getaddrinfo failed]
2026-03-19 08:07:36,427 [WARNING] aiogram.dispatcher: Sleep for 4.946159 seconds and try again... (tryings = 109, bot id = 8749354405)
2026-03-19 08:07:41,381 [ERROR] aiogram.dispatcher: Failed to fetch updates - TelegramNetworkError: HTTP Client says - ClientConnectorDNSError: Cannot connect to host api.telegram.org:443 ssl:default [getaddrinfo failed]
2026-03-19 08:07:41,382 [WARNING] aiogram.dispatcher: Sleep for 5.029426 seconds and try again... (tryings = 110, bot id = 8749354405)
2026-03-19 08:07:54,320 [ERROR] data.orderflow_ws: WS error: timed out during opening handshake — reconnect in 10s
2026-03-19 08:07:58,486 [ERROR] aiogram.dispatcher: Failed to fetch updates - TelegramNetworkError: HTTP Client says - ClientConnectorDNSError: Cannot connect to host api.telegram.org:443 ssl:default [getaddrinfo failed]
2026-03-19 08:07:58,487 [WARNING] aiogram.dispatcher: Sleep for 5.203123 seconds and try again... (tryings = 111, bot id = 8749354405)
2026-03-19 08:08:03,704 [ERROR] aiogram.dispatcher: Failed to fetch updates - TelegramNetworkError: HTTP Client says - ClientConnectorDNSError: Cannot connect to host api.telegram.org:443 ssl:default [getaddrinfo failed]
2026-03-19 08:08:03,705 [WARNING] aiogram.dispatcher: Sleep for 4.868262 seconds and try again... (tryings = 112, bot id = 8749354405)
2026-03-19 08:08:04,337 [ERROR] data.orderflow_ws: WS error: [Errno 11001] getaddrinfo failed — reconnect in 10s
2026-03-19 08:08:20,610 [ERROR] aiogram.dispatcher: Failed to fetch updates - TelegramNetworkError: HTTP Client says - ClientConnectorDNSError: Cannot connect to host api.telegram.org:443 ssl:default [getaddrinfo failed]
2026-03-19 08:08:20,611 [WARNING] aiogram.dispatcher: Sleep for 5.082112 seconds and try again... (tryings = 113, bot id = 8749354405)
2026-03-19 08:08:24,358 [ERROR] data.orderflow_ws: WS error: timed out during opening handshake — reconnect in 10s
2026-03-19 08:08:25,697 [ERROR] aiogram.dispatcher: Failed to fetch updates - TelegramNetworkError: HTTP Client says - ClientConnectorDNSError: Cannot connect to host api.telegram.org:443 ssl:default [getaddrinfo failed]
2026-03-19 08:08:25,699 [WARNING] aiogram.dispatcher: Sleep for 5.042200 seconds and try again... (tryings = 114, bot id = 8749354405)
2026-03-19 08:08:30,745 [ERROR] aiogram.dispatcher: Failed to fetch updates - TelegramNetworkError: HTTP Client says - ClientConnectorDNSError: Cannot connect to host api.telegram.org:443 ssl:default [getaddrinfo failed]
2026-03-19 08:08:30,747 [WARNING] aiogram.dispatcher: Sleep for 5.035322 seconds and try again... (tryings = 115, bot id = 8749354405)
2026-03-19 08:08:44,373 [ERROR] data.orderflow_ws: WS error: timed out during opening handshake — reconnect in 10s
2026-03-19 08:08:47,854 [ERROR] aiogram.dispatcher: Failed to fetch updates - TelegramNetworkError: HTTP Client says - ClientConnectorDNSError: Cannot connect to host api.telegram.org:443 ssl:default [getaddrinfo failed]
2026-03-19 08:08:47,855 [WARNING] aiogram.dispatcher: Sleep for 4.972220 seconds and try again... (tryings = 116, bot id = 8749354405)
2026-03-19 08:08:52,843 [ERROR] aiogram.dispatcher: Failed to fetch updates - TelegramNetworkError: HTTP Client says - ClientConnectorDNSError: Cannot connect to host api.telegram.org:443 ssl:default [getaddrinfo failed]
2026-03-19 08:08:52,844 [WARNING] aiogram.dispatcher: Sleep for 4.938475 seconds and try again... (tryings = 117, bot id = 8749354405)
2026-03-19 08:08:54,383 [ERROR] data.orderflow_ws: WS error: [Errno 11001] getaddrinfo failed — reconnect in 10s
2026-03-19 08:08:57,799 [ERROR] aiogram.dispatcher: Failed to fetch updates - TelegramNetworkError: HTTP Client says - ClientConnectorDNSError: Cannot connect to host api.telegram.org:443 ssl:default [getaddrinfo failed]
2026-03-19 08:08:57,800 [WARNING] aiogram.dispatcher: Sleep for 5.012716 seconds and try again... (tryings = 118, bot id = 8749354405)
2026-03-19 08:09:14,404 [ERROR] data.orderflow_ws: WS error: timed out during opening handshake — reconnect in 10s
2026-03-19 08:09:14,859 [ERROR] aiogram.dispatcher: Failed to fetch updates - TelegramNetworkError: HTTP Client says - ClientConnectorDNSError: Cannot connect to host api.telegram.org:443 ssl:default [getaddrinfo failed]
2026-03-19 08:09:14,860 [WARNING] aiogram.dispatcher: Sleep for 5.095871 seconds and try again... (tryings = 119, bot id = 8749354405)
2026-03-19 08:09:19,974 [ERROR] aiogram.dispatcher: Failed to fetch updates - TelegramNetworkError: HTTP Client says - ClientConnectorDNSError: Cannot connect to host api.telegram.org:443 ssl:default [getaddrinfo failed]
2026-03-19 08:09:19,975 [WARNING] aiogram.dispatcher: Sleep for 5.006532 seconds and try again... (tryings = 120, bot id = 8749354405)
2026-03-19 08:09:24,416 [ERROR] data.orderflow_ws: WS error: [Errno 11001] getaddrinfo failed — reconnect in 10s
2026-03-19 08:09:24,988 [ERROR] aiogram.dispatcher: Failed to fetch updates - TelegramNetworkError: HTTP Client says - ClientConnectorDNSError: Cannot connect to host api.telegram.org:443 ssl:default [getaddrinfo failed]
2026-03-19 08:09:24,989 [WARNING] aiogram.dispatcher: Sleep for 4.930524 seconds and try again... (tryings = 121, bot id = 8749354405)
2026-03-19 08:09:29,934 [ERROR] aiogram.dispatcher: Failed to fetch updates - TelegramNetworkError: HTTP Client says - ClientConnectorDNSError: Cannot connect to host api.telegram.org:443 ssl:default [getaddrinfo failed]
2026-03-19 08:09:29,935 [WARNING] aiogram.dispatcher: Sleep for 4.891309 seconds and try again... (tryings = 122, bot id = 8749354405)
2026-03-19 08:09:34,432 [ERROR] data.orderflow_ws: WS error: [Errno 11001] getaddrinfo failed — reconnect in 10s
2026-03-19 08:09:34,832 [ERROR] aiogram.dispatcher: Failed to fetch updates - TelegramNetworkError: HTTP Client says - ClientConnectorDNSError: Cannot connect to host api.telegram.org:443 ssl:default [getaddrinfo failed]
2026-03-19 08:09:34,833 [WARNING] aiogram.dispatcher: Sleep for 5.083433 seconds and try again... (tryings = 123, bot id = 8749354405)
2026-03-19 08:09:41,965 [ERROR] aiogram.dispatcher: Failed to fetch updates - TelegramNetworkError: HTTP Client says - ClientConnectorDNSError: Cannot connect to host api.telegram.org:443 ssl:default [getaddrinfo failed]
2026-03-19 08:09:41,966 [WARNING] aiogram.dispatcher: Sleep for 4.852504 seconds and try again... (tryings = 124, bot id = 8749354405)
2026-03-19 08:09:44,436 [ERROR] data.orderflow_ws: WS error: [Errno 11001] getaddrinfo failed — reconnect in 10s
2026-03-19 08:09:46,832 [ERROR] aiogram.dispatcher: Failed to fetch updates - TelegramNetworkError: HTTP Client says - ClientConnectorDNSError: Cannot connect to host api.telegram.org:443 ssl:default [getaddrinfo failed]
2026-03-19 08:09:46,833 [WARNING] aiogram.dispatcher: Sleep for 5.026380 seconds and try again... (tryings = 125, bot id = 8749354405)
2026-03-19 08:09:51,867 [ERROR] aiogram.dispatcher: Failed to fetch updates - TelegramNetworkError: HTTP Client says - ClientConnectorDNSError: Cannot connect to host api.telegram.org:443 ssl:default [getaddrinfo failed]
2026-03-19 08:09:51,868 [WARNING] aiogram.dispatcher: Sleep for 5.074967 seconds and try again... (tryings = 126, bot id = 8749354405)
2026-03-19 08:09:54,458 [ERROR] data.orderflow_ws: WS error: [Errno 11001] getaddrinfo failed — reconnect in 10s
2026-03-19 08:09:56,952 [ERROR] aiogram.dispatcher: Failed to fetch updates - TelegramNetworkError: HTTP Client says - ClientConnectorDNSError: Cannot connect to host api.telegram.org:443 ssl:default [getaddrinfo failed]
2026-03-19 08:09:56,953 [WARNING] aiogram.dispatcher: Sleep for 5.074572 seconds and try again... (tryings = 127, bot id = 8749354405)
2026-03-19 08:10:14,090 [ERROR] aiogram.dispatcher: Failed to fetch updates - TelegramNetworkError: HTTP Client says - ClientConnectorDNSError: Cannot connect to host api.telegram.org:443 ssl:default [getaddrinfo failed]
2026-03-19 08:10:14,091 [WARNING] aiogram.dispatcher: Sleep for 4.997100 seconds and try again... (tryings = 128, bot id = 8749354405)
2026-03-19 08:10:14,477 [ERROR] data.orderflow_ws: WS error: timed out during opening handshake — reconnect in 10s
2026-03-19 08:10:19,101 [ERROR] aiogram.dispatcher: Failed to fetch updates - TelegramNetworkError: HTTP Client says - ClientConnectorDNSError: Cannot connect to host api.telegram.org:443 ssl:default [getaddrinfo failed]
2026-03-19 08:10:19,102 [WARNING] aiogram.dispatcher: Sleep for 5.042758 seconds and try again... (tryings = 129, bot id = 8749354405)
2026-03-19 08:10:24,158 [ERROR] aiogram.dispatcher: Failed to fetch updates - TelegramNetworkError: HTTP Client says - ClientConnectorDNSError: Cannot connect to host api.telegram.org:443 ssl:default [getaddrinfo failed]
2026-03-19 08:10:24,159 [WARNING] aiogram.dispatcher: Sleep for 4.903091 seconds and try again... (tryings = 130, bot id = 8749354405)
2026-03-19 08:10:24,492 [ERROR] data.orderflow_ws: WS error: [Errno 11001] getaddrinfo failed — reconnect in 10s
2026-03-19 08:10:34,500 [ERROR] data.orderflow_ws: WS error: [Errno 11001] getaddrinfo failed — reconnect in 10s
2026-03-19 08:10:41,120 [ERROR] aiogram.dispatcher: Failed to fetch updates - TelegramNetworkError: HTTP Client says - ClientConnectorDNSError: Cannot connect to host api.telegram.org:443 ssl:default [getaddrinfo failed]
2026-03-19 08:10:41,121 [WARNING] aiogram.dispatcher: Sleep for 4.918159 seconds and try again... (tryings = 131, bot id = 8749354405)
2026-03-19 08:10:44,503 [ERROR] data.orderflow_ws: WS error: [Errno 11001] getaddrinfo failed — reconnect in 10s
2026-03-19 08:10:46,047 [ERROR] aiogram.dispatcher: Failed to fetch updates - TelegramNetworkError: HTTP Client says - ClientConnectorDNSError: Cannot connect to host api.telegram.org:443 ssl:default [getaddrinfo failed]
2026-03-19 08:10:46,048 [WARNING] aiogram.dispatcher: Sleep for 5.159179 seconds and try again... (tryings = 132, bot id = 8749354405)
2026-03-19 08:10:51,210 [ERROR] aiogram.dispatcher: Failed to fetch updates - TelegramNetworkError: HTTP Client says - ClientConnectorDNSError: Cannot connect to host api.telegram.org:443 ssl:default [getaddrinfo failed]
2026-03-19 08:10:51,211 [WARNING] aiogram.dispatcher: Sleep for 4.929777 seconds and try again... (tryings = 133, bot id = 8749354405)
2026-03-19 08:11:04,523 [ERROR] data.orderflow_ws: WS error: timed out during opening handshake — reconnect in 10s
2026-03-19 08:11:08,191 [ERROR] aiogram.dispatcher: Failed to fetch updates - TelegramNetworkError: HTTP Client says - ClientConnectorDNSError: Cannot connect to host api.telegram.org:443 ssl:default [getaddrinfo failed]
2026-03-19 08:11:08,193 [WARNING] aiogram.dispatcher: Sleep for 5.085591 seconds and try again... (tryings = 134, bot id = 8749354405)
2026-03-19 08:11:13,297 [ERROR] aiogram.dispatcher: Failed to fetch updates - TelegramNetworkError: HTTP Client says - ClientConnectorDNSError: Cannot connect to host api.telegram.org:443 ssl:default [getaddrinfo failed]
2026-03-19 08:11:13,299 [WARNING] aiogram.dispatcher: Sleep for 5.126607 seconds and try again... (tryings = 135, bot id = 8749354405)
2026-03-19 08:11:14,528 [ERROR] data.orderflow_ws: WS error: [Errno 11001] getaddrinfo failed — reconnect in 10s
2026-03-19 08:11:24,537 [ERROR] data.orderflow_ws: WS error: [Errno 11001] getaddrinfo failed — reconnect in 10s
2026-03-19 08:11:30,482 [ERROR] aiogram.dispatcher: Failed to fetch updates - TelegramNetworkError: HTTP Client says - ClientConnectorDNSError: Cannot connect to host api.telegram.org:443 ssl:default [getaddrinfo failed]
2026-03-19 08:11:30,483 [WARNING] aiogram.dispatcher: Sleep for 5.023672 seconds and try again... (tryings = 136, bot id = 8749354405)
2026-03-19 08:11:34,552 [ERROR] data.orderflow_ws: WS error: [Errno 11001] getaddrinfo failed — reconnect in 10s
2026-03-19 08:11:35,514 [ERROR] aiogram.dispatcher: Failed to fetch updates - TelegramNetworkError: HTTP Client says - ClientConnectorDNSError: Cannot connect to host api.telegram.org:443 ssl:default [getaddrinfo failed]
2026-03-19 08:11:35,515 [WARNING] aiogram.dispatcher: Sleep for 4.998288 seconds and try again... (tryings = 137, bot id = 8749354405)
2026-03-19 08:11:40,517 [ERROR] aiogram.dispatcher: Failed to fetch updates - TelegramNetworkError: HTTP Client says - ClientConnectorDNSError: Cannot connect to host api.telegram.org:443 ssl:default [getaddrinfo failed]
2026-03-19 08:11:40,518 [WARNING] aiogram.dispatcher: Sleep for 4.977864 seconds and try again... (tryings = 138, bot id = 8749354405)
2026-03-19 08:11:44,560 [ERROR] data.orderflow_ws: WS error: [Errno 11001] getaddrinfo failed — reconnect in 10s
2026-03-19 08:11:45,516 [ERROR] aiogram.dispatcher: Failed to fetch updates - TelegramNetworkError: HTTP Client says - ClientConnectorDNSError: Cannot connect to host api.telegram.org:443 ssl:default [getaddrinfo failed]
2026-03-19 08:11:45,517 [WARNING] aiogram.dispatcher: Sleep for 4.955098 seconds and try again... (tryings = 139, bot id = 8749354405)
2026-03-19 08:11:50,482 [ERROR] aiogram.dispatcher: Failed to fetch updates - TelegramNetworkError: HTTP Client says - ClientConnectorDNSError: Cannot connect to host api.telegram.org:443 ssl:default [getaddrinfo failed]
2026-03-19 08:11:50,483 [WARNING] aiogram.dispatcher: Sleep for 4.894138 seconds and try again... (tryings = 140, bot id = 8749354405)
2026-03-19 08:12:04,590 [ERROR] data.orderflow_ws: WS error: timed out during opening handshake — reconnect in 10s
2026-03-19 08:12:07,418 [ERROR] aiogram.dispatcher: Failed to fetch updates - TelegramNetworkError: HTTP Client says - ClientConnectorDNSError: Cannot connect to host api.telegram.org:443 ssl:default [getaddrinfo failed]
2026-03-19 08:12:07,419 [WARNING] aiogram.dispatcher: Sleep for 4.889784 seconds and try again... (tryings = 141, bot id = 8749354405)
2026-03-19 08:12:12,337 [ERROR] aiogram.dispatcher: Failed to fetch updates - TelegramNetworkError: HTTP Client says - ClientConnectorDNSError: Cannot connect to host api.telegram.org:443 ssl:default [getaddrinfo failed]
2026-03-19 08:12:12,338 [WARNING] aiogram.dispatcher: Sleep for 4.908303 seconds and try again... (tryings = 142, bot id = 8749354405)
2026-03-19 08:12:14,593 [ERROR] data.orderflow_ws: WS error: [Errno 11001] getaddrinfo failed — reconnect in 10s
2026-03-19 08:12:17,262 [ERROR] aiogram.dispatcher: Failed to fetch updates - TelegramNetworkError: HTTP Client says - ClientConnectorDNSError: Cannot connect to host api.telegram.org:443 ssl:default [getaddrinfo failed]
2026-03-19 08:12:17,264 [WARNING] aiogram.dispatcher: Sleep for 4.893600 seconds and try again... (tryings = 143, bot id = 8749354405)
2026-03-19 08:12:34,200 [ERROR] aiogram.dispatcher: Failed to fetch updates - TelegramNetworkError: HTTP Client says - ClientConnectorDNSError: Cannot connect to host api.telegram.org:443 ssl:default [getaddrinfo failed]
2026-03-19 08:12:34,202 [WARNING] aiogram.dispatcher: Sleep for 4.882747 seconds and try again... (tryings = 144, bot id = 8749354405)
2026-03-19 08:12:34,613 [ERROR] data.orderflow_ws: WS error: timed out during opening handshake — reconnect in 10s
2026-03-19 08:12:39,099 [ERROR] aiogram.dispatcher: Failed to fetch updates - TelegramNetworkError: HTTP Client says - ClientConnectorDNSError: Cannot connect to host api.telegram.org:443 ssl:default [getaddrinfo failed]
2026-03-19 08:12:39,101 [WARNING] aiogram.dispatcher: Sleep for 5.111922 seconds and try again... (tryings = 145, bot id = 8749354405)
2026-03-19 08:12:51,157 [ERROR] aiogram.dispatcher: Failed to fetch updates - TelegramNetworkError: HTTP Client says - ClientConnectorDNSError: Cannot connect to host api.telegram.org:443 ssl:default [getaddrinfo failed]
2026-03-19 08:12:51,158 [WARNING] aiogram.dispatcher: Sleep for 4.983401 seconds and try again... (tryings = 146, bot id = 8749354405)
2026-03-19 08:12:54,633 [ERROR] data.orderflow_ws: WS error: timed out during opening handshake — reconnect in 10s
2026-03-19 08:12:56,150 [ERROR] aiogram.dispatcher: Failed to fetch updates - TelegramNetworkError: HTTP Client says - ClientConnectorDNSError: Cannot connect to host api.telegram.org:443 ssl:default [getaddrinfo failed]
2026-03-19 08:12:56,152 [WARNING] aiogram.dispatcher: Sleep for 4.911617 seconds and try again... (tryings = 147, bot id = 8749354405)
2026-03-19 08:13:01,073 [ERROR] aiogram.dispatcher: Failed to fetch updates - TelegramNetworkError: HTTP Client says - ClientConnectorDNSError: Cannot connect to host api.telegram.org:443 ssl:default [getaddrinfo failed]
2026-03-19 08:13:01,074 [WARNING] aiogram.dispatcher: Sleep for 5.031890 seconds and try again... (tryings = 148, bot id = 8749354405)
2026-03-19 08:13:04,642 [ERROR] data.orderflow_ws: WS error: [Errno 11001] getaddrinfo failed — reconnect in 10s
2026-03-19 08:13:06,115 [ERROR] aiogram.dispatcher: Failed to fetch updates - TelegramNetworkError: HTTP Client says - ClientConnectorDNSError: Cannot connect to host api.telegram.org:443 ssl:default [getaddrinfo failed]
2026-03-19 08:13:06,116 [WARNING] aiogram.dispatcher: Sleep for 5.202579 seconds and try again... (tryings = 149, bot id = 8749354405)
2026-03-19 08:13:16,678 [ERROR] data.orderflow_ws: WS error: [Errno 11001] getaddrinfo failed — reconnect in 10s
2026-03-19 08:13:23,361 [ERROR] aiogram.dispatcher: Failed to fetch updates - TelegramNetworkError: HTTP Client says - ClientConnectorDNSError: Cannot connect to host api.telegram.org:443 ssl:default [getaddrinfo failed]
2026-03-19 08:13:23,362 [WARNING] aiogram.dispatcher: Sleep for 5.117816 seconds and try again... (tryings = 150, bot id = 8749354405)
2026-03-19 08:13:26,692 [ERROR] data.orderflow_ws: WS error: [Errno 11001] getaddrinfo failed — reconnect in 10s
2026-03-19 08:13:40,530 [ERROR] aiogram.dispatcher: Failed to fetch updates - TelegramNetworkError: HTTP Client says - ClientConnectorDNSError: Cannot connect to host api.telegram.org:443 ssl:default [getaddrinfo failed]
2026-03-19 08:13:40,531 [WARNING] aiogram.dispatcher: Sleep for 4.937535 seconds and try again... (tryings = 151, bot id = 8749354405)
2026-03-19 08:13:45,476 [ERROR] aiogram.dispatcher: Failed to fetch updates - TelegramNetworkError: HTTP Client says - ClientConnectorDNSError: Cannot connect to host api.telegram.org:443 ssl:default [getaddrinfo failed]
2026-03-19 08:13:45,477 [WARNING] aiogram.dispatcher: Sleep for 4.848334 seconds and try again... (tryings = 152, bot id = 8749354405)
2026-03-19 08:13:46,723 [ERROR] data.orderflow_ws: WS error: timed out during opening handshake — reconnect in 10s
2026-03-19 08:13:50,340 [ERROR] aiogram.dispatcher: Failed to fetch updates - TelegramNetworkError: HTTP Client says - ClientConnectorDNSError: Cannot connect to host api.telegram.org:443 ssl:default [getaddrinfo failed]
2026-03-19 08:13:50,341 [WARNING] aiogram.dispatcher: Sleep for 5.001382 seconds and try again... (tryings = 153, bot id = 8749354405)
2026-03-19 08:13:55,348 [ERROR] aiogram.dispatcher: Failed to fetch updates - TelegramNetworkError: HTTP Client says - ClientConnectorDNSError: Cannot connect to host api.telegram.org:443 ssl:default [getaddrinfo failed]
2026-03-19 08:13:55,349 [WARNING] aiogram.dispatcher: Sleep for 4.922279 seconds and try again... (tryings = 154, bot id = 8749354405)
2026-03-19 08:13:56,731 [ERROR] data.orderflow_ws: WS error: [Errno 11001] getaddrinfo failed — reconnect in 10s
2026-03-19 08:14:06,740 [ERROR] data.orderflow_ws: WS error: [Errno 11001] getaddrinfo failed — reconnect in 10s
2026-03-19 08:14:12,329 [ERROR] aiogram.dispatcher: Failed to fetch updates - TelegramNetworkError: HTTP Client says - ClientConnectorDNSError: Cannot connect to host api.telegram.org:443 ssl:default [getaddrinfo failed]
2026-03-19 08:14:12,330 [WARNING] aiogram.dispatcher: Sleep for 5.022370 seconds and try again... (tryings = 155, bot id = 8749354405)
2026-03-19 08:14:16,755 [ERROR] data.orderflow_ws: WS error: [Errno 11001] getaddrinfo failed — reconnect in 10s
2026-03-19 08:14:17,367 [ERROR] aiogram.dispatcher: Failed to fetch updates - TelegramNetworkError: HTTP Client says - ClientConnectorDNSError: Cannot connect to host api.telegram.org:443 ssl:default [getaddrinfo failed]
2026-03-19 08:14:17,368 [WARNING] aiogram.dispatcher: Sleep for 4.971075 seconds and try again... (tryings = 156, bot id = 8749354405)
2026-03-19 08:14:22,354 [ERROR] aiogram.dispatcher: Failed to fetch updates - TelegramNetworkError: HTTP Client says - ClientConnectorDNSError: Cannot connect to host api.telegram.org:443 ssl:default [getaddrinfo failed]
2026-03-19 08:14:22,355 [WARNING] aiogram.dispatcher: Sleep for 5.074584 seconds and try again... (tryings = 157, bot id = 8749354405)
2026-03-19 08:14:26,760 [ERROR] data.orderflow_ws: WS error: [Errno 11001] getaddrinfo failed — reconnect in 10s
2026-03-19 08:14:27,435 [ERROR] aiogram.dispatcher: Failed to fetch updates - TelegramNetworkError: HTTP Client says - ClientConnectorDNSError: Cannot connect to host api.telegram.org:443 ssl:default [getaddrinfo failed]
2026-03-19 08:14:27,436 [WARNING] aiogram.dispatcher: Sleep for 5.011562 seconds and try again... (tryings = 158, bot id = 8749354405)
2026-03-19 08:14:32,457 [ERROR] aiogram.dispatcher: Failed to fetch updates - TelegramNetworkError: HTTP Client says - ClientConnectorDNSError: Cannot connect to host api.telegram.org:443 ssl:default [getaddrinfo failed]
2026-03-19 08:14:32,458 [WARNING] aiogram.dispatcher: Sleep for 5.147836 seconds and try again... (tryings = 159, bot id = 8749354405)
2026-03-19 08:14:46,791 [ERROR] data.orderflow_ws: WS error: timed out during opening handshake — reconnect in 10s
2026-03-19 08:14:49,658 [ERROR] aiogram.dispatcher: Failed to fetch updates - TelegramNetworkError: HTTP Client says - ClientConnectorDNSError: Cannot connect to host api.telegram.org:443 ssl:default [getaddrinfo failed]
2026-03-19 08:14:49,659 [WARNING] aiogram.dispatcher: Sleep for 5.010549 seconds and try again... (tryings = 160, bot id = 8749354405)
2026-03-19 08:14:54,681 [ERROR] aiogram.dispatcher: Failed to fetch updates - TelegramNetworkError: HTTP Client says - ClientConnectorDNSError: Cannot connect to host api.telegram.org:443 ssl:default [getaddrinfo failed]
2026-03-19 08:14:54,682 [WARNING] aiogram.dispatcher: Sleep for 4.951049 seconds and try again... (tryings = 161, bot id = 8749354405)
2026-03-19 08:14:56,809 [ERROR] data.orderflow_ws: WS error: [Errno 11001] getaddrinfo failed — reconnect in 10s
2026-03-19 08:14:59,652 [ERROR] aiogram.dispatcher: Failed to fetch updates - TelegramNetworkError: HTTP Client says - ClientConnectorDNSError: Cannot connect to host api.telegram.org:443 ssl:default [getaddrinfo failed]
2026-03-19 08:14:59,653 [WARNING] aiogram.dispatcher: Sleep for 5.103610 seconds and try again... (tryings = 162, bot id = 8749354405)
2026-03-19 08:15:03,016 [INFO] apscheduler.executors.default: Running job "analysis_cycle (trigger: cron[minute='*/15', second='3'], next run at: 2026-03-19 08:30:03 MSK)" (scheduled at 2026-03-19 08:15:03+03:00)
2026-03-19 08:15:03,018 [INFO] __main__: ── Analysis cycle start ──────────────────
2026-03-19 08:15:13,295 [ERROR] engine.pipeline: Candle load failed: 
2026-03-19 08:15:13,296 [INFO] apscheduler.executors.default: Job "analysis_cycle (trigger: cron[minute='*/15', second='3'], next run at: 2026-03-19 08:30:03 MSK)" executed successfully
2026-03-19 08:15:15,055 [ERROR] asyncio: gaierror exception in shielded future
future: <Task finished name='Task-205' coro=<TCPConnector._resolve_host_with_throttle() done, defined at C:\Users\89118\AppData\Roaming\Python\Python314\site-packages\aiohttp\connector.py:1188> exception=gaierror(11001, 'getaddrinfo failed')>
Traceback (most recent call last):
  File "C:\Users\89118\AppData\Roaming\Python\Python314\site-packages\aiohttp\connector.py", line 1209, in _resolve_host_with_throttle
    addrs = await self._resolver.resolve(host, port, family=self._family)
            ^^^^^^^^^^^^^^^^^^^^^^^^^^^^^^^^^^^^^^^^^^^^^^^^^^^^^^^^^^^^^
  File "C:\Users\89118\AppData\Roaming\Python\Python314\site-packages\aiohttp\resolver.py", line 40, in resolve
    infos = await self._loop.getaddrinfo(
            ^^^^^^^^^^^^^^^^^^^^^^^^^^^^^
    ...<5 lines>...
    )
    ^
  File "C:\Python314\Lib\asyncio\base_events.py", line 936, in getaddrinfo
    return await self.run_in_executor(
           ^^^^^^^^^^^^^^^^^^^^^^^^^^^
        None, getaddr_func, host, port, family, type, proto, flags)
        ^^^^^^^^^^^^^^^^^^^^^^^^^^^^^^^^^^^^^^^^^^^^^^^^^^^^^^^^^^^
  File "C:\Python314\Lib\concurrent\futures\thread.py", line 86, in run
    result = ctx.run(self.task)
  File "C:\Python314\Lib\concurrent\futures\thread.py", line 73, in run
    return fn(*args, **kwargs)
  File "C:\Python314\Lib\socket.py", line 983, in getaddrinfo
    for res in _socket.getaddrinfo(host, port, family, type, proto, flags):
               ~~~~~~~~~~~~~~~~~~~^^^^^^^^^^^^^^^^^^^^^^^^^^^^^^^^^^^^^^^^
socket.gaierror: [Errno 11001] getaddrinfo failed
2026-03-19 08:15:16,812 [ERROR] aiogram.dispatcher: Failed to fetch updates - TelegramNetworkError: HTTP Client says - ClientConnectorDNSError: Cannot connect to host api.telegram.org:443 ssl:default [getaddrinfo failed]
2026-03-19 08:15:16,813 [WARNING] aiogram.dispatcher: Sleep for 4.959850 seconds and try again... (tryings = 163, bot id = 8749354405)
2026-03-19 08:15:16,826 [ERROR] data.orderflow_ws: WS error: timed out during opening handshake — reconnect in 10s
2026-03-19 08:15:21,790 [ERROR] aiogram.dispatcher: Failed to fetch updates - TelegramNetworkError: HTTP Client says - ClientConnectorDNSError: Cannot connect to host api.telegram.org:443 ssl:default [getaddrinfo failed]
2026-03-19 08:15:21,791 [WARNING] aiogram.dispatcher: Sleep for 4.950950 seconds and try again... (tryings = 164, bot id = 8749354405)
2026-03-19 08:15:26,753 [ERROR] aiogram.dispatcher: Failed to fetch updates - TelegramNetworkError: HTTP Client says - ClientConnectorDNSError: Cannot connect to host api.telegram.org:443 ssl:default [getaddrinfo failed]
2026-03-19 08:15:26,754 [WARNING] aiogram.dispatcher: Sleep for 5.024795 seconds and try again... (tryings = 165, bot id = 8749354405)
2026-03-19 08:15:26,838 [ERROR] data.orderflow_ws: WS error: [Errno 11001] getaddrinfo failed — reconnect in 10s
2026-03-19 08:15:33,833 [ERROR] aiogram.dispatcher: Failed to fetch updates - TelegramNetworkError: HTTP Client says - ClientConnectorDNSError: Cannot connect to host api.telegram.org:443 ssl:default [getaddrinfo failed]
2026-03-19 08:15:33,834 [WARNING] aiogram.dispatcher: Sleep for 5.109230 seconds and try again... (tryings = 166, bot id = 8749354405)
2026-03-19 08:15:36,845 [ERROR] data.orderflow_ws: WS error: [Errno 11001] getaddrinfo failed — reconnect in 10s
2026-03-19 08:15:46,851 [ERROR] data.orderflow_ws: WS error: [Errno 11001] getaddrinfo failed — reconnect in 10s
2026-03-19 08:15:50,984 [ERROR] aiogram.dispatcher: Failed to fetch updates - TelegramNetworkError: HTTP Client says - ClientConnectorDNSError: Cannot connect to host api.telegram.org:443 ssl:default [getaddrinfo failed]
2026-03-19 08:15:50,985 [WARNING] aiogram.dispatcher: Sleep for 5.042737 seconds and try again... (tryings = 167, bot id = 8749354405)
2026-03-19 08:15:56,039 [ERROR] aiogram.dispatcher: Failed to fetch updates - TelegramNetworkError: HTTP Client says - ClientConnectorDNSError: Cannot connect to host api.telegram.org:443 ssl:default [getaddrinfo failed]
2026-03-19 08:15:56,040 [WARNING] aiogram.dispatcher: Sleep for 4.963027 seconds and try again... (tryings = 168, bot id = 8749354405)
2026-03-19 08:15:56,870 [ERROR] data.orderflow_ws: WS error: [Errno 11001] getaddrinfo failed — reconnect in 10s
2026-03-19 08:16:01,008 [ERROR] aiogram.dispatcher: Failed to fetch updates - TelegramNetworkError: HTTP Client says - ClientConnectorDNSError: Cannot connect to host api.telegram.org:443 ssl:default [getaddrinfo failed]
2026-03-19 08:16:01,009 [WARNING] aiogram.dispatcher: Sleep for 4.919641 seconds and try again... (tryings = 169, bot id = 8749354405)
2026-03-19 08:16:16,890 [ERROR] data.orderflow_ws: WS error: timed out during opening handshake — reconnect in 10s
2026-03-19 08:16:18,005 [ERROR] aiogram.dispatcher: Failed to fetch updates - TelegramNetworkError: HTTP Client says - ClientConnectorDNSError: Cannot connect to host api.telegram.org:443 ssl:default [getaddrinfo failed]
2026-03-19 08:16:18,006 [WARNING] aiogram.dispatcher: Sleep for 5.195717 seconds and try again... (tryings = 170, bot id = 8749354405)
2026-03-19 08:16:23,214 [ERROR] aiogram.dispatcher: Failed to fetch updates - TelegramNetworkError: HTTP Client says - ClientConnectorDNSError: Cannot connect to host api.telegram.org:443 ssl:default [getaddrinfo failed]
2026-03-19 08:16:23,215 [WARNING] aiogram.dispatcher: Sleep for 5.042796 seconds and try again... (tryings = 171, bot id = 8749354405)
2026-03-19 08:16:26,896 [ERROR] data.orderflow_ws: WS error: [Errno 11001] getaddrinfo failed — reconnect in 10s
2026-03-19 08:16:28,271 [ERROR] aiogram.dispatcher: Failed to fetch updates - TelegramNetworkError: HTTP Client says - ClientConnectorDNSError: Cannot connect to host api.telegram.org:443 ssl:default [getaddrinfo failed]
2026-03-19 08:16:28,272 [WARNING] aiogram.dispatcher: Sleep for 4.835870 seconds and try again... (tryings = 172, bot id = 8749354405)
2026-03-19 08:16:36,909 [ERROR] data.orderflow_ws: WS error: [Errno 11001] getaddrinfo failed — reconnect in 10s
2026-03-19 08:16:45,201 [ERROR] aiogram.dispatcher: Failed to fetch updates - TelegramNetworkError: HTTP Client says - ClientConnectorDNSError: Cannot connect to host api.telegram.org:443 ssl:default [getaddrinfo failed]
2026-03-19 08:16:45,202 [WARNING] aiogram.dispatcher: Sleep for 5.080160 seconds and try again... (tryings = 173, bot id = 8749354405)
2026-03-19 08:16:46,914 [ERROR] data.orderflow_ws: WS error: [Errno 11001] getaddrinfo failed — reconnect in 10s
2026-03-19 08:16:50,287 [ERROR] aiogram.dispatcher: Failed to fetch updates - TelegramNetworkError: HTTP Client says - ClientConnectorDNSError: Cannot connect to host api.telegram.org:443 ssl:default [getaddrinfo failed]
2026-03-19 08:16:50,288 [WARNING] aiogram.dispatcher: Sleep for 5.019937 seconds and try again... (tryings = 174, bot id = 8749354405)
2026-03-19 08:17:06,928 [ERROR] data.orderflow_ws: WS error: timed out during opening handshake — reconnect in 10s
2026-03-19 08:17:07,362 [ERROR] aiogram.dispatcher: Failed to fetch updates - TelegramNetworkError: HTTP Client says - ClientConnectorDNSError: Cannot connect to host api.telegram.org:443 ssl:default [getaddrinfo failed]
2026-03-19 08:17:07,363 [WARNING] aiogram.dispatcher: Sleep for 5.035256 seconds and try again... (tryings = 175, bot id = 8749354405)
2026-03-19 08:17:12,415 [ERROR] aiogram.dispatcher: Failed to fetch updates - TelegramNetworkError: HTTP Client says - ClientConnectorDNSError: Cannot connect to host api.telegram.org:443 ssl:default [getaddrinfo failed]
2026-03-19 08:17:12,416 [WARNING] aiogram.dispatcher: Sleep for 4.974121 seconds and try again... (tryings = 176, bot id = 8749354405)
2026-03-19 08:17:16,935 [ERROR] data.orderflow_ws: WS error: [Errno 11001] getaddrinfo failed — reconnect in 10s
2026-03-19 08:17:17,399 [ERROR] aiogram.dispatcher: Failed to fetch updates - TelegramNetworkError: HTTP Client says - ClientConnectorDNSError: Cannot connect to host api.telegram.org:443 ssl:default [getaddrinfo failed]
2026-03-19 08:17:17,400 [WARNING] aiogram.dispatcher: Sleep for 5.153456 seconds and try again... (tryings = 177, bot id = 8749354405)
2026-03-19 08:17:22,570 [ERROR] aiogram.dispatcher: Failed to fetch updates - TelegramNetworkError: HTTP Client says - ClientConnectorDNSError: Cannot connect to host api.telegram.org:443 ssl:default [getaddrinfo failed]
2026-03-19 08:17:22,572 [WARNING] aiogram.dispatcher: Sleep for 4.995442 seconds and try again... (tryings = 178, bot id = 8749354405)
2026-03-19 08:17:26,942 [ERROR] data.orderflow_ws: WS error: [Errno 11001] getaddrinfo failed — reconnect in 10s
2026-03-19 08:17:27,574 [ERROR] aiogram.dispatcher: Failed to fetch updates - TelegramNetworkError: HTTP Client says - ClientConnectorDNSError: Cannot connect to host api.telegram.org:443 ssl:default [getaddrinfo failed]
2026-03-19 08:17:27,575 [WARNING] aiogram.dispatcher: Sleep for 5.031819 seconds and try again... (tryings = 179, bot id = 8749354405)
2026-03-19 08:17:36,946 [ERROR] data.orderflow_ws: WS error: [Errno 11001] getaddrinfo failed — reconnect in 10s
2026-03-19 08:17:44,651 [ERROR] aiogram.dispatcher: Failed to fetch updates - TelegramNetworkError: HTTP Client says - ClientConnectorDNSError: Cannot connect to host api.telegram.org:443 ssl:default [getaddrinfo failed]
2026-03-19 08:17:44,652 [WARNING] aiogram.dispatcher: Sleep for 5.041421 seconds and try again... (tryings = 180, bot id = 8749354405)
2026-03-19 08:17:46,957 [ERROR] data.orderflow_ws: WS error: [Errno 11001] getaddrinfo failed — reconnect in 10s
2026-03-19 08:17:56,965 [ERROR] data.orderflow_ws: WS error: [Errno 11001] getaddrinfo failed — reconnect in 10s
2026-03-19 08:18:01,736 [ERROR] aiogram.dispatcher: Failed to fetch updates - TelegramNetworkError: HTTP Client says - ClientConnectorDNSError: Cannot connect to host api.telegram.org:443 ssl:default [getaddrinfo failed]
2026-03-19 08:18:01,737 [WARNING] aiogram.dispatcher: Sleep for 4.924560 seconds and try again... (tryings = 181, bot id = 8749354405)
2026-03-19 08:18:06,667 [ERROR] aiogram.dispatcher: Failed to fetch updates - TelegramNetworkError: HTTP Client says - ClientConnectorDNSError: Cannot connect to host api.telegram.org:443 ssl:default [getaddrinfo failed]
2026-03-19 08:18:06,668 [WARNING] aiogram.dispatcher: Sleep for 4.983230 seconds and try again... (tryings = 182, bot id = 8749354405)
2026-03-19 08:18:06,973 [ERROR] data.orderflow_ws: WS error: [Errno 11001] getaddrinfo failed — reconnect in 10s
2026-03-19 08:18:11,667 [ERROR] aiogram.dispatcher: Failed to fetch updates - TelegramNetworkError: HTTP Client says - ClientConnectorDNSError: Cannot connect to host api.telegram.org:443 ssl:default [getaddrinfo failed]
2026-03-19 08:18:11,669 [WARNING] aiogram.dispatcher: Sleep for 4.979491 seconds and try again... (tryings = 183, bot id = 8749354405)
2026-03-19 08:18:27,005 [ERROR] data.orderflow_ws: WS error: timed out during opening handshake — reconnect in 10s
2026-03-19 08:18:28,697 [ERROR] aiogram.dispatcher: Failed to fetch updates - TelegramNetworkError: HTTP Client says - ClientConnectorDNSError: Cannot connect to host api.telegram.org:443 ssl:default [getaddrinfo failed]
2026-03-19 08:18:28,698 [WARNING] aiogram.dispatcher: Sleep for 5.004824 seconds and try again... (tryings = 184, bot id = 8749354405)
2026-03-19 08:18:33,715 [ERROR] aiogram.dispatcher: Failed to fetch updates - TelegramNetworkError: HTTP Client says - ClientConnectorDNSError: Cannot connect to host api.telegram.org:443 ssl:default [getaddrinfo failed]
2026-03-19 08:18:33,716 [WARNING] aiogram.dispatcher: Sleep for 5.095785 seconds and try again... (tryings = 185, bot id = 8749354405)
2026-03-19 08:18:37,010 [ERROR] data.orderflow_ws: WS error: [Errno 11001] getaddrinfo failed — reconnect in 10s
2026-03-19 08:18:47,021 [ERROR] data.orderflow_ws: WS error: [Errno 11001] getaddrinfo failed — reconnect in 10s
2026-03-19 08:18:50,863 [ERROR] aiogram.dispatcher: Failed to fetch updates - TelegramNetworkError: HTTP Client says - ClientConnectorDNSError: Cannot connect to host api.telegram.org:443 ssl:default [getaddrinfo failed]
2026-03-19 08:18:50,864 [WARNING] aiogram.dispatcher: Sleep for 4.880496 seconds and try again... (tryings = 186, bot id = 8749354405)
2026-03-19 08:18:55,761 [ERROR] aiogram.dispatcher: Failed to fetch updates - TelegramNetworkError: HTTP Client says - ClientConnectorDNSError: Cannot connect to host api.telegram.org:443 ssl:default [getaddrinfo failed]
2026-03-19 08:18:55,762 [WARNING] aiogram.dispatcher: Sleep for 5.020358 seconds and try again... (tryings = 187, bot id = 8749354405)
2026-03-19 08:18:57,030 [ERROR] data.orderflow_ws: WS error: [Errno 11001] getaddrinfo failed — reconnect in 10s
2026-03-19 08:19:00,799 [ERROR] aiogram.dispatcher: Failed to fetch updates - TelegramNetworkError: HTTP Client says - ClientConnectorDNSError: Cannot connect to host api.telegram.org:443 ssl:default [getaddrinfo failed]
2026-03-19 08:19:00,800 [WARNING] aiogram.dispatcher: Sleep for 5.090543 seconds and try again... (tryings = 188, bot id = 8749354405)
2026-03-19 08:19:17,050 [ERROR] data.orderflow_ws: WS error: timed out during opening handshake — reconnect in 10s
2026-03-19 08:19:17,944 [ERROR] aiogram.dispatcher: Failed to fetch updates - TelegramNetworkError: HTTP Client says - ClientConnectorDNSError: Cannot connect to host api.telegram.org:443 ssl:default [getaddrinfo failed]
2026-03-19 08:19:17,945 [WARNING] aiogram.dispatcher: Sleep for 5.155376 seconds and try again... (tryings = 189, bot id = 8749354405)
2026-03-19 08:19:23,117 [ERROR] aiogram.dispatcher: Failed to fetch updates - TelegramNetworkError: HTTP Client says - ClientConnectorDNSError: Cannot connect to host api.telegram.org:443 ssl:default [getaddrinfo failed]
2026-03-19 08:19:23,118 [WARNING] aiogram.dispatcher: Sleep for 5.139417 seconds and try again... (tryings = 190, bot id = 8749354405)
2026-03-19 08:19:27,068 [ERROR] data.orderflow_ws: WS error: [Errno 11001] getaddrinfo failed — reconnect in 10s
2026-03-19 08:19:28,271 [ERROR] aiogram.dispatcher: Failed to fetch updates - TelegramNetworkError: HTTP Client says - ClientConnectorDNSError: Cannot connect to host api.telegram.org:443 ssl:default [getaddrinfo failed]
2026-03-19 08:19:28,272 [WARNING] aiogram.dispatcher: Sleep for 4.977191 seconds and try again... (tryings = 191, bot id = 8749354405)
2026-03-19 08:19:37,074 [ERROR] data.orderflow_ws: WS error: [Errno 11001] getaddrinfo failed — reconnect in 10s
2026-03-19 08:19:45,308 [ERROR] aiogram.dispatcher: Failed to fetch updates - TelegramNetworkError: HTTP Client says - ClientConnectorDNSError: Cannot connect to host api.telegram.org:443 ssl:default [getaddrinfo failed]
2026-03-19 08:19:45,309 [WARNING] aiogram.dispatcher: Sleep for 5.037177 seconds and try again... (tryings = 192, bot id = 8749354405)
2026-03-19 08:19:47,078 [ERROR] data.orderflow_ws: WS error: [Errno 11001] getaddrinfo failed — reconnect in 10s
2026-03-19 08:19:50,351 [ERROR] aiogram.dispatcher: Failed to fetch updates - TelegramNetworkError: HTTP Client says - ClientConnectorDNSError: Cannot connect to host api.telegram.org:443 ssl:default [getaddrinfo failed]
2026-03-19 08:19:50,352 [WARNING] aiogram.dispatcher: Sleep for 4.911606 seconds and try again... (tryings = 193, bot id = 8749354405)
2026-03-19 08:19:57,089 [ERROR] data.orderflow_ws: WS error: [Errno 11001] getaddrinfo failed — reconnect in 10s
2026-03-19 08:20:07,106 [ERROR] data.orderflow_ws: WS error: [Errno 11001] getaddrinfo failed — reconnect in 10s
2026-03-19 08:20:07,332 [ERROR] aiogram.dispatcher: Failed to fetch updates - TelegramNetworkError: HTTP Client says - ClientConnectorDNSError: Cannot connect to host api.telegram.org:443 ssl:default [getaddrinfo failed]
2026-03-19 08:20:07,333 [WARNING] aiogram.dispatcher: Sleep for 4.953222 seconds and try again... (tryings = 194, bot id = 8749354405)
2026-03-19 08:20:12,294 [ERROR] aiogram.dispatcher: Failed to fetch updates - TelegramNetworkError: HTTP Client says - ClientConnectorDNSError: Cannot connect to host api.telegram.org:443 ssl:default [getaddrinfo failed]
2026-03-19 08:20:12,295 [WARNING] aiogram.dispatcher: Sleep for 5.133959 seconds and try again... (tryings = 195, bot id = 8749354405)
2026-03-19 08:20:17,114 [ERROR] data.orderflow_ws: WS error: [Errno 11001] getaddrinfo failed — reconnect in 10s
2026-03-19 08:20:17,437 [ERROR] aiogram.dispatcher: Failed to fetch updates - TelegramNetworkError: HTTP Client says - ClientConnectorDNSError: Cannot connect to host api.telegram.org:443 ssl:default [getaddrinfo failed]
2026-03-19 08:20:17,439 [WARNING] aiogram.dispatcher: Sleep for 4.965467 seconds and try again... (tryings = 196, bot id = 8749354405)
2026-03-19 08:20:27,129 [ERROR] data.orderflow_ws: WS error: [Errno 11001] getaddrinfo failed — reconnect in 10s
2026-03-19 08:20:34,469 [ERROR] aiogram.dispatcher: Failed to fetch updates - TelegramNetworkError: HTTP Client says - ClientConnectorDNSError: Cannot connect to host api.telegram.org:443 ssl:default [getaddrinfo failed]
2026-03-19 08:20:34,470 [WARNING] aiogram.dispatcher: Sleep for 5.093651 seconds and try again... (tryings = 197, bot id = 8749354405)
2026-03-19 08:20:37,133 [ERROR] data.orderflow_ws: WS error: [Errno 11001] getaddrinfo failed — reconnect in 10s
2026-03-19 08:20:39,576 [ERROR] aiogram.dispatcher: Failed to fetch updates - TelegramNetworkError: HTTP Client says - ClientConnectorDNSError: Cannot connect to host api.telegram.org:443 ssl:default [getaddrinfo failed]
2026-03-19 08:20:39,577 [WARNING] aiogram.dispatcher: Sleep for 4.866892 seconds and try again... (tryings = 198, bot id = 8749354405)
2026-03-19 08:20:56,493 [ERROR] aiogram.dispatcher: Failed to fetch updates - TelegramNetworkError: HTTP Client says - ClientConnectorDNSError: Cannot connect to host api.telegram.org:443 ssl:default [getaddrinfo failed]
2026-03-19 08:20:56,494 [WARNING] aiogram.dispatcher: Sleep for 4.981672 seconds and try again... (tryings = 199, bot id = 8749354405)
2026-03-19 08:20:57,167 [ERROR] data.orderflow_ws: WS error: timed out during opening handshake — reconnect in 10s
2026-03-19 08:21:01,492 [ERROR] aiogram.dispatcher: Failed to fetch updates - TelegramNetworkError: HTTP Client says - ClientConnectorDNSError: Cannot connect to host api.telegram.org:443 ssl:default [getaddrinfo failed]
2026-03-19 08:21:01,493 [WARNING] aiogram.dispatcher: Sleep for 5.058045 seconds and try again... (tryings = 200, bot id = 8749354405)
2026-03-19 08:21:06,580 [ERROR] aiogram.dispatcher: Failed to fetch updates - TelegramNetworkError: HTTP Client says - ClientConnectorDNSError: Cannot connect to host api.telegram.org:443 ssl:default [getaddrinfo failed]
2026-03-19 08:21:06,581 [WARNING] aiogram.dispatcher: Sleep for 5.004441 seconds and try again... (tryings = 201, bot id = 8749354405)
2026-03-19 08:21:07,181 [ERROR] data.orderflow_ws: WS error: [Errno 11001] getaddrinfo failed — reconnect in 10s
2026-03-19 08:21:17,193 [ERROR] data.orderflow_ws: WS error: [Errno 11001] getaddrinfo failed — reconnect in 10s
2026-03-19 08:21:23,627 [ERROR] aiogram.dispatcher: Failed to fetch updates - TelegramNetworkError: HTTP Client says - ClientConnectorDNSError: Cannot connect to host api.telegram.org:443 ssl:default [getaddrinfo failed]
2026-03-19 08:21:23,628 [WARNING] aiogram.dispatcher: Sleep for 4.979307 seconds and try again... (tryings = 202, bot id = 8749354405)
2026-03-19 08:21:27,198 [ERROR] data.orderflow_ws: WS error: [Errno 11001] getaddrinfo failed — reconnect in 10s
2026-03-19 08:21:28,621 [ERROR] aiogram.dispatcher: Failed to fetch updates - TelegramNetworkError: HTTP Client says - ClientConnectorDNSError: Cannot connect to host api.telegram.org:443 ssl:default [getaddrinfo failed]
2026-03-19 08:21:28,623 [WARNING] aiogram.dispatcher: Sleep for 5.087081 seconds and try again... (tryings = 203, bot id = 8749354405)
2026-03-19 08:21:33,726 [ERROR] aiogram.dispatcher: Failed to fetch updates - TelegramNetworkError: HTTP Client says - ClientConnectorDNSError: Cannot connect to host api.telegram.org:443 ssl:default [getaddrinfo failed]
2026-03-19 08:21:33,727 [WARNING] aiogram.dispatcher: Sleep for 4.966022 seconds and try again... (tryings = 204, bot id = 8749354405)
2026-03-19 08:21:37,205 [ERROR] data.orderflow_ws: WS error: [Errno 11001] getaddrinfo failed — reconnect in 10s
2026-03-19 08:21:38,708 [ERROR] aiogram.dispatcher: Failed to fetch updates - TelegramNetworkError: HTTP Client says - ClientConnectorDNSError: Cannot connect to host api.telegram.org:443 ssl:default [getaddrinfo failed]
2026-03-19 08:21:38,709 [WARNING] aiogram.dispatcher: Sleep for 4.923906 seconds and try again... (tryings = 205, bot id = 8749354405)
2026-03-19 08:21:43,651 [ERROR] aiogram.dispatcher: Failed to fetch updates - TelegramNetworkError: HTTP Client says - ClientConnectorDNSError: Cannot connect to host api.telegram.org:443 ssl:default [getaddrinfo failed]
2026-03-19 08:21:43,652 [WARNING] aiogram.dispatcher: Sleep for 4.903635 seconds and try again... (tryings = 206, bot id = 8749354405)
2026-03-19 08:21:57,234 [ERROR] data.orderflow_ws: WS error: timed out during opening handshake — reconnect in 10s
2026-03-19 08:22:00,628 [ERROR] aiogram.dispatcher: Failed to fetch updates - TelegramNetworkError: HTTP Client says - ClientConnectorDNSError: Cannot connect to host api.telegram.org:443 ssl:default [getaddrinfo failed]
2026-03-19 08:22:00,629 [WARNING] aiogram.dispatcher: Sleep for 5.015239 seconds and try again... (tryings = 207, bot id = 8749354405)
2026-03-19 08:22:07,238 [ERROR] data.orderflow_ws: WS error: [Errno 11001] getaddrinfo failed — reconnect in 10s
2026-03-19 08:22:17,707 [ERROR] aiogram.dispatcher: Failed to fetch updates - TelegramNetworkError: HTTP Client says - ClientConnectorDNSError: Cannot connect to host api.telegram.org:443 ssl:default [getaddrinfo failed]
2026-03-19 08:22:17,708 [WARNING] aiogram.dispatcher: Sleep for 5.023743 seconds and try again... (tryings = 208, bot id = 8749354405)
2026-03-19 08:22:19,277 [ERROR] data.orderflow_ws: WS error: [Errno 11001] getaddrinfo failed — reconnect in 10s
2026-03-19 08:22:22,753 [ERROR] aiogram.dispatcher: Failed to fetch updates - TelegramNetworkError: HTTP Client says - ClientConnectorDNSError: Cannot connect to host api.telegram.org:443 ssl:default [getaddrinfo failed]
2026-03-19 08:22:22,754 [WARNING] aiogram.dispatcher: Sleep for 4.936438 seconds and try again... (tryings = 209, bot id = 8749354405)
2026-03-19 08:22:27,721 [ERROR] aiogram.dispatcher: Failed to fetch updates - TelegramNetworkError: HTTP Client says - ClientConnectorDNSError: Cannot connect to host api.telegram.org:443 ssl:default [getaddrinfo failed]
2026-03-19 08:22:27,722 [WARNING] aiogram.dispatcher: Sleep for 4.937296 seconds and try again... (tryings = 210, bot id = 8749354405)
2026-03-19 08:22:29,295 [ERROR] data.orderflow_ws: WS error: [Errno 11001] getaddrinfo failed — reconnect in 10s
2026-03-19 08:22:32,668 [ERROR] aiogram.dispatcher: Failed to fetch updates - TelegramNetworkError: HTTP Client says - ClientConnectorDNSError: Cannot connect to host api.telegram.org:443 ssl:default [getaddrinfo failed]
2026-03-19 08:22:32,669 [WARNING] aiogram.dispatcher: Sleep for 4.847112 seconds and try again... (tryings = 211, bot id = 8749354405)
2026-03-19 08:22:49,322 [ERROR] data.orderflow_ws: WS error: timed out during opening handshake — reconnect in 10s
2026-03-19 08:22:49,576 [ERROR] aiogram.dispatcher: Failed to fetch updates - TelegramNetworkError: HTTP Client says - ClientConnectorDNSError: Cannot connect to host api.telegram.org:443 ssl:default [getaddrinfo failed]
2026-03-19 08:22:49,577 [WARNING] aiogram.dispatcher: Sleep for 5.101912 seconds and try again... (tryings = 212, bot id = 8749354405)
2026-03-19 08:22:54,688 [ERROR] aiogram.dispatcher: Failed to fetch updates - TelegramNetworkError: HTTP Client says - ClientConnectorDNSError: Cannot connect to host api.telegram.org:443 ssl:default [getaddrinfo failed]
2026-03-19 08:22:54,689 [WARNING] aiogram.dispatcher: Sleep for 5.042642 seconds and try again... (tryings = 213, bot id = 8749354405)
2026-03-19 08:22:59,349 [ERROR] data.orderflow_ws: WS error: [Errno 11001] getaddrinfo failed — reconnect in 10s
2026-03-19 08:22:59,751 [ERROR] aiogram.dispatcher: Failed to fetch updates - TelegramNetworkError: HTTP Client says - ClientConnectorDNSError: Cannot connect to host api.telegram.org:443 ssl:default [getaddrinfo failed]
2026-03-19 08:22:59,752 [WARNING] aiogram.dispatcher: Sleep for 4.897690 seconds and try again... (tryings = 214, bot id = 8749354405)
2026-03-19 08:23:09,357 [ERROR] data.orderflow_ws: WS error: [Errno 11001] getaddrinfo failed — reconnect in 10s
2026-03-19 08:23:16,701 [ERROR] aiogram.dispatcher: Failed to fetch updates - TelegramNetworkError: HTTP Client says - ClientConnectorDNSError: Cannot connect to host api.telegram.org:443 ssl:default [getaddrinfo failed]
2026-03-19 08:23:16,702 [WARNING] aiogram.dispatcher: Sleep for 4.862830 seconds and try again... (tryings = 215, bot id = 8749354405)
2026-03-19 08:23:19,363 [ERROR] data.orderflow_ws: WS error: [Errno 11001] getaddrinfo failed — reconnect in 10s
2026-03-19 08:23:21,584 [ERROR] aiogram.dispatcher: Failed to fetch updates - TelegramNetworkError: HTTP Client says - ClientConnectorDNSError: Cannot connect to host api.telegram.org:443 ssl:default [getaddrinfo failed]
2026-03-19 08:23:21,585 [WARNING] aiogram.dispatcher: Sleep for 5.052965 seconds and try again... (tryings = 216, bot id = 8749354405)
2026-03-19 08:23:38,705 [ERROR] aiogram.dispatcher: Failed to fetch updates - TelegramNetworkError: HTTP Client says - ClientConnectorDNSError: Cannot connect to host api.telegram.org:443 ssl:default [getaddrinfo failed]
2026-03-19 08:23:38,707 [WARNING] aiogram.dispatcher: Sleep for 5.057796 seconds and try again... (tryings = 217, bot id = 8749354405)
2026-03-19 08:23:39,375 [ERROR] data.orderflow_ws: WS error: timed out during opening handshake — reconnect in 10s
2026-03-19 08:23:43,776 [ERROR] aiogram.dispatcher: Failed to fetch updates - TelegramNetworkError: HTTP Client says - ClientConnectorDNSError: Cannot connect to host api.telegram.org:443 ssl:default [getaddrinfo failed]
2026-03-19 08:23:43,777 [WARNING] aiogram.dispatcher: Sleep for 4.967331 seconds and try again... (tryings = 218, bot id = 8749354405)
2026-03-19 08:23:48,750 [ERROR] aiogram.dispatcher: Failed to fetch updates - TelegramNetworkError: HTTP Client says - ClientConnectorDNSError: Cannot connect to host api.telegram.org:443 ssl:default [getaddrinfo failed]
2026-03-19 08:23:48,751 [WARNING] aiogram.dispatcher: Sleep for 5.055488 seconds and try again... (tryings = 219, bot id = 8749354405)
2026-03-19 08:23:49,393 [ERROR] data.orderflow_ws: WS error: [Errno 11001] getaddrinfo failed — reconnect in 10s
2026-03-19 08:23:59,403 [ERROR] data.orderflow_ws: WS error: [Errno 11001] getaddrinfo failed — reconnect in 10s
2026-03-19 08:24:05,887 [ERROR] aiogram.dispatcher: Failed to fetch updates - TelegramNetworkError: HTTP Client says - ClientConnectorDNSError: Cannot connect to host api.telegram.org:443 ssl:default [getaddrinfo failed]
2026-03-19 08:24:05,888 [WARNING] aiogram.dispatcher: Sleep for 5.039635 seconds and try again... (tryings = 220, bot id = 8749354405)
2026-03-19 08:24:09,412 [ERROR] data.orderflow_ws: WS error: [Errno 11001] getaddrinfo failed — reconnect in 10s
2026-03-19 08:24:10,942 [ERROR] aiogram.dispatcher: Failed to fetch updates - TelegramNetworkError: HTTP Client says - ClientConnectorDNSError: Cannot connect to host api.telegram.org:443 ssl:default [getaddrinfo failed]
2026-03-19 08:24:10,944 [WARNING] aiogram.dispatcher: Sleep for 4.853288 seconds and try again... (tryings = 221, bot id = 8749354405)
2026-03-19 08:24:15,810 [ERROR] aiogram.dispatcher: Failed to fetch updates - TelegramNetworkError: HTTP Client says - ClientConnectorDNSError: Cannot connect to host api.telegram.org:443 ssl:default [getaddrinfo failed]
2026-03-19 08:24:15,811 [WARNING] aiogram.dispatcher: Sleep for 5.016708 seconds and try again... (tryings = 222, bot id = 8749354405)
2026-03-19 08:24:22,982 [ERROR] aiogram.dispatcher: Failed to fetch updates - TelegramNetworkError: HTTP Client says - ClientConnectorDNSError: Cannot connect to host api.telegram.org:443 ssl:default [getaddrinfo failed]
2026-03-19 08:24:22,983 [WARNING] aiogram.dispatcher: Sleep for 4.939107 seconds and try again... (tryings = 223, bot id = 8749354405)
2026-03-19 08:24:27,933 [ERROR] aiogram.dispatcher: Failed to fetch updates - TelegramNetworkError: HTTP Client says - ClientConnectorDNSError: Cannot connect to host api.telegram.org:443 ssl:default [getaddrinfo failed]
2026-03-19 08:24:27,934 [WARNING] aiogram.dispatcher: Sleep for 5.128565 seconds and try again... (tryings = 224, bot id = 8749354405)
2026-03-19 08:24:29,425 [ERROR] data.orderflow_ws: WS error: timed out during opening handshake — reconnect in 10s
2026-03-19 08:24:33,068 [ERROR] aiogram.dispatcher: Failed to fetch updates - TelegramNetworkError: HTTP Client says - ClientConnectorDNSError: Cannot connect to host api.telegram.org:443 ssl:default [getaddrinfo failed]
2026-03-19 08:24:33,069 [WARNING] aiogram.dispatcher: Sleep for 5.075744 seconds and try again... (tryings = 225, bot id = 8749354405)
2026-03-19 08:24:38,159 [ERROR] aiogram.dispatcher: Failed to fetch updates - TelegramNetworkError: HTTP Client says - ClientConnectorDNSError: Cannot connect to host api.telegram.org:443 ssl:default [getaddrinfo failed]
2026-03-19 08:24:38,160 [WARNING] aiogram.dispatcher: Sleep for 5.118719 seconds and try again... (tryings = 226, bot id = 8749354405)
2026-03-19 08:24:39,443 [ERROR] data.orderflow_ws: WS error: [Errno 11001] getaddrinfo failed — reconnect in 10s
2026-03-19 08:24:49,461 [ERROR] data.orderflow_ws: WS error: [Errno 11001] getaddrinfo failed — reconnect in 10s
2026-03-19 08:24:55,318 [ERROR] aiogram.dispatcher: Failed to fetch updates - TelegramNetworkError: HTTP Client says - ClientConnectorDNSError: Cannot connect to host api.telegram.org:443 ssl:default [getaddrinfo failed]
2026-03-19 08:24:55,319 [WARNING] aiogram.dispatcher: Sleep for 5.131033 seconds and try again... (tryings = 227, bot id = 8749354405)
2026-03-19 08:24:59,475 [ERROR] data.orderflow_ws: WS error: [Errno 11001] getaddrinfo failed — reconnect in 10s
2026-03-19 08:25:00,467 [ERROR] aiogram.dispatcher: Failed to fetch updates - TelegramNetworkError: HTTP Client says - ClientConnectorDNSError: Cannot connect to host api.telegram.org:443 ssl:default [getaddrinfo failed]
2026-03-19 08:25:00,468 [WARNING] aiogram.dispatcher: Sleep for 4.906512 seconds and try again... (tryings = 228, bot id = 8749354405)
2026-03-19 08:25:05,389 [ERROR] aiogram.dispatcher: Failed to fetch updates - TelegramNetworkError: HTTP Client says - ClientConnectorDNSError: Cannot connect to host api.telegram.org:443 ssl:default [getaddrinfo failed]
2026-03-19 08:25:05,390 [WARNING] aiogram.dispatcher: Sleep for 5.062652 seconds and try again... (tryings = 229, bot id = 8749354405)
2026-03-19 08:25:19,495 [ERROR] data.orderflow_ws: WS error: timed out during opening handshake — reconnect in 10s
2026-03-19 08:25:22,511 [ERROR] aiogram.dispatcher: Failed to fetch updates - TelegramNetworkError: HTTP Client says - ClientConnectorDNSError: Cannot connect to host api.telegram.org:443 ssl:default [getaddrinfo failed]
2026-03-19 08:25:22,512 [WARNING] aiogram.dispatcher: Sleep for 4.962304 seconds and try again... (tryings = 230, bot id = 8749354405)
2026-03-19 08:25:27,487 [ERROR] aiogram.dispatcher: Failed to fetch updates - TelegramNetworkError: HTTP Client says - ClientConnectorDNSError: Cannot connect to host api.telegram.org:443 ssl:default [getaddrinfo failed]
2026-03-19 08:25:27,489 [WARNING] aiogram.dispatcher: Sleep for 5.016015 seconds and try again... (tryings = 231, bot id = 8749354405)
2026-03-19 08:25:29,508 [ERROR] data.orderflow_ws: WS error: [Errno 11001] getaddrinfo failed — reconnect in 10s
2026-03-19 08:25:32,520 [ERROR] aiogram.dispatcher: Failed to fetch updates - TelegramNetworkError: HTTP Client says - ClientConnectorDNSError: Cannot connect to host api.telegram.org:443 ssl:default [getaddrinfo failed]
2026-03-19 08:25:32,521 [WARNING] aiogram.dispatcher: Sleep for 5.060674 seconds and try again... (tryings = 232, bot id = 8749354405)
2026-03-19 08:25:39,513 [ERROR] data.orderflow_ws: WS error: [Errno 11001] getaddrinfo failed — reconnect in 10s
2026-03-19 08:25:49,654 [ERROR] aiogram.dispatcher: Failed to fetch updates - TelegramNetworkError: HTTP Client says - ClientConnectorDNSError: Cannot connect to host api.telegram.org:443 ssl:default [getaddrinfo failed]
2026-03-19 08:25:49,655 [WARNING] aiogram.dispatcher: Sleep for 5.171387 seconds and try again... (tryings = 233, bot id = 8749354405)
2026-03-19 08:25:54,830 [ERROR] aiogram.dispatcher: Failed to fetch updates - TelegramNetworkError: HTTP Client says - ClientConnectorDNSError: Cannot connect to host api.telegram.org:443 ssl:default [getaddrinfo failed]
2026-03-19 08:25:54,831 [WARNING] aiogram.dispatcher: Sleep for 4.949827 seconds and try again... (tryings = 234, bot id = 8749354405)
2026-03-19 08:25:59,538 [ERROR] data.orderflow_ws: WS error: timed out during opening handshake — reconnect in 10s
2026-03-19 08:26:11,844 [ERROR] aiogram.dispatcher: Failed to fetch updates - TelegramNetworkError: HTTP Client says - ClientConnectorDNSError: Cannot connect to host api.telegram.org:443 ssl:default [getaddrinfo failed]
2026-03-19 08:26:11,845 [WARNING] aiogram.dispatcher: Sleep for 5.043614 seconds and try again... (tryings = 235, bot id = 8749354405)
2026-03-19 08:26:16,901 [ERROR] aiogram.dispatcher: Failed to fetch updates - TelegramNetworkError: HTTP Client says - ClientConnectorDNSError: Cannot connect to host api.telegram.org:443 ssl:default [getaddrinfo failed]
2026-03-19 08:26:16,902 [WARNING] aiogram.dispatcher: Sleep for 5.054502 seconds and try again... (tryings = 236, bot id = 8749354405)
2026-03-19 08:26:19,554 [ERROR] data.orderflow_ws: WS error: timed out during opening handshake — reconnect in 10s
2026-03-19 08:26:21,963 [ERROR] aiogram.dispatcher: Failed to fetch updates - TelegramNetworkError: HTTP Client says - ClientConnectorDNSError: Cannot connect to host api.telegram.org:443 ssl:default [getaddrinfo failed]
2026-03-19 08:26:21,964 [WARNING] aiogram.dispatcher: Sleep for 5.089573 seconds and try again... (tryings = 237, bot id = 8749354405)
2026-03-19 08:26:29,563 [ERROR] data.orderflow_ws: WS error: [Errno 11001] getaddrinfo failed — reconnect in 10s
2026-03-19 08:26:39,095 [ERROR] aiogram.dispatcher: Failed to fetch updates - TelegramNetworkError: HTTP Client says - ClientConnectorDNSError: Cannot connect to host api.telegram.org:443 ssl:default [getaddrinfo failed]
2026-03-19 08:26:39,096 [WARNING] aiogram.dispatcher: Sleep for 4.984253 seconds and try again... (tryings = 238, bot id = 8749354405)
2026-03-19 08:26:39,569 [ERROR] data.orderflow_ws: WS error: [Errno 11001] getaddrinfo failed — reconnect in 10s
2026-03-19 08:26:44,092 [ERROR] aiogram.dispatcher: Failed to fetch updates - TelegramNetworkError: HTTP Client says - ClientConnectorDNSError: Cannot connect to host api.telegram.org:443 ssl:default [getaddrinfo failed]
2026-03-19 08:26:44,093 [WARNING] aiogram.dispatcher: Sleep for 5.008675 seconds and try again... (tryings = 239, bot id = 8749354405)
2026-03-19 08:26:49,576 [ERROR] data.orderflow_ws: WS error: [Errno 11001] getaddrinfo failed — reconnect in 10s
2026-03-19 08:27:01,165 [ERROR] aiogram.dispatcher: Failed to fetch updates - TelegramNetworkError: HTTP Client says - ClientConnectorDNSError: Cannot connect to host api.telegram.org:443 ssl:default [getaddrinfo failed]
2026-03-19 08:27:01,166 [WARNING] aiogram.dispatcher: Sleep for 5.010504 seconds and try again... (tryings = 240, bot id = 8749354405)
2026-03-19 08:27:06,184 [ERROR] aiogram.dispatcher: Failed to fetch updates - TelegramNetworkError: HTTP Client says - ClientConnectorDNSError: Cannot connect to host api.telegram.org:443 ssl:default [getaddrinfo failed]
2026-03-19 08:27:06,185 [WARNING] aiogram.dispatcher: Sleep for 4.982675 seconds and try again... (tryings = 241, bot id = 8749354405)
2026-03-19 08:27:09,586 [ERROR] data.orderflow_ws: WS error: timed out during opening handshake — reconnect in 10s
2026-03-19 08:27:18,219 [ERROR] aiogram.dispatcher: Failed to fetch updates - TelegramNetworkError: HTTP Client says - ClientConnectorDNSError: Cannot connect to host api.telegram.org:443 ssl:default [getaddrinfo failed]
2026-03-19 08:27:18,220 [WARNING] aiogram.dispatcher: Sleep for 5.121301 seconds and try again... (tryings = 242, bot id = 8749354405)
2026-03-19 08:27:19,604 [ERROR] data.orderflow_ws: WS error: [Errno 11001] getaddrinfo failed — reconnect in 10s
2026-03-19 08:27:23,352 [ERROR] aiogram.dispatcher: Failed to fetch updates - TelegramNetworkError: HTTP Client says - ClientConnectorDNSError: Cannot connect to host api.telegram.org:443 ssl:default [getaddrinfo failed]
2026-03-19 08:27:23,353 [WARNING] aiogram.dispatcher: Sleep for 4.841402 seconds and try again... (tryings = 243, bot id = 8749354405)
2026-03-19 08:27:31,656 [ERROR] data.orderflow_ws: WS error: [Errno 11001] getaddrinfo failed — reconnect in 10s
2026-03-19 08:27:40,221 [ERROR] aiogram.dispatcher: Failed to fetch updates - TelegramNetworkError: HTTP Client says - ClientConnectorDNSError: Cannot connect to host api.telegram.org:443 ssl:default [getaddrinfo failed]
2026-03-19 08:27:40,222 [WARNING] aiogram.dispatcher: Sleep for 5.178351 seconds and try again... (tryings = 244, bot id = 8749354405)
2026-03-19 08:27:41,668 [ERROR] data.orderflow_ws: WS error: [Errno 11001] getaddrinfo failed — reconnect in 10s
2026-03-19 08:27:45,405 [ERROR] aiogram.dispatcher: Failed to fetch updates - TelegramNetworkError: HTTP Client says - ClientConnectorDNSError: Cannot connect to host api.telegram.org:443 ssl:default [getaddrinfo failed]
2026-03-19 08:27:45,406 [WARNING] aiogram.dispatcher: Sleep for 4.860981 seconds and try again... (tryings = 245, bot id = 8749354405)
2026-03-19 08:27:51,679 [ERROR] data.orderflow_ws: WS error: [Errno 11001] getaddrinfo failed — reconnect in 10s
2026-03-19 08:28:02,330 [ERROR] aiogram.dispatcher: Failed to fetch updates - TelegramNetworkError: HTTP Client says - ClientConnectorDNSError: Cannot connect to host api.telegram.org:443 ssl:default [getaddrinfo failed]
2026-03-19 08:28:02,331 [WARNING] aiogram.dispatcher: Sleep for 5.200891 seconds and try again... (tryings = 246, bot id = 8749354405)
2026-03-19 08:28:07,543 [ERROR] aiogram.dispatcher: Failed to fetch updates - TelegramNetworkError: HTTP Client says - ClientConnectorDNSError: Cannot connect to host api.telegram.org:443 ssl:default [getaddrinfo failed]
2026-03-19 08:28:07,544 [WARNING] aiogram.dispatcher: Sleep for 4.992354 seconds and try again... (tryings = 247, bot id = 8749354405)
2026-03-19 08:28:11,706 [ERROR] data.orderflow_ws: WS error: timed out during opening handshake — reconnect in 10s
2026-03-19 08:28:21,711 [ERROR] data.orderflow_ws: WS error: [Errno 11001] getaddrinfo failed — reconnect in 10s
2026-03-19 08:28:24,580 [ERROR] aiogram.dispatcher: Failed to fetch updates - TelegramNetworkError: HTTP Client says - ClientConnectorDNSError: Cannot connect to host api.telegram.org:443 ssl:default [getaddrinfo failed]
2026-03-19 08:28:24,581 [WARNING] aiogram.dispatcher: Sleep for 4.920095 seconds and try again... (tryings = 248, bot id = 8749354405)
2026-03-19 08:28:29,520 [ERROR] aiogram.dispatcher: Failed to fetch updates - TelegramNetworkError: HTTP Client says - ClientConnectorDNSError: Cannot connect to host api.telegram.org:443 ssl:default [getaddrinfo failed]
2026-03-19 08:28:29,521 [WARNING] aiogram.dispatcher: Sleep for 5.121981 seconds and try again... (tryings = 249, bot id = 8749354405)
2026-03-19 08:28:31,724 [ERROR] data.orderflow_ws: WS error: [Errno 11001] getaddrinfo failed — reconnect in 10s
2026-03-19 08:28:34,654 [ERROR] aiogram.dispatcher: Failed to fetch updates - TelegramNetworkError: HTTP Client says - ClientConnectorDNSError: Cannot connect to host api.telegram.org:443 ssl:default [getaddrinfo failed]
2026-03-19 08:28:34,655 [WARNING] aiogram.dispatcher: Sleep for 5.038659 seconds and try again... (tryings = 250, bot id = 8749354405)
2026-03-19 08:28:39,707 [ERROR] aiogram.dispatcher: Failed to fetch updates - TelegramNetworkError: HTTP Client says - ClientConnectorDNSError: Cannot connect to host api.telegram.org:443 ssl:default [getaddrinfo failed]
2026-03-19 08:28:39,708 [WARNING] aiogram.dispatcher: Sleep for 4.907086 seconds and try again... (tryings = 251, bot id = 8749354405)
2026-03-19 08:28:44,626 [ERROR] aiogram.dispatcher: Failed to fetch updates - TelegramNetworkError: HTTP Client says - ClientConnectorDNSError: Cannot connect to host api.telegram.org:443 ssl:default [getaddrinfo failed]
2026-03-19 08:28:44,627 [WARNING] aiogram.dispatcher: Sleep for 5.008053 seconds and try again... (tryings = 252, bot id = 8749354405)
2026-03-19 08:28:51,743 [ERROR] data.orderflow_ws: WS error: timed out during opening handshake — reconnect in 10s
2026-03-19 08:29:01,689 [ERROR] aiogram.dispatcher: Failed to fetch updates - TelegramNetworkError: HTTP Client says - ClientConnectorDNSError: Cannot connect to host api.telegram.org:443 ssl:default [getaddrinfo failed]
2026-03-19 08:29:01,690 [WARNING] aiogram.dispatcher: Sleep for 5.035588 seconds and try again... (tryings = 253, bot id = 8749354405)
2026-03-19 08:29:01,761 [ERROR] data.orderflow_ws: WS error: [Errno 11001] getaddrinfo failed — reconnect in 10s
2026-03-19 08:29:06,736 [ERROR] aiogram.dispatcher: Failed to fetch updates - TelegramNetworkError: HTTP Client says - ClientConnectorDNSError: Cannot connect to host api.telegram.org:443 ssl:default [getaddrinfo failed]
2026-03-19 08:29:06,738 [WARNING] aiogram.dispatcher: Sleep for 5.149238 seconds and try again... (tryings = 254, bot id = 8749354405)
2026-03-19 08:29:11,765 [ERROR] data.orderflow_ws: WS error: [Errno 11001] getaddrinfo failed — reconnect in 10s
2026-03-19 08:29:11,891 [ERROR] aiogram.dispatcher: Failed to fetch updates - TelegramNetworkError: HTTP Client says - ClientConnectorDNSError: Cannot connect to host api.telegram.org:443 ssl:default [getaddrinfo failed]
2026-03-19 08:29:11,911 [WARNING] aiogram.dispatcher: Sleep for 5.028252 seconds and try again... (tryings = 255, bot id = 8749354405)
2026-03-19 08:29:21,773 [ERROR] data.orderflow_ws: WS error: [Errno 11001] getaddrinfo failed — reconnect in 10s
2026-03-19 08:29:29,001 [ERROR] aiogram.dispatcher: Failed to fetch updates - TelegramNetworkError: HTTP Client says - ClientConnectorDNSError: Cannot connect to host api.telegram.org:443 ssl:default [getaddrinfo failed]
2026-03-19 08:29:29,002 [WARNING] aiogram.dispatcher: Sleep for 4.969030 seconds and try again... (tryings = 256, bot id = 8749354405)
2026-03-19 08:29:31,781 [ERROR] data.orderflow_ws: WS error: [Errno 11001] getaddrinfo failed — reconnect in 10s
2026-03-19 08:29:33,975 [ERROR] aiogram.dispatcher: Failed to fetch updates - TelegramNetworkError: HTTP Client says - ClientConnectorDNSError: Cannot connect to host api.telegram.org:443 ssl:default [getaddrinfo failed]
2026-03-19 08:29:33,977 [WARNING] aiogram.dispatcher: Sleep for 4.940741 seconds and try again... (tryings = 257, bot id = 8749354405)
2026-03-19 08:29:50,980 [ERROR] aiogram.dispatcher: Failed to fetch updates - TelegramNetworkError: HTTP Client says - ClientConnectorDNSError: Cannot connect to host api.telegram.org:443 ssl:default [getaddrinfo failed]
2026-03-19 08:29:50,981 [WARNING] aiogram.dispatcher: Sleep for 4.906550 seconds and try again... (tryings = 258, bot id = 8749354405)
2026-03-19 08:29:51,803 [ERROR] data.orderflow_ws: WS error: timed out during opening handshake — reconnect in 10s
2026-03-19 08:29:55,900 [ERROR] aiogram.dispatcher: Failed to fetch updates - TelegramNetworkError: HTTP Client says - ClientConnectorDNSError: Cannot connect to host api.telegram.org:443 ssl:default [getaddrinfo failed]
2026-03-19 08:29:55,901 [WARNING] aiogram.dispatcher: Sleep for 4.973941 seconds and try again... (tryings = 259, bot id = 8749354405)
2026-03-19 08:30:00,894 [ERROR] aiogram.dispatcher: Failed to fetch updates - TelegramNetworkError: HTTP Client says - ClientConnectorDNSError: Cannot connect to host api.telegram.org:443 ssl:default [getaddrinfo failed]
2026-03-19 08:30:00,895 [WARNING] aiogram.dispatcher: Sleep for 4.961479 seconds and try again... (tryings = 260, bot id = 8749354405)
2026-03-19 08:30:01,820 [ERROR] data.orderflow_ws: WS error: [Errno 11001] getaddrinfo failed — reconnect in 10s
2026-03-19 08:30:03,006 [INFO] apscheduler.executors.default: Running job "analysis_cycle (trigger: cron[minute='*/15', second='3'], next run at: 2026-03-19 08:45:03 MSK)" (scheduled at 2026-03-19 08:30:03+03:00)
2026-03-19 08:30:03,007 [INFO] __main__: ── Analysis cycle start ──────────────────
2026-03-19 08:30:11,830 [ERROR] data.orderflow_ws: WS error: [Errno 11001] getaddrinfo failed — reconnect in 10s
2026-03-19 08:30:13,290 [ERROR] engine.pipeline: Candle load failed: 
2026-03-19 08:30:13,291 [INFO] apscheduler.executors.default: Job "analysis_cycle (trigger: cron[minute='*/15', second='3'], next run at: 2026-03-19 08:45:03 MSK)" executed successfully
2026-03-19 08:30:15,058 [ERROR] asyncio: gaierror exception in shielded future
future: <Task finished name='Task-308' coro=<TCPConnector._resolve_host_with_throttle() done, defined at C:\Users\89118\AppData\Roaming\Python\Python314\site-packages\aiohttp\connector.py:1188> exception=gaierror(11001, 'getaddrinfo failed')>
Traceback (most recent call last):
  File "C:\Users\89118\AppData\Roaming\Python\Python314\site-packages\aiohttp\connector.py", line 1209, in _resolve_host_with_throttle
    addrs = await self._resolver.resolve(host, port, family=self._family)
            ^^^^^^^^^^^^^^^^^^^^^^^^^^^^^^^^^^^^^^^^^^^^^^^^^^^^^^^^^^^^^
  File "C:\Users\89118\AppData\Roaming\Python\Python314\site-packages\aiohttp\resolver.py", line 40, in resolve
    infos = await self._loop.getaddrinfo(
            ^^^^^^^^^^^^^^^^^^^^^^^^^^^^^
    ...<5 lines>...
    )
    ^
  File "C:\Python314\Lib\asyncio\base_events.py", line 936, in getaddrinfo
    return await self.run_in_executor(
           ^^^^^^^^^^^^^^^^^^^^^^^^^^^
        None, getaddr_func, host, port, family, type, proto, flags)
        ^^^^^^^^^^^^^^^^^^^^^^^^^^^^^^^^^^^^^^^^^^^^^^^^^^^^^^^^^^^
  File "C:\Python314\Lib\concurrent\futures\thread.py", line 86, in run
    result = ctx.run(self.task)
  File "C:\Python314\Lib\concurrent\futures\thread.py", line 73, in run
    return fn(*args, **kwargs)
  File "C:\Python314\Lib\socket.py", line 983, in getaddrinfo
    for res in _socket.getaddrinfo(host, port, family, type, proto, flags):
               ~~~~~~~~~~~~~~~~~~~^^^^^^^^^^^^^^^^^^^^^^^^^^^^^^^^^^^^^^^^
socket.gaierror: [Errno 11001] getaddrinfo failed
2026-03-19 08:30:17,905 [ERROR] aiogram.dispatcher: Failed to fetch updates - TelegramNetworkError: HTTP Client says - ClientConnectorDNSError: Cannot connect to host api.telegram.org:443 ssl:default [getaddrinfo failed]
2026-03-19 08:30:17,907 [WARNING] aiogram.dispatcher: Sleep for 4.993342 seconds and try again... (tryings = 261, bot id = 8749354405)
2026-03-19 08:30:21,848 [ERROR] data.orderflow_ws: WS error: [Errno 11001] getaddrinfo failed — reconnect in 10s
2026-03-19 08:30:22,905 [ERROR] aiogram.dispatcher: Failed to fetch updates - TelegramNetworkError: HTTP Client says - ClientConnectorDNSError: Cannot connect to host api.telegram.org:443 ssl:default [getaddrinfo failed]
2026-03-19 08:30:22,906 [WARNING] aiogram.dispatcher: Sleep for 4.930661 seconds and try again... (tryings = 262, bot id = 8749354405)
2026-03-19 08:30:34,955 [ERROR] aiogram.dispatcher: Failed to fetch updates - TelegramNetworkError: HTTP Client says - ClientConnectorDNSError: Cannot connect to host api.telegram.org:443 ssl:default [getaddrinfo failed]
2026-03-19 08:30:34,956 [WARNING] aiogram.dispatcher: Sleep for 5.082980 seconds and try again... (tryings = 263, bot id = 8749354405)
2026-03-19 08:30:41,862 [ERROR] data.orderflow_ws: WS error: timed out during opening handshake — reconnect in 10s
2026-03-19 08:30:51,879 [ERROR] data.orderflow_ws: WS error: [Errno 11001] getaddrinfo failed — reconnect in 10s
2026-03-19 08:30:52,080 [ERROR] aiogram.dispatcher: Failed to fetch updates - TelegramNetworkError: HTTP Client says - ClientConnectorDNSError: Cannot connect to host api.telegram.org:443 ssl:default [getaddrinfo failed]
2026-03-19 08:30:52,081 [WARNING] aiogram.dispatcher: Sleep for 5.154019 seconds and try again... (tryings = 264, bot id = 8749354405)
2026-03-19 08:31:01,884 [ERROR] data.orderflow_ws: WS error: [Errno 11001] getaddrinfo failed — reconnect in 10s
2026-03-19 08:31:09,275 [ERROR] aiogram.dispatcher: Failed to fetch updates - TelegramNetworkError: HTTP Client says - ClientConnectorDNSError: Cannot connect to host api.telegram.org:443 ssl:default [getaddrinfo failed]
2026-03-19 08:31:09,276 [WARNING] aiogram.dispatcher: Sleep for 4.983651 seconds and try again... (tryings = 265, bot id = 8749354405)
2026-03-19 08:31:11,898 [ERROR] data.orderflow_ws: WS error: [Errno 11001] getaddrinfo failed — reconnect in 10s
2026-03-19 08:31:14,270 [ERROR] aiogram.dispatcher: Failed to fetch updates - TelegramNetworkError: HTTP Client says - ClientConnectorDNSError: Cannot connect to host api.telegram.org:443 ssl:default [getaddrinfo failed]
2026-03-19 08:31:14,272 [WARNING] aiogram.dispatcher: Sleep for 4.993196 seconds and try again... (tryings = 266, bot id = 8749354405)
2026-03-19 08:31:21,906 [ERROR] data.orderflow_ws: WS error: [Errno 11001] getaddrinfo failed — reconnect in 10s
2026-03-19 08:31:31,304 [ERROR] aiogram.dispatcher: Failed to fetch updates - TelegramNetworkError: HTTP Client says - ClientConnectorDNSError: Cannot connect to host api.telegram.org:443 ssl:default [getaddrinfo failed]
2026-03-19 08:31:31,305 [WARNING] aiogram.dispatcher: Sleep for 5.150205 seconds and try again... (tryings = 267, bot id = 8749354405)
2026-03-19 08:31:31,917 [ERROR] data.orderflow_ws: WS error: [Errno 11001] getaddrinfo failed — reconnect in 10s
2026-03-19 08:31:41,935 [ERROR] data.orderflow_ws: WS error: [Errno 11001] getaddrinfo failed — reconnect in 10s
2026-03-19 08:31:48,499 [ERROR] aiogram.dispatcher: Failed to fetch updates - TelegramNetworkError: HTTP Client says - ClientConnectorDNSError: Cannot connect to host api.telegram.org:443 ssl:default [getaddrinfo failed]
2026-03-19 08:31:48,500 [WARNING] aiogram.dispatcher: Sleep for 5.025444 seconds and try again... (tryings = 268, bot id = 8749354405)
2026-03-19 08:31:51,948 [ERROR] data.orderflow_ws: WS error: [Errno 11001] getaddrinfo failed — reconnect in 10s
2026-03-19 08:31:53,536 [ERROR] aiogram.dispatcher: Failed to fetch updates - TelegramNetworkError: HTTP Client says - ClientConnectorDNSError: Cannot connect to host api.telegram.org:443 ssl:default [getaddrinfo failed]
2026-03-19 08:31:53,537 [WARNING] aiogram.dispatcher: Sleep for 4.905181 seconds and try again... (tryings = 269, bot id = 8749354405)
2026-03-19 08:31:58,446 [ERROR] aiogram.dispatcher: Failed to fetch updates - TelegramNetworkError: HTTP Client says - ClientConnectorDNSError: Cannot connect to host api.telegram.org:443 ssl:default [getaddrinfo failed]
2026-03-19 08:31:58,447 [WARNING] aiogram.dispatcher: Sleep for 5.082701 seconds and try again... (tryings = 270, bot id = 8749354405)
2026-03-19 08:32:11,956 [ERROR] data.orderflow_ws: WS error: timed out during opening handshake — reconnect in 10s
2026-03-19 08:32:15,557 [ERROR] aiogram.dispatcher: Failed to fetch updates - TelegramNetworkError: HTTP Client says - ClientConnectorDNSError: Cannot connect to host api.telegram.org:443 ssl:default [getaddrinfo failed]
2026-03-19 08:32:15,558 [WARNING] aiogram.dispatcher: Sleep for 5.249293 seconds and try again... (tryings = 271, bot id = 8749354405)
2026-03-19 08:32:20,819 [ERROR] aiogram.dispatcher: Failed to fetch updates - TelegramNetworkError: HTTP Client says - ClientConnectorDNSError: Cannot connect to host api.telegram.org:443 ssl:default [getaddrinfo failed]
2026-03-19 08:32:20,820 [WARNING] aiogram.dispatcher: Sleep for 4.952064 seconds and try again... (tryings = 272, bot id = 8749354405)
2026-03-19 08:32:25,790 [ERROR] aiogram.dispatcher: Failed to fetch updates - TelegramNetworkError: HTTP Client says - ClientConnectorDNSError: Cannot connect to host api.telegram.org:443 ssl:default [getaddrinfo failed]
2026-03-19 08:32:25,791 [WARNING] aiogram.dispatcher: Sleep for 4.979346 seconds and try again... (tryings = 273, bot id = 8749354405)
2026-03-19 08:32:30,777 [ERROR] aiogram.dispatcher: Failed to fetch updates - TelegramNetworkError: HTTP Client says - ClientConnectorDNSError: Cannot connect to host api.telegram.org:443 ssl:default [getaddrinfo failed]
2026-03-19 08:32:30,778 [WARNING] aiogram.dispatcher: Sleep for 5.039632 seconds and try again... (tryings = 274, bot id = 8749354405)
2026-03-19 08:32:31,975 [ERROR] data.orderflow_ws: WS error: timed out during opening handshake — reconnect in 10s
2026-03-19 08:32:35,829 [ERROR] aiogram.dispatcher: Failed to fetch updates - TelegramNetworkError: HTTP Client says - ClientConnectorDNSError: Cannot connect to host api.telegram.org:443 ssl:default [getaddrinfo failed]
2026-03-19 08:32:35,830 [WARNING] aiogram.dispatcher: Sleep for 4.983604 seconds and try again... (tryings = 275, bot id = 8749354405)
2026-03-19 08:32:40,825 [ERROR] aiogram.dispatcher: Failed to fetch updates - TelegramNetworkError: HTTP Client says - ClientConnectorDNSError: Cannot connect to host api.telegram.org:443 ssl:default [getaddrinfo failed]
2026-03-19 08:32:40,826 [WARNING] aiogram.dispatcher: Sleep for 5.194962 seconds and try again... (tryings = 276, bot id = 8749354405)
2026-03-19 08:32:41,989 [ERROR] data.orderflow_ws: WS error: [Errno 11001] getaddrinfo failed — reconnect in 10s
2026-03-19 08:32:46,046 [ERROR] aiogram.dispatcher: Failed to fetch updates - TelegramNetworkError: HTTP Client says - ClientConnectorDNSError: Cannot connect to host api.telegram.org:443 ssl:default [getaddrinfo failed]
2026-03-19 08:32:46,048 [WARNING] aiogram.dispatcher: Sleep for 5.051319 seconds and try again... (tryings = 277, bot id = 8749354405)
2026-03-19 08:32:54,033 [ERROR] data.orderflow_ws: WS error: [Errno 11001] getaddrinfo failed — reconnect in 10s
2026-03-19 08:33:03,141 [ERROR] aiogram.dispatcher: Failed to fetch updates - TelegramNetworkError: HTTP Client says - ClientConnectorDNSError: Cannot connect to host api.telegram.org:443 ssl:default [getaddrinfo failed]
2026-03-19 08:33:03,142 [WARNING] aiogram.dispatcher: Sleep for 5.001190 seconds and try again... (tryings = 278, bot id = 8749354405)
2026-03-19 08:33:04,041 [ERROR] data.orderflow_ws: WS error: [Errno 11001] getaddrinfo failed — reconnect in 10s
2026-03-19 08:33:08,162 [ERROR] aiogram.dispatcher: Failed to fetch updates - TelegramNetworkError: HTTP Client says - ClientConnectorDNSError: Cannot connect to host api.telegram.org:443 ssl:default [getaddrinfo failed]
2026-03-19 08:33:08,163 [WARNING] aiogram.dispatcher: Sleep for 4.982626 seconds and try again... (tryings = 279, bot id = 8749354405)
2026-03-19 08:33:24,052 [ERROR] data.orderflow_ws: WS error: timed out during opening handshake — reconnect in 10s
2026-03-19 08:33:25,195 [ERROR] aiogram.dispatcher: Failed to fetch updates - TelegramNetworkError: HTTP Client says - ClientConnectorDNSError: Cannot connect to host api.telegram.org:443 ssl:default [getaddrinfo failed]
2026-03-19 08:33:25,197 [WARNING] aiogram.dispatcher: Sleep for 5.032754 seconds and try again... (tryings = 280, bot id = 8749354405)
2026-03-19 08:33:30,238 [ERROR] aiogram.dispatcher: Failed to fetch updates - TelegramNetworkError: HTTP Client says - ClientConnectorDNSError: Cannot connect to host api.telegram.org:443 ssl:default [getaddrinfo failed]
2026-03-19 08:33:30,239 [WARNING] aiogram.dispatcher: Sleep for 4.973166 seconds and try again... (tryings = 281, bot id = 8749354405)
2026-03-19 08:33:34,070 [ERROR] data.orderflow_ws: WS error: [Errno 11001] getaddrinfo failed — reconnect in 10s
2026-03-19 08:33:35,218 [ERROR] aiogram.dispatcher: Failed to fetch updates - TelegramNetworkError: HTTP Client says - ClientConnectorDNSError: Cannot connect to host api.telegram.org:443 ssl:default [getaddrinfo failed]
2026-03-19 08:33:35,219 [WARNING] aiogram.dispatcher: Sleep for 4.913402 seconds and try again... (tryings = 282, bot id = 8749354405)
2026-03-19 08:33:44,083 [ERROR] data.orderflow_ws: WS error: [Errno 11001] getaddrinfo failed — reconnect in 10s
2026-03-19 08:33:52,160 [ERROR] aiogram.dispatcher: Failed to fetch updates - TelegramNetworkError: HTTP Client says - ClientConnectorDNSError: Cannot connect to host api.telegram.org:443 ssl:default [getaddrinfo failed]
2026-03-19 08:33:52,161 [WARNING] aiogram.dispatcher: Sleep for 5.080597 seconds and try again... (tryings = 283, bot id = 8749354405)
2026-03-19 08:33:54,093 [ERROR] data.orderflow_ws: WS error: [Errno 11001] getaddrinfo failed — reconnect in 10s
2026-03-19 08:33:57,258 [ERROR] aiogram.dispatcher: Failed to fetch updates - TelegramNetworkError: HTTP Client says - ClientConnectorDNSError: Cannot connect to host api.telegram.org:443 ssl:default [getaddrinfo failed]
2026-03-19 08:33:57,259 [WARNING] aiogram.dispatcher: Sleep for 4.919123 seconds and try again... (tryings = 284, bot id = 8749354405)
2026-03-19 08:34:14,107 [ERROR] data.orderflow_ws: WS error: timed out during opening handshake — reconnect in 10s
2026-03-19 08:34:14,220 [ERROR] aiogram.dispatcher: Failed to fetch updates - TelegramNetworkError: HTTP Client says - ClientConnectorDNSError: Cannot connect to host api.telegram.org:443 ssl:default [getaddrinfo failed]
2026-03-19 08:34:14,221 [WARNING] aiogram.dispatcher: Sleep for 5.101371 seconds and try again... (tryings = 285, bot id = 8749354405)
2026-03-19 08:34:19,336 [ERROR] aiogram.dispatcher: Failed to fetch updates - TelegramNetworkError: HTTP Client says - ClientConnectorDNSError: Cannot connect to host api.telegram.org:443 ssl:default [getaddrinfo failed]
2026-03-19 08:34:19,337 [WARNING] aiogram.dispatcher: Sleep for 4.773577 seconds and try again... (tryings = 286, bot id = 8749354405)
2026-03-19 08:34:24,121 [ERROR] data.orderflow_ws: WS error: [Errno 11001] getaddrinfo failed — reconnect in 10s
2026-03-19 08:34:24,123 [ERROR] aiogram.dispatcher: Failed to fetch updates - TelegramNetworkError: HTTP Client says - ClientConnectorDNSError: Cannot connect to host api.telegram.org:443 ssl:default [getaddrinfo failed]
2026-03-19 08:34:24,124 [WARNING] aiogram.dispatcher: Sleep for 4.836832 seconds and try again... (tryings = 287, bot id = 8749354405)
2026-03-19 08:34:34,138 [ERROR] data.orderflow_ws: WS error: [Errno 11001] getaddrinfo failed — reconnect in 10s
2026-03-19 08:34:41,005 [ERROR] aiogram.dispatcher: Failed to fetch updates - TelegramNetworkError: HTTP Client says - ClientConnectorDNSError: Cannot connect to host api.telegram.org:443 ssl:default [getaddrinfo failed]
2026-03-19 08:34:41,006 [WARNING] aiogram.dispatcher: Sleep for 4.982590 seconds and try again... (tryings = 288, bot id = 8749354405)
2026-03-19 08:34:44,142 [ERROR] data.orderflow_ws: WS error: [Errno 11001] getaddrinfo failed — reconnect in 10s
2026-03-19 08:34:45,999 [ERROR] aiogram.dispatcher: Failed to fetch updates - TelegramNetworkError: HTTP Client says - ClientConnectorDNSError: Cannot connect to host api.telegram.org:443 ssl:default [getaddrinfo failed]
2026-03-19 08:34:46,000 [WARNING] aiogram.dispatcher: Sleep for 4.900225 seconds and try again... (tryings = 289, bot id = 8749354405)
2026-03-19 08:34:50,910 [ERROR] aiogram.dispatcher: Failed to fetch updates - TelegramNetworkError: HTTP Client says - ClientConnectorDNSError: Cannot connect to host api.telegram.org:443 ssl:default [getaddrinfo failed]
2026-03-19 08:34:50,912 [WARNING] aiogram.dispatcher: Sleep for 4.771356 seconds and try again... (tryings = 290, bot id = 8749354405)
2026-03-19 08:35:04,159 [ERROR] data.orderflow_ws: WS error: timed out during opening handshake — reconnect in 10s
2026-03-19 08:35:07,727 [ERROR] aiogram.dispatcher: Failed to fetch updates - TelegramNetworkError: HTTP Client says - ClientConnectorDNSError: Cannot connect to host api.telegram.org:443 ssl:default [getaddrinfo failed]
2026-03-19 08:35:07,728 [WARNING] aiogram.dispatcher: Sleep for 5.184210 seconds and try again... (tryings = 291, bot id = 8749354405)
2026-03-19 08:35:12,927 [ERROR] aiogram.dispatcher: Failed to fetch updates - TelegramNetworkError: HTTP Client says - ClientConnectorDNSError: Cannot connect to host api.telegram.org:443 ssl:default [getaddrinfo failed]
2026-03-19 08:35:12,928 [WARNING] aiogram.dispatcher: Sleep for 5.019033 seconds and try again... (tryings = 292, bot id = 8749354405)
2026-03-19 08:35:14,176 [ERROR] data.orderflow_ws: WS error: [Errno 11001] getaddrinfo failed — reconnect in 10s
2026-03-19 08:35:17,965 [ERROR] aiogram.dispatcher: Failed to fetch updates - TelegramNetworkError: HTTP Client says - ClientConnectorDNSError: Cannot connect to host api.telegram.org:443 ssl:default [getaddrinfo failed]
2026-03-19 08:35:17,966 [WARNING] aiogram.dispatcher: Sleep for 4.956639 seconds and try again... (tryings = 293, bot id = 8749354405)
2026-03-19 08:35:24,989 [ERROR] aiogram.dispatcher: Failed to fetch updates - TelegramNetworkError: HTTP Client says - ClientConnectorDNSError: Cannot connect to host api.telegram.org:443 ssl:default [getaddrinfo failed]
2026-03-19 08:35:24,991 [WARNING] aiogram.dispatcher: Sleep for 4.900400 seconds and try again... (tryings = 294, bot id = 8749354405)
2026-03-19 08:35:29,907 [ERROR] aiogram.dispatcher: Failed to fetch updates - TelegramNetworkError: HTTP Client says - ClientConnectorDNSError: Cannot connect to host api.telegram.org:443 ssl:default [getaddrinfo failed]
2026-03-19 08:35:29,908 [WARNING] aiogram.dispatcher: Sleep for 5.083161 seconds and try again... (tryings = 295, bot id = 8749354405)
2026-03-19 08:35:34,185 [ERROR] data.orderflow_ws: WS error: timed out during opening handshake — reconnect in 10s
2026-03-19 08:35:35,007 [ERROR] aiogram.dispatcher: Failed to fetch updates - TelegramNetworkError: HTTP Client says - ClientConnectorDNSError: Cannot connect to host api.telegram.org:443 ssl:default [getaddrinfo failed]
2026-03-19 08:35:35,008 [WARNING] aiogram.dispatcher: Sleep for 5.115021 seconds and try again... (tryings = 296, bot id = 8749354405)
2026-03-19 08:35:40,130 [ERROR] aiogram.dispatcher: Failed to fetch updates - TelegramNetworkError: HTTP Client says - ClientConnectorDNSError: Cannot connect to host api.telegram.org:443 ssl:default [getaddrinfo failed]
2026-03-19 08:35:40,132 [WARNING] aiogram.dispatcher: Sleep for 5.022396 seconds and try again... (tryings = 297, bot id = 8749354405)
2026-03-19 08:35:44,195 [ERROR] data.orderflow_ws: WS error: [Errno 11001] getaddrinfo failed — reconnect in 10s
2026-03-19 08:35:45,160 [ERROR] aiogram.dispatcher: Failed to fetch updates - TelegramNetworkError: HTTP Client says - ClientConnectorDNSError: Cannot connect to host api.telegram.org:443 ssl:default [getaddrinfo failed]
2026-03-19 08:35:45,161 [WARNING] aiogram.dispatcher: Sleep for 4.927203 seconds and try again... (tryings = 298, bot id = 8749354405)
2026-03-19 08:35:50,094 [ERROR] aiogram.dispatcher: Failed to fetch updates - TelegramNetworkError: HTTP Client says - ClientConnectorDNSError: Cannot connect to host api.telegram.org:443 ssl:default [getaddrinfo failed]
2026-03-19 08:35:50,095 [WARNING] aiogram.dispatcher: Sleep for 4.950778 seconds and try again... (tryings = 299, bot id = 8749354405)
2026-03-19 08:36:04,202 [ERROR] data.orderflow_ws: WS error: timed out during opening handshake — reconnect in 10s
2026-03-19 08:36:07,087 [ERROR] aiogram.dispatcher: Failed to fetch updates - TelegramNetworkError: HTTP Client says - ClientConnectorDNSError: Cannot connect to host api.telegram.org:443 ssl:default [getaddrinfo failed]
2026-03-19 08:36:07,088 [WARNING] aiogram.dispatcher: Sleep for 5.026856 seconds and try again... (tryings = 300, bot id = 8749354405)
2026-03-19 08:36:12,120 [ERROR] aiogram.dispatcher: Failed to fetch updates - TelegramNetworkError: HTTP Client says - ClientConnectorDNSError: Cannot connect to host api.telegram.org:443 ssl:default [getaddrinfo failed]
2026-03-19 08:36:12,121 [WARNING] aiogram.dispatcher: Sleep for 4.803186 seconds and try again... (tryings = 301, bot id = 8749354405)
2026-03-19 08:36:14,215 [ERROR] data.orderflow_ws: WS error: [Errno 11001] getaddrinfo failed — reconnect in 10s
2026-03-19 08:36:24,223 [ERROR] data.orderflow_ws: WS error: [Errno 11001] getaddrinfo failed — reconnect in 10s
2026-03-19 08:36:28,961 [ERROR] aiogram.dispatcher: Failed to fetch updates - TelegramNetworkError: HTTP Client says - ClientConnectorDNSError: Cannot connect to host api.telegram.org:443 ssl:default [getaddrinfo failed]
2026-03-19 08:36:28,963 [WARNING] aiogram.dispatcher: Sleep for 4.918185 seconds and try again... (tryings = 302, bot id = 8749354405)
2026-03-19 08:36:33,892 [ERROR] aiogram.dispatcher: Failed to fetch updates - TelegramNetworkError: HTTP Client says - ClientConnectorDNSError: Cannot connect to host api.telegram.org:443 ssl:default [getaddrinfo failed]
2026-03-19 08:36:33,893 [WARNING] aiogram.dispatcher: Sleep for 4.974741 seconds and try again... (tryings = 303, bot id = 8749354405)
2026-03-19 08:36:38,874 [ERROR] aiogram.dispatcher: Failed to fetch updates - TelegramNetworkError: HTTP Client says - ClientConnectorDNSError: Cannot connect to host api.telegram.org:443 ssl:default [getaddrinfo failed]
2026-03-19 08:36:38,875 [WARNING] aiogram.dispatcher: Sleep for 4.953562 seconds and try again... (tryings = 304, bot id = 8749354405)
2026-03-19 08:36:43,847 [ERROR] aiogram.dispatcher: Failed to fetch updates - TelegramNetworkError: HTTP Client says - ClientConnectorDNSError: Cannot connect to host api.telegram.org:443 ssl:default [getaddrinfo failed]
2026-03-19 08:36:43,848 [WARNING] aiogram.dispatcher: Sleep for 5.019655 seconds and try again... (tryings = 305, bot id = 8749354405)
2026-03-19 08:36:44,232 [ERROR] data.orderflow_ws: WS error: timed out during opening handshake — reconnect in 10s
2026-03-19 08:36:48,879 [ERROR] aiogram.dispatcher: Failed to fetch updates - TelegramNetworkError: HTTP Client says - ClientConnectorDNSError: Cannot connect to host api.telegram.org:443 ssl:default [getaddrinfo failed]
2026-03-19 08:36:48,880 [WARNING] aiogram.dispatcher: Sleep for 4.968568 seconds and try again... (tryings = 306, bot id = 8749354405)
2026-03-19 08:37:04,255 [ERROR] data.orderflow_ws: WS error: timed out during opening handshake — reconnect in 10s
2026-03-19 08:37:05,894 [ERROR] aiogram.dispatcher: Failed to fetch updates - TelegramNetworkError: HTTP Client says - ClientConnectorDNSError: Cannot connect to host api.telegram.org:443 ssl:default [getaddrinfo failed]
2026-03-19 08:37:05,895 [WARNING] aiogram.dispatcher: Sleep for 5.150685 seconds and try again... (tryings = 307, bot id = 8749354405)
2026-03-19 08:37:11,050 [ERROR] aiogram.dispatcher: Failed to fetch updates - TelegramNetworkError: HTTP Client says - ClientConnectorDNSError: Cannot connect to host api.telegram.org:443 ssl:default [getaddrinfo failed]
2026-03-19 08:37:11,051 [WARNING] aiogram.dispatcher: Sleep for 5.250183 seconds and try again... (tryings = 308, bot id = 8749354405)
2026-03-19 08:37:14,260 [ERROR] data.orderflow_ws: WS error: [Errno 11001] getaddrinfo failed — reconnect in 10s
2026-03-19 08:37:16,317 [ERROR] aiogram.dispatcher: Failed to fetch updates - TelegramNetworkError: HTTP Client says - ClientConnectorDNSError: Cannot connect to host api.telegram.org:443 ssl:default [getaddrinfo failed]
2026-03-19 08:37:16,318 [WARNING] aiogram.dispatcher: Sleep for 5.036184 seconds and try again... (tryings = 309, bot id = 8749354405)
2026-03-19 08:37:24,273 [ERROR] data.orderflow_ws: WS error: [Errno 11001] getaddrinfo failed — reconnect in 10s
2026-03-19 08:37:33,396 [ERROR] aiogram.dispatcher: Failed to fetch updates - TelegramNetworkError: HTTP Client says - ClientConnectorDNSError: Cannot connect to host api.telegram.org:443 ssl:default [getaddrinfo failed]
2026-03-19 08:37:33,398 [WARNING] aiogram.dispatcher: Sleep for 4.900924 seconds and try again... (tryings = 310, bot id = 8749354405)
2026-03-19 08:37:34,281 [ERROR] data.orderflow_ws: WS error: [Errno 11001] getaddrinfo failed — reconnect in 10s
2026-03-19 08:37:38,313 [ERROR] aiogram.dispatcher: Failed to fetch updates - TelegramNetworkError: HTTP Client says - ClientConnectorDNSError: Cannot connect to host api.telegram.org:443 ssl:default [getaddrinfo failed]
2026-03-19 08:37:38,315 [WARNING] aiogram.dispatcher: Sleep for 5.218610 seconds and try again... (tryings = 311, bot id = 8749354405)
2026-03-19 08:37:43,544 [ERROR] aiogram.dispatcher: Failed to fetch updates - TelegramNetworkError: HTTP Client says - ClientConnectorDNSError: Cannot connect to host api.telegram.org:443 ssl:default [getaddrinfo failed]
2026-03-19 08:37:43,545 [WARNING] aiogram.dispatcher: Sleep for 4.802943 seconds and try again... (tryings = 312, bot id = 8749354405)
2026-03-19 08:37:44,287 [ERROR] data.orderflow_ws: WS error: [Errno 11001] getaddrinfo failed — reconnect in 10s
2026-03-19 08:37:50,370 [ERROR] aiogram.dispatcher: Failed to fetch updates - TelegramNetworkError: HTTP Client says - ClientConnectorDNSError: Cannot connect to host api.telegram.org:443 ssl:default [getaddrinfo failed]
2026-03-19 08:37:50,371 [WARNING] aiogram.dispatcher: Sleep for 4.977625 seconds and try again... (tryings = 313, bot id = 8749354405)
2026-03-19 08:37:54,304 [ERROR] data.orderflow_ws: WS error: [Errno 11001] getaddrinfo failed — reconnect in 10s
2026-03-19 08:37:55,356 [ERROR] aiogram.dispatcher: Failed to fetch updates - TelegramNetworkError: HTTP Client says - ClientConnectorDNSError: Cannot connect to host api.telegram.org:443 ssl:default [getaddrinfo failed]
2026-03-19 08:37:55,357 [WARNING] aiogram.dispatcher: Sleep for 4.946096 seconds and try again... (tryings = 314, bot id = 8749354405)
2026-03-19 08:38:00,320 [ERROR] aiogram.dispatcher: Failed to fetch updates - TelegramNetworkError: HTTP Client says - ClientConnectorDNSError: Cannot connect to host api.telegram.org:443 ssl:default [getaddrinfo failed]
2026-03-19 08:38:00,321 [WARNING] aiogram.dispatcher: Sleep for 5.040009 seconds and try again... (tryings = 315, bot id = 8749354405)
2026-03-19 08:38:14,333 [ERROR] data.orderflow_ws: WS error: timed out during opening handshake — reconnect in 10s
2026-03-19 08:38:17,416 [ERROR] aiogram.dispatcher: Failed to fetch updates - TelegramNetworkError: HTTP Client says - ClientConnectorDNSError: Cannot connect to host api.telegram.org:443 ssl:default [getaddrinfo failed]
2026-03-19 08:38:17,417 [WARNING] aiogram.dispatcher: Sleep for 4.985089 seconds and try again... (tryings = 316, bot id = 8749354405)
2026-03-19 08:38:22,410 [ERROR] aiogram.dispatcher: Failed to fetch updates - TelegramNetworkError: HTTP Client says - ClientConnectorDNSError: Cannot connect to host api.telegram.org:443 ssl:default [getaddrinfo failed]
2026-03-19 08:38:22,411 [WARNING] aiogram.dispatcher: Sleep for 4.930127 seconds and try again... (tryings = 317, bot id = 8749354405)
2026-03-19 08:38:24,345 [ERROR] data.orderflow_ws: WS error: [Errno 11001] getaddrinfo failed — reconnect in 10s
2026-03-19 08:38:27,347 [ERROR] aiogram.dispatcher: Failed to fetch updates - TelegramNetworkError: HTTP Client says - ClientConnectorDNSError: Cannot connect to host api.telegram.org:443 ssl:default [getaddrinfo failed]
2026-03-19 08:38:27,348 [WARNING] aiogram.dispatcher: Sleep for 5.133701 seconds and try again... (tryings = 318, bot id = 8749354405)
2026-03-19 08:38:44,366 [ERROR] data.orderflow_ws: WS error: timed out during opening handshake — reconnect in 10s
2026-03-19 08:38:44,537 [ERROR] aiogram.dispatcher: Failed to fetch updates - TelegramNetworkError: HTTP Client says - ClientConnectorDNSError: Cannot connect to host api.telegram.org:443 ssl:default [getaddrinfo failed]
2026-03-19 08:38:44,538 [WARNING] aiogram.dispatcher: Sleep for 4.876410 seconds and try again... (tryings = 319, bot id = 8749354405)
2026-03-19 08:38:49,424 [ERROR] aiogram.dispatcher: Failed to fetch updates - TelegramNetworkError: HTTP Client says - ClientConnectorDNSError: Cannot connect to host api.telegram.org:443 ssl:default [getaddrinfo failed]
2026-03-19 08:38:49,426 [WARNING] aiogram.dispatcher: Sleep for 4.944825 seconds and try again... (tryings = 320, bot id = 8749354405)
2026-03-19 08:38:54,379 [ERROR] data.orderflow_ws: WS error: [Errno 11001] getaddrinfo failed — reconnect in 10s
2026-03-19 08:38:54,380 [ERROR] aiogram.dispatcher: Failed to fetch updates - TelegramNetworkError: HTTP Client says - ClientConnectorDNSError: Cannot connect to host api.telegram.org:443 ssl:default [getaddrinfo failed]
2026-03-19 08:38:54,381 [WARNING] aiogram.dispatcher: Sleep for 5.066040 seconds and try again... (tryings = 321, bot id = 8749354405)
2026-03-19 08:39:01,447 [ERROR] aiogram.dispatcher: Failed to fetch updates - TelegramNetworkError: HTTP Client says - ClientConnectorDNSError: Cannot connect to host api.telegram.org:443 ssl:default [getaddrinfo failed]
2026-03-19 08:39:01,448 [WARNING] aiogram.dispatcher: Sleep for 4.980276 seconds and try again... (tryings = 322, bot id = 8749354405)
2026-03-19 08:39:04,398 [ERROR] data.orderflow_ws: WS error: [Errno 11001] getaddrinfo failed — reconnect in 10s
2026-03-19 08:39:06,438 [ERROR] aiogram.dispatcher: Failed to fetch updates - TelegramNetworkError: HTTP Client says - ClientConnectorDNSError: Cannot connect to host api.telegram.org:443 ssl:default [getaddrinfo failed]
2026-03-19 08:39:06,439 [WARNING] aiogram.dispatcher: Sleep for 4.928222 seconds and try again... (tryings = 323, bot id = 8749354405)
2026-03-19 08:39:11,376 [ERROR] aiogram.dispatcher: Failed to fetch updates - TelegramNetworkError: HTTP Client says - ClientConnectorDNSError: Cannot connect to host api.telegram.org:443 ssl:default [getaddrinfo failed]
2026-03-19 08:39:11,377 [WARNING] aiogram.dispatcher: Sleep for 4.963031 seconds and try again... (tryings = 324, bot id = 8749354405)
2026-03-19 08:39:14,411 [ERROR] data.orderflow_ws: WS error: [Errno 11001] getaddrinfo failed — reconnect in 10s
2026-03-19 08:39:24,429 [ERROR] data.orderflow_ws: WS error: [Errno 11001] getaddrinfo failed — reconnect in 10s
2026-03-19 08:39:28,395 [ERROR] aiogram.dispatcher: Failed to fetch updates - TelegramNetworkError: HTTP Client says - ClientConnectorDNSError: Cannot connect to host api.telegram.org:443 ssl:default [getaddrinfo failed]
2026-03-19 08:39:28,396 [WARNING] aiogram.dispatcher: Sleep for 4.973850 seconds and try again... (tryings = 325, bot id = 8749354405)
2026-03-19 08:39:33,376 [ERROR] aiogram.dispatcher: Failed to fetch updates - TelegramNetworkError: HTTP Client says - ClientConnectorDNSError: Cannot connect to host api.telegram.org:443 ssl:default [getaddrinfo failed]
2026-03-19 08:39:33,378 [WARNING] aiogram.dispatcher: Sleep for 4.806802 seconds and try again... (tryings = 326, bot id = 8749354405)
2026-03-19 08:39:38,189 [ERROR] aiogram.dispatcher: Failed to fetch updates - TelegramNetworkError: HTTP Client says - ClientConnectorDNSError: Cannot connect to host api.telegram.org:443 ssl:default [getaddrinfo failed]
2026-03-19 08:39:38,190 [WARNING] aiogram.dispatcher: Sleep for 5.022252 seconds and try again... (tryings = 327, bot id = 8749354405)
2026-03-19 08:39:44,466 [ERROR] data.orderflow_ws: WS error: timed out during opening handshake — reconnect in 10s
2026-03-19 08:39:55,248 [ERROR] aiogram.dispatcher: Failed to fetch updates - TelegramNetworkError: HTTP Client says - ClientConnectorDNSError: Cannot connect to host api.telegram.org:443 ssl:default [getaddrinfo failed]
2026-03-19 08:39:55,249 [WARNING] aiogram.dispatcher: Sleep for 5.165521 seconds and try again... (tryings = 328, bot id = 8749354405)
2026-03-19 08:40:04,500 [ERROR] data.orderflow_ws: WS error: timed out during opening handshake — reconnect in 10s
2026-03-19 08:40:12,462 [ERROR] aiogram.dispatcher: Failed to fetch updates - TelegramNetworkError: HTTP Client says - ClientConnectorDNSError: Cannot connect to host api.telegram.org:443 ssl:default [getaddrinfo failed]
2026-03-19 08:40:12,463 [WARNING] aiogram.dispatcher: Sleep for 5.004711 seconds and try again... (tryings = 329, bot id = 8749354405)
2026-03-19 08:40:14,519 [ERROR] data.orderflow_ws: WS error: [Errno 11001] getaddrinfo failed — reconnect in 10s
2026-03-19 08:40:17,479 [ERROR] aiogram.dispatcher: Failed to fetch updates - TelegramNetworkError: HTTP Client says - ClientConnectorDNSError: Cannot connect to host api.telegram.org:443 ssl:default [getaddrinfo failed]
2026-03-19 08:40:17,480 [WARNING] aiogram.dispatcher: Sleep for 4.996056 seconds and try again... (tryings = 330, bot id = 8749354405)
2026-03-19 08:40:24,532 [ERROR] data.orderflow_ws: WS error: [Errno 11001] getaddrinfo failed — reconnect in 10s
2026-03-19 08:40:34,503 [ERROR] aiogram.dispatcher: Failed to fetch updates - TelegramNetworkError: HTTP Client says - ClientConnectorDNSError: Cannot connect to host api.telegram.org:443 ssl:default [getaddrinfo failed]
2026-03-19 08:40:34,504 [WARNING] aiogram.dispatcher: Sleep for 4.962787 seconds and try again... (tryings = 331, bot id = 8749354405)
2026-03-19 08:40:34,548 [ERROR] data.orderflow_ws: WS error: [Errno 11001] getaddrinfo failed — reconnect in 10s
2026-03-19 08:40:39,478 [ERROR] aiogram.dispatcher: Failed to fetch updates - TelegramNetworkError: HTTP Client says - ClientConnectorDNSError: Cannot connect to host api.telegram.org:443 ssl:default [getaddrinfo failed]
2026-03-19 08:40:39,480 [WARNING] aiogram.dispatcher: Sleep for 5.073548 seconds and try again... (tryings = 332, bot id = 8749354405)
2026-03-19 08:40:54,560 [ERROR] data.orderflow_ws: WS error: timed out during opening handshake — reconnect in 10s
2026-03-19 08:40:56,611 [ERROR] aiogram.dispatcher: Failed to fetch updates - TelegramNetworkError: HTTP Client says - ClientConnectorDNSError: Cannot connect to host api.telegram.org:443 ssl:default [getaddrinfo failed]
2026-03-19 08:40:56,612 [WARNING] aiogram.dispatcher: Sleep for 5.063849 seconds and try again... (tryings = 333, bot id = 8749354405)
2026-03-19 08:41:01,694 [ERROR] aiogram.dispatcher: Failed to fetch updates - TelegramNetworkError: HTTP Client says - ClientConnectorDNSError: Cannot connect to host api.telegram.org:443 ssl:default [getaddrinfo failed]
2026-03-19 08:41:01,695 [WARNING] aiogram.dispatcher: Sleep for 5.126760 seconds and try again... (tryings = 334, bot id = 8749354405)
2026-03-19 08:41:04,577 [ERROR] data.orderflow_ws: WS error: [Errno 11001] getaddrinfo failed — reconnect in 10s
2026-03-19 08:41:06,839 [ERROR] aiogram.dispatcher: Failed to fetch updates - TelegramNetworkError: HTTP Client says - ClientConnectorDNSError: Cannot connect to host api.telegram.org:443 ssl:default [getaddrinfo failed]
2026-03-19 08:41:06,840 [WARNING] aiogram.dispatcher: Sleep for 4.907501 seconds and try again... (tryings = 335, bot id = 8749354405)
2026-03-19 08:41:23,777 [ERROR] aiogram.dispatcher: Failed to fetch updates - TelegramNetworkError: HTTP Client says - ClientConnectorDNSError: Cannot connect to host api.telegram.org:443 ssl:default [getaddrinfo failed]
2026-03-19 08:41:23,778 [WARNING] aiogram.dispatcher: Sleep for 5.107502 seconds and try again... (tryings = 336, bot id = 8749354405)
2026-03-19 08:41:24,595 [ERROR] data.orderflow_ws: WS error: timed out during opening handshake — reconnect in 10s
2026-03-19 08:41:28,895 [ERROR] aiogram.dispatcher: Failed to fetch updates - TelegramNetworkError: HTTP Client says - ClientConnectorDNSError: Cannot connect to host api.telegram.org:443 ssl:default [getaddrinfo failed]
2026-03-19 08:41:28,896 [WARNING] aiogram.dispatcher: Sleep for 5.046442 seconds and try again... (tryings = 337, bot id = 8749354405)
2026-03-19 08:41:33,958 [ERROR] aiogram.dispatcher: Failed to fetch updates - TelegramNetworkError: HTTP Client says - ClientConnectorDNSError: Cannot connect to host api.telegram.org:443 ssl:default [getaddrinfo failed]
2026-03-19 08:41:33,959 [WARNING] aiogram.dispatcher: Sleep for 5.031388 seconds and try again... (tryings = 338, bot id = 8749354405)
2026-03-19 08:41:34,613 [ERROR] data.orderflow_ws: WS error: [Errno 11001] getaddrinfo failed — reconnect in 10s
2026-03-19 08:41:38,997 [ERROR] aiogram.dispatcher: Failed to fetch updates - TelegramNetworkError: HTTP Client says - ClientConnectorDNSError: Cannot connect to host api.telegram.org:443 ssl:default [getaddrinfo failed]
2026-03-19 08:41:38,998 [WARNING] aiogram.dispatcher: Sleep for 4.959975 seconds and try again... (tryings = 339, bot id = 8749354405)
2026-03-19 08:41:43,974 [ERROR] aiogram.dispatcher: Failed to fetch updates - TelegramNetworkError: HTTP Client says - ClientConnectorDNSError: Cannot connect to host api.telegram.org:443 ssl:default [getaddrinfo failed]
2026-03-19 08:41:43,975 [WARNING] aiogram.dispatcher: Sleep for 5.096993 seconds and try again... (tryings = 340, bot id = 8749354405)
2026-03-19 08:41:44,621 [ERROR] data.orderflow_ws: WS error: [Errno 11001] getaddrinfo failed — reconnect in 10s
2026-03-19 08:41:54,638 [ERROR] data.orderflow_ws: WS error: [Errno 11001] getaddrinfo failed — reconnect in 10s
2026-03-19 08:42:01,117 [ERROR] aiogram.dispatcher: Failed to fetch updates - TelegramNetworkError: HTTP Client says - ClientConnectorDNSError: Cannot connect to host api.telegram.org:443 ssl:default [getaddrinfo failed]
2026-03-19 08:42:01,118 [WARNING] aiogram.dispatcher: Sleep for 5.028854 seconds and try again... (tryings = 341, bot id = 8749354405)
2026-03-19 08:42:04,651 [ERROR] data.orderflow_ws: WS error: [Errno 11001] getaddrinfo failed — reconnect in 10s
2026-03-19 08:42:06,159 [ERROR] aiogram.dispatcher: Failed to fetch updates - TelegramNetworkError: HTTP Client says - ClientConnectorDNSError: Cannot connect to host api.telegram.org:443 ssl:default [getaddrinfo failed]
2026-03-19 08:42:06,160 [WARNING] aiogram.dispatcher: Sleep for 5.079300 seconds and try again... (tryings = 342, bot id = 8749354405)
2026-03-19 08:42:23,284 [ERROR] aiogram.dispatcher: Failed to fetch updates - TelegramNetworkError: HTTP Client says - ClientConnectorDNSError: Cannot connect to host api.telegram.org:443 ssl:default [getaddrinfo failed]
2026-03-19 08:42:23,285 [WARNING] aiogram.dispatcher: Sleep for 4.998579 seconds and try again... (tryings = 343, bot id = 8749354405)
2026-03-19 08:42:24,677 [ERROR] data.orderflow_ws: WS error: timed out during opening handshake — reconnect in 10s
2026-03-19 08:42:28,293 [ERROR] aiogram.dispatcher: Failed to fetch updates - TelegramNetworkError: HTTP Client says - ClientConnectorDNSError: Cannot connect to host api.telegram.org:443 ssl:default [getaddrinfo failed]
2026-03-19 08:42:28,294 [WARNING] aiogram.dispatcher: Sleep for 5.139420 seconds and try again... (tryings = 344, bot id = 8749354405)
2026-03-19 08:42:33,445 [ERROR] aiogram.dispatcher: Failed to fetch updates - TelegramNetworkError: HTTP Client says - ClientConnectorDNSError: Cannot connect to host api.telegram.org:443 ssl:default [getaddrinfo failed]
2026-03-19 08:42:33,446 [WARNING] aiogram.dispatcher: Sleep for 4.888056 seconds and try again... (tryings = 345, bot id = 8749354405)
2026-03-19 08:42:44,693 [ERROR] data.orderflow_ws: WS error: timed out during opening handshake — reconnect in 10s
2026-03-19 08:42:50,391 [ERROR] aiogram.dispatcher: Failed to fetch updates - TelegramNetworkError: HTTP Client says - ClientConnectorDNSError: Cannot connect to host api.telegram.org:443 ssl:default [getaddrinfo failed]
2026-03-19 08:42:50,393 [WARNING] aiogram.dispatcher: Sleep for 4.945399 seconds and try again... (tryings = 346, bot id = 8749354405)
2026-03-19 08:42:54,707 [ERROR] data.orderflow_ws: WS error: [Errno 11001] getaddrinfo failed — reconnect in 10s
2026-03-19 08:42:55,346 [ERROR] aiogram.dispatcher: Failed to fetch updates - TelegramNetworkError: HTTP Client says - ClientConnectorDNSError: Cannot connect to host api.telegram.org:443 ssl:default [getaddrinfo failed]
2026-03-19 08:42:55,347 [WARNING] aiogram.dispatcher: Sleep for 5.038528 seconds and try again... (tryings = 347, bot id = 8749354405)
2026-03-19 08:43:06,750 [ERROR] data.orderflow_ws: WS error: [Errno 11001] getaddrinfo failed — reconnect in 10s
2026-03-19 08:43:12,437 [ERROR] aiogram.dispatcher: Failed to fetch updates - TelegramNetworkError: HTTP Client says - ClientConnectorDNSError: Cannot connect to host api.telegram.org:443 ssl:default [getaddrinfo failed]
2026-03-19 08:43:12,438 [WARNING] aiogram.dispatcher: Sleep for 4.979516 seconds and try again... (tryings = 348, bot id = 8749354405)
2026-03-19 08:43:16,759 [ERROR] data.orderflow_ws: WS error: [Errno 11001] getaddrinfo failed — reconnect in 10s
2026-03-19 08:43:17,424 [ERROR] aiogram.dispatcher: Failed to fetch updates - TelegramNetworkError: HTTP Client says - ClientConnectorDNSError: Cannot connect to host api.telegram.org:443 ssl:default [getaddrinfo failed]
2026-03-19 08:43:17,425 [WARNING] aiogram.dispatcher: Sleep for 5.151382 seconds and try again... (tryings = 349, bot id = 8749354405)
2026-03-19 08:43:22,595 [ERROR] aiogram.dispatcher: Failed to fetch updates - TelegramNetworkError: HTTP Client says - ClientConnectorDNSError: Cannot connect to host api.telegram.org:443 ssl:default [getaddrinfo failed]
2026-03-19 08:43:22,596 [WARNING] aiogram.dispatcher: Sleep for 5.095818 seconds and try again... (tryings = 350, bot id = 8749354405)
2026-03-19 08:43:36,782 [ERROR] data.orderflow_ws: WS error: timed out during opening handshake — reconnect in 10s
2026-03-19 08:43:39,745 [ERROR] aiogram.dispatcher: Failed to fetch updates - TelegramNetworkError: HTTP Client says - ClientConnectorDNSError: Cannot connect to host api.telegram.org:443 ssl:default [getaddrinfo failed]
2026-03-19 08:43:39,746 [WARNING] aiogram.dispatcher: Sleep for 5.125787 seconds and try again... (tryings = 351, bot id = 8749354405)
2026-03-19 08:43:44,883 [ERROR] aiogram.dispatcher: Failed to fetch updates - TelegramNetworkError: HTTP Client says - ClientConnectorDNSError: Cannot connect to host api.telegram.org:443 ssl:default [getaddrinfo failed]
2026-03-19 08:43:44,884 [WARNING] aiogram.dispatcher: Sleep for 5.039185 seconds and try again... (tryings = 352, bot id = 8749354405)
2026-03-19 08:43:46,799 [ERROR] data.orderflow_ws: WS error: [Errno 11001] getaddrinfo failed — reconnect in 10s
2026-03-19 08:43:56,807 [ERROR] data.orderflow_ws: WS error: [Errno 11001] getaddrinfo failed — reconnect in 10s
2026-03-19 08:44:01,989 [ERROR] aiogram.dispatcher: Failed to fetch updates - TelegramNetworkError: HTTP Client says - ClientConnectorDNSError: Cannot connect to host api.telegram.org:443 ssl:default [getaddrinfo failed]
2026-03-19 08:44:01,990 [WARNING] aiogram.dispatcher: Sleep for 4.848917 seconds and try again... (tryings = 353, bot id = 8749354405)
2026-03-19 08:44:06,824 [ERROR] data.orderflow_ws: WS error: [Errno 11001] getaddrinfo failed — reconnect in 10s
2026-03-19 08:44:06,850 [ERROR] aiogram.dispatcher: Failed to fetch updates - TelegramNetworkError: HTTP Client says - ClientConnectorDNSError: Cannot connect to host api.telegram.org:443 ssl:default [getaddrinfo failed]
2026-03-19 08:44:06,851 [WARNING] aiogram.dispatcher: Sleep for 5.091663 seconds and try again... (tryings = 354, bot id = 8749354405)
2026-03-19 08:44:11,962 [ERROR] aiogram.dispatcher: Failed to fetch updates - TelegramNetworkError: HTTP Client says - ClientConnectorDNSError: Cannot connect to host api.telegram.org:443 ssl:default [getaddrinfo failed]
2026-03-19 08:44:11,963 [WARNING] aiogram.dispatcher: Sleep for 4.957607 seconds and try again... (tryings = 355, bot id = 8749354405)
2026-03-19 08:44:16,828 [ERROR] data.orderflow_ws: WS error: [Errno 11001] getaddrinfo failed — reconnect in 10s
2026-03-19 08:44:16,925 [ERROR] aiogram.dispatcher: Failed to fetch updates - TelegramNetworkError: HTTP Client says - ClientConnectorDNSError: Cannot connect to host api.telegram.org:443 ssl:default [getaddrinfo failed]
2026-03-19 08:44:16,926 [WARNING] aiogram.dispatcher: Sleep for 4.886061 seconds and try again... (tryings = 356, bot id = 8749354405)
2026-03-19 08:44:23,996 [ERROR] aiogram.dispatcher: Failed to fetch updates - TelegramNetworkError: HTTP Client says - ClientConnectorDNSError: Cannot connect to host api.telegram.org:443 ssl:default [getaddrinfo failed]
2026-03-19 08:44:23,997 [WARNING] aiogram.dispatcher: Sleep for 4.778193 seconds and try again... (tryings = 357, bot id = 8749354405)
2026-03-19 08:44:26,838 [ERROR] data.orderflow_ws: WS error: [Errno 11001] getaddrinfo failed — reconnect in 10s
2026-03-19 08:44:28,783 [ERROR] aiogram.dispatcher: Failed to fetch updates - TelegramNetworkError: HTTP Client says - ClientConnectorDNSError: Cannot connect to host api.telegram.org:443 ssl:default [getaddrinfo failed]
2026-03-19 08:44:28,785 [WARNING] aiogram.dispatcher: Sleep for 5.059949 seconds and try again... (tryings = 358, bot id = 8749354405)
2026-03-19 08:44:33,855 [ERROR] aiogram.dispatcher: Failed to fetch updates - TelegramNetworkError: HTTP Client says - ClientConnectorDNSError: Cannot connect to host api.telegram.org:443 ssl:default [getaddrinfo failed]
2026-03-19 08:44:33,856 [WARNING] aiogram.dispatcher: Sleep for 4.867116 seconds and try again... (tryings = 359, bot id = 8749354405)
2026-03-19 08:44:36,854 [ERROR] data.orderflow_ws: WS error: [Errno 11001] getaddrinfo failed — reconnect in 10s
2026-03-19 08:44:38,733 [ERROR] aiogram.dispatcher: Failed to fetch updates - TelegramNetworkError: HTTP Client says - ClientConnectorDNSError: Cannot connect to host api.telegram.org:443 ssl:default [getaddrinfo failed]
2026-03-19 08:44:38,735 [WARNING] aiogram.dispatcher: Sleep for 4.935936 seconds and try again... (tryings = 360, bot id = 8749354405)
2026-03-19 08:44:43,677 [ERROR] aiogram.dispatcher: Failed to fetch updates - TelegramNetworkError: HTTP Client says - ClientConnectorDNSError: Cannot connect to host api.telegram.org:443 ssl:default [getaddrinfo failed]
2026-03-19 08:44:43,679 [WARNING] aiogram.dispatcher: Sleep for 5.022507 seconds and try again... (tryings = 361, bot id = 8749354405)
2026-03-19 08:44:46,865 [ERROR] data.orderflow_ws: WS error: [Errno 11001] getaddrinfo failed — reconnect in 10s
2026-03-19 08:44:48,709 [ERROR] aiogram.dispatcher: Failed to fetch updates - TelegramNetworkError: HTTP Client says - ClientConnectorDNSError: Cannot connect to host api.telegram.org:443 ssl:default [getaddrinfo failed]
2026-03-19 08:44:48,710 [WARNING] aiogram.dispatcher: Sleep for 4.957113 seconds and try again... (tryings = 362, bot id = 8749354405)
2026-03-19 08:44:58,911 [ERROR] data.orderflow_ws: WS error: [Errno 11001] getaddrinfo failed — reconnect in 10s
2026-03-19 08:45:03,009 [INFO] apscheduler.executors.default: Running job "analysis_cycle (trigger: cron[minute='*/15', second='3'], next run at: 2026-03-19 09:00:03 MSK)" (scheduled at 2026-03-19 08:45:03+03:00)
2026-03-19 08:45:03,010 [INFO] __main__: ── Analysis cycle start ──────────────────
2026-03-19 08:45:05,704 [ERROR] aiogram.dispatcher: Failed to fetch updates - TelegramNetworkError: HTTP Client says - ClientConnectorDNSError: Cannot connect to host api.telegram.org:443 ssl:default [getaddrinfo failed]
2026-03-19 08:45:05,705 [WARNING] aiogram.dispatcher: Sleep for 5.122827 seconds and try again... (tryings = 363, bot id = 8749354405)
2026-03-19 08:45:08,939 [ERROR] data.orderflow_ws: WS error: [Errno 11001] getaddrinfo failed — reconnect in 10s
2026-03-19 08:45:10,054 [ERROR] engine.pipeline: Candle load failed: Binance request failed: Cannot connect to host testnet.binancefuture.com:443 ssl:default [getaddrinfo failed]
2026-03-19 08:45:10,055 [INFO] apscheduler.executors.default: Job "analysis_cycle (trigger: cron[minute='*/15', second='3'], next run at: 2026-03-19 09:00:03 MSK)" executed successfully
2026-03-19 08:45:10,841 [ERROR] aiogram.dispatcher: Failed to fetch updates - TelegramNetworkError: HTTP Client says - ClientConnectorDNSError: Cannot connect to host api.telegram.org:443 ssl:default [getaddrinfo failed]
2026-03-19 08:45:10,842 [WARNING] aiogram.dispatcher: Sleep for 5.133727 seconds and try again... (tryings = 364, bot id = 8749354405)
2026-03-19 08:45:15,982 [ERROR] aiogram.dispatcher: Failed to fetch updates - TelegramNetworkError: HTTP Client says - ClientConnectorDNSError: Cannot connect to host api.telegram.org:443 ssl:default [getaddrinfo failed]
2026-03-19 08:45:15,983 [WARNING] aiogram.dispatcher: Sleep for 4.980448 seconds and try again... (tryings = 365, bot id = 8749354405)
2026-03-19 08:45:28,950 [ERROR] data.orderflow_ws: WS error: timed out during opening handshake — reconnect in 10s
2026-03-19 08:45:33,031 [ERROR] aiogram.dispatcher: Failed to fetch updates - TelegramNetworkError: HTTP Client says - ClientConnectorDNSError: Cannot connect to host api.telegram.org:443 ssl:default [getaddrinfo failed]
2026-03-19 08:45:33,032 [WARNING] aiogram.dispatcher: Sleep for 4.872463 seconds and try again... (tryings = 366, bot id = 8749354405)
2026-03-19 08:45:37,912 [ERROR] aiogram.dispatcher: Failed to fetch updates - TelegramNetworkError: HTTP Client says - ClientConnectorDNSError: Cannot connect to host api.telegram.org:443 ssl:default [getaddrinfo failed]
2026-03-19 08:45:37,913 [WARNING] aiogram.dispatcher: Sleep for 5.135504 seconds and try again... (tryings = 367, bot id = 8749354405)
2026-03-19 08:45:38,966 [ERROR] data.orderflow_ws: WS error: [Errno 11001] getaddrinfo failed — reconnect in 10s
2026-03-19 08:45:43,054 [ERROR] aiogram.dispatcher: Failed to fetch updates - TelegramNetworkError: HTTP Client says - ClientConnectorDNSError: Cannot connect to host api.telegram.org:443 ssl:default [getaddrinfo failed]
2026-03-19 08:45:43,056 [WARNING] aiogram.dispatcher: Sleep for 4.983769 seconds and try again... (tryings = 368, bot id = 8749354405)
2026-03-19 08:45:55,097 [ERROR] aiogram.dispatcher: Failed to fetch updates - TelegramNetworkError: HTTP Client says - ClientConnectorDNSError: Cannot connect to host api.telegram.org:443 ssl:default [getaddrinfo failed]
2026-03-19 08:45:55,098 [WARNING] aiogram.dispatcher: Sleep for 4.909764 seconds and try again... (tryings = 369, bot id = 8749354405)
2026-03-19 08:45:58,976 [ERROR] data.orderflow_ws: WS error: timed out during opening handshake — reconnect in 10s
2026-03-19 08:46:00,016 [ERROR] aiogram.dispatcher: Failed to fetch updates - TelegramNetworkError: HTTP Client says - ClientConnectorDNSError: Cannot connect to host api.telegram.org:443 ssl:default [getaddrinfo failed]
2026-03-19 08:46:00,018 [WARNING] aiogram.dispatcher: Sleep for 4.922050 seconds and try again... (tryings = 370, bot id = 8749354405)
2026-03-19 08:46:04,953 [ERROR] aiogram.dispatcher: Failed to fetch updates - TelegramNetworkError: HTTP Client says - ClientConnectorDNSError: Cannot connect to host api.telegram.org:443 ssl:default [getaddrinfo failed]
2026-03-19 08:46:04,955 [WARNING] aiogram.dispatcher: Sleep for 5.149520 seconds and try again... (tryings = 371, bot id = 8749354405)
2026-03-19 08:46:08,992 [ERROR] data.orderflow_ws: WS error: [Errno 11001] getaddrinfo failed — reconnect in 10s
2026-03-19 08:46:10,113 [ERROR] aiogram.dispatcher: Failed to fetch updates - TelegramNetworkError: HTTP Client says - ClientConnectorDNSError: Cannot connect to host api.telegram.org:443 ssl:default [getaddrinfo failed]
2026-03-19 08:46:10,114 [WARNING] aiogram.dispatcher: Sleep for 4.965007 seconds and try again... (tryings = 372, bot id = 8749354405)
2026-03-19 08:46:27,158 [ERROR] aiogram.dispatcher: Failed to fetch updates - TelegramNetworkError: HTTP Client says - ClientConnectorDNSError: Cannot connect to host api.telegram.org:443 ssl:default [getaddrinfo failed]
2026-03-19 08:46:27,159 [WARNING] aiogram.dispatcher: Sleep for 4.954716 seconds and try again... (tryings = 373, bot id = 8749354405)
2026-03-19 08:46:29,023 [ERROR] data.orderflow_ws: WS error: timed out during opening handshake — reconnect in 10s
2026-03-19 08:46:32,124 [ERROR] aiogram.dispatcher: Failed to fetch updates - TelegramNetworkError: HTTP Client says - ClientConnectorDNSError: Cannot connect to host api.telegram.org:443 ssl:default [getaddrinfo failed]
2026-03-19 08:46:32,125 [WARNING] aiogram.dispatcher: Sleep for 4.949666 seconds and try again... (tryings = 374, bot id = 8749354405)
2026-03-19 08:46:37,093 [ERROR] aiogram.dispatcher: Failed to fetch updates - TelegramNetworkError: HTTP Client says - ClientConnectorDNSError: Cannot connect to host api.telegram.org:443 ssl:default [getaddrinfo failed]
2026-03-19 08:46:37,094 [WARNING] aiogram.dispatcher: Sleep for 4.989170 seconds and try again... (tryings = 375, bot id = 8749354405)
2026-03-19 08:46:39,026 [ERROR] data.orderflow_ws: WS error: [Errno 11001] getaddrinfo failed — reconnect in 10s
2026-03-19 08:46:49,036 [ERROR] data.orderflow_ws: WS error: [Errno 11001] getaddrinfo failed — reconnect in 10s
2026-03-19 08:46:54,130 [ERROR] aiogram.dispatcher: Failed to fetch updates - TelegramNetworkError: HTTP Client says - ClientConnectorDNSError: Cannot connect to host api.telegram.org:443 ssl:default [getaddrinfo failed]
2026-03-19 08:46:54,131 [WARNING] aiogram.dispatcher: Sleep for 5.182245 seconds and try again... (tryings = 376, bot id = 8749354405)
2026-03-19 08:46:59,052 [ERROR] data.orderflow_ws: WS error: [Errno 11001] getaddrinfo failed — reconnect in 10s
2026-03-19 08:46:59,326 [ERROR] aiogram.dispatcher: Failed to fetch updates - TelegramNetworkError: HTTP Client says - ClientConnectorDNSError: Cannot connect to host api.telegram.org:443 ssl:default [getaddrinfo failed]
2026-03-19 08:46:59,327 [WARNING] aiogram.dispatcher: Sleep for 4.976384 seconds and try again... (tryings = 377, bot id = 8749354405)
2026-03-19 08:47:11,086 [ERROR] data.orderflow_ws: WS error: [Errno 11001] getaddrinfo failed — reconnect in 10s
2026-03-19 08:47:16,383 [ERROR] aiogram.dispatcher: Failed to fetch updates - TelegramNetworkError: HTTP Client says - ClientConnectorDNSError: Cannot connect to host api.telegram.org:443 ssl:default [getaddrinfo failed]
2026-03-19 08:47:16,384 [WARNING] aiogram.dispatcher: Sleep for 4.967584 seconds and try again... (tryings = 378, bot id = 8749354405)
2026-03-19 08:47:21,089 [ERROR] data.orderflow_ws: WS error: [Errno 11001] getaddrinfo failed — reconnect in 10s
2026-03-19 08:47:21,355 [ERROR] aiogram.dispatcher: Failed to fetch updates - TelegramNetworkError: HTTP Client says - ClientConnectorDNSError: Cannot connect to host api.telegram.org:443 ssl:default [getaddrinfo failed]
2026-03-19 08:47:21,357 [WARNING] aiogram.dispatcher: Sleep for 5.125961 seconds and try again... (tryings = 379, bot id = 8749354405)
2026-03-19 08:47:26,487 [ERROR] aiogram.dispatcher: Failed to fetch updates - TelegramNetworkError: HTTP Client says - ClientConnectorDNSError: Cannot connect to host api.telegram.org:443 ssl:default [getaddrinfo failed]
2026-03-19 08:47:26,488 [WARNING] aiogram.dispatcher: Sleep for 4.988471 seconds and try again... (tryings = 380, bot id = 8749354405)
2026-03-19 08:47:41,097 [ERROR] data.orderflow_ws: WS error: timed out during opening handshake — reconnect in 10s
2026-03-19 08:47:43,523 [ERROR] aiogram.dispatcher: Failed to fetch updates - TelegramNetworkError: HTTP Client says - ClientConnectorDNSError: Cannot connect to host api.telegram.org:443 ssl:default [getaddrinfo failed]
2026-03-19 08:47:43,524 [WARNING] aiogram.dispatcher: Sleep for 4.909255 seconds and try again... (tryings = 381, bot id = 8749354405)
2026-03-19 08:47:48,447 [ERROR] aiogram.dispatcher: Failed to fetch updates - TelegramNetworkError: HTTP Client says - ClientConnectorDNSError: Cannot connect to host api.telegram.org:443 ssl:default [getaddrinfo failed]
2026-03-19 08:47:48,448 [WARNING] aiogram.dispatcher: Sleep for 4.922802 seconds and try again... (tryings = 382, bot id = 8749354405)
2026-03-19 08:47:51,111 [ERROR] data.orderflow_ws: WS error: [Errno 11001] getaddrinfo failed — reconnect in 10s
2026-03-19 08:47:53,387 [ERROR] aiogram.dispatcher: Failed to fetch updates - TelegramNetworkError: HTTP Client says - ClientConnectorDNSError: Cannot connect to host api.telegram.org:443 ssl:default [getaddrinfo failed]
2026-03-19 08:47:53,388 [WARNING] aiogram.dispatcher: Sleep for 5.053415 seconds and try again... (tryings = 383, bot id = 8749354405)
2026-03-19 08:48:10,490 [ERROR] aiogram.dispatcher: Failed to fetch updates - TelegramNetworkError: HTTP Client says - ClientConnectorDNSError: Cannot connect to host api.telegram.org:443 ssl:default [getaddrinfo failed]
2026-03-19 08:48:10,491 [WARNING] aiogram.dispatcher: Sleep for 4.940418 seconds and try again... (tryings = 384, bot id = 8749354405)
2026-03-19 08:48:11,153 [ERROR] data.orderflow_ws: WS error: timed out during opening handshake — reconnect in 10s
2026-03-19 08:48:15,456 [ERROR] aiogram.dispatcher: Failed to fetch updates - TelegramNetworkError: HTTP Client says - ClientConnectorDNSError: Cannot connect to host api.telegram.org:443 ssl:default [getaddrinfo failed]
2026-03-19 08:48:15,457 [WARNING] aiogram.dispatcher: Sleep for 5.165007 seconds and try again... (tryings = 385, bot id = 8749354405)
2026-03-19 08:48:31,178 [ERROR] data.orderflow_ws: WS error: timed out during opening handshake — reconnect in 10s
2026-03-19 08:48:32,685 [ERROR] aiogram.dispatcher: Failed to fetch updates - TelegramNetworkError: HTTP Client says - ClientConnectorDNSError: Cannot connect to host api.telegram.org:443 ssl:default [getaddrinfo failed]
2026-03-19 08:48:32,686 [WARNING] aiogram.dispatcher: Sleep for 4.978111 seconds and try again... (tryings = 386, bot id = 8749354405)
2026-03-19 08:48:37,672 [ERROR] aiogram.dispatcher: Failed to fetch updates - TelegramNetworkError: HTTP Client says - ClientConnectorDNSError: Cannot connect to host api.telegram.org:443 ssl:default [getaddrinfo failed]
2026-03-19 08:48:37,674 [WARNING] aiogram.dispatcher: Sleep for 4.849024 seconds and try again... (tryings = 387, bot id = 8749354405)
2026-03-19 08:48:41,187 [ERROR] data.orderflow_ws: WS error: [Errno 11001] getaddrinfo failed — reconnect in 10s
2026-03-19 08:48:42,528 [ERROR] aiogram.dispatcher: Failed to fetch updates - TelegramNetworkError: HTTP Client says - ClientConnectorDNSError: Cannot connect to host api.telegram.org:443 ssl:default [getaddrinfo failed]
2026-03-19 08:48:42,529 [WARNING] aiogram.dispatcher: Sleep for 4.972064 seconds and try again... (tryings = 388, bot id = 8749354405)
2026-03-19 08:48:51,196 [ERROR] data.orderflow_ws: WS error: [Errno 11001] getaddrinfo failed — reconnect in 10s
2026-03-19 08:48:59,566 [ERROR] aiogram.dispatcher: Failed to fetch updates - TelegramNetworkError: HTTP Client says - ClientConnectorDNSError: Cannot connect to host api.telegram.org:443 ssl:default [getaddrinfo failed]
2026-03-19 08:48:59,567 [WARNING] aiogram.dispatcher: Sleep for 5.015721 seconds and try again... (tryings = 389, bot id = 8749354405)
2026-03-19 08:49:01,202 [ERROR] data.orderflow_ws: WS error: [Errno 11001] getaddrinfo failed — reconnect in 10s
2026-03-19 08:49:04,598 [ERROR] aiogram.dispatcher: Failed to fetch updates - TelegramNetworkError: HTTP Client says - ClientConnectorDNSError: Cannot connect to host api.telegram.org:443 ssl:default [getaddrinfo failed]
2026-03-19 08:49:04,599 [WARNING] aiogram.dispatcher: Sleep for 5.099414 seconds and try again... (tryings = 390, bot id = 8749354405)
2026-03-19 08:49:09,705 [ERROR] aiogram.dispatcher: Failed to fetch updates - TelegramNetworkError: HTTP Client says - ClientConnectorDNSError: Cannot connect to host api.telegram.org:443 ssl:default [getaddrinfo failed]
2026-03-19 08:49:09,706 [WARNING] aiogram.dispatcher: Sleep for 5.053661 seconds and try again... (tryings = 391, bot id = 8749354405)
2026-03-19 08:49:11,225 [ERROR] data.orderflow_ws: WS error: [Errno 11001] getaddrinfo failed — reconnect in 10s
2026-03-19 08:49:26,808 [ERROR] aiogram.dispatcher: Failed to fetch updates - TelegramNetworkError: HTTP Client says - ClientConnectorDNSError: Cannot connect to host api.telegram.org:443 ssl:default [getaddrinfo failed]
2026-03-19 08:49:26,809 [WARNING] aiogram.dispatcher: Sleep for 4.971228 seconds and try again... (tryings = 392, bot id = 8749354405)
2026-03-19 08:49:31,242 [ERROR] data.orderflow_ws: WS error: timed out during opening handshake — reconnect in 10s
2026-03-19 08:49:31,785 [ERROR] aiogram.dispatcher: Failed to fetch updates - TelegramNetworkError: HTTP Client says - ClientConnectorDNSError: Cannot connect to host api.telegram.org:443 ssl:default [getaddrinfo failed]
2026-03-19 08:49:31,787 [WARNING] aiogram.dispatcher: Sleep for 5.064896 seconds and try again... (tryings = 393, bot id = 8749354405)
2026-03-19 08:49:36,864 [ERROR] aiogram.dispatcher: Failed to fetch updates - TelegramNetworkError: HTTP Client says - ClientConnectorDNSError: Cannot connect to host api.telegram.org:443 ssl:default [getaddrinfo failed]
2026-03-19 08:49:36,865 [WARNING] aiogram.dispatcher: Sleep for 4.894047 seconds and try again... (tryings = 394, bot id = 8749354405)
2026-03-19 08:49:41,259 [ERROR] data.orderflow_ws: WS error: [Errno 11001] getaddrinfo failed — reconnect in 10s
2026-03-19 08:49:41,768 [ERROR] aiogram.dispatcher: Failed to fetch updates - TelegramNetworkError: HTTP Client says - ClientConnectorDNSError: Cannot connect to host api.telegram.org:443 ssl:default [getaddrinfo failed]
2026-03-19 08:49:41,769 [WARNING] aiogram.dispatcher: Sleep for 5.134680 seconds and try again... (tryings = 395, bot id = 8749354405)
2026-03-19 08:49:58,963 [ERROR] aiogram.dispatcher: Failed to fetch updates - TelegramNetworkError: HTTP Client says - ClientConnectorDNSError: Cannot connect to host api.telegram.org:443 ssl:default [getaddrinfo failed]
2026-03-19 08:49:58,964 [WARNING] aiogram.dispatcher: Sleep for 5.099212 seconds and try again... (tryings = 396, bot id = 8749354405)
2026-03-19 08:50:01,269 [ERROR] data.orderflow_ws: WS error: timed out during opening handshake — reconnect in 10s
2026-03-19 08:50:04,068 [ERROR] aiogram.dispatcher: Failed to fetch updates - TelegramNetworkError: HTTP Client says - ClientConnectorDNSError: Cannot connect to host api.telegram.org:443 ssl:default [getaddrinfo failed]
2026-03-19 08:50:04,069 [WARNING] aiogram.dispatcher: Sleep for 4.850580 seconds and try again... (tryings = 397, bot id = 8749354405)
2026-03-19 08:50:08,928 [ERROR] aiogram.dispatcher: Failed to fetch updates - TelegramNetworkError: HTTP Client says - ClientConnectorDNSError: Cannot connect to host api.telegram.org:443 ssl:default [getaddrinfo failed]
2026-03-19 08:50:08,929 [WARNING] aiogram.dispatcher: Sleep for 4.972346 seconds and try again... (tryings = 398, bot id = 8749354405)
2026-03-19 08:50:21,292 [ERROR] data.orderflow_ws: WS error: timed out during opening handshake — reconnect in 10s
2026-03-19 08:50:25,967 [ERROR] aiogram.dispatcher: Failed to fetch updates - TelegramNetworkError: HTTP Client says - ClientConnectorDNSError: Cannot connect to host api.telegram.org:443 ssl:default [getaddrinfo failed]
2026-03-19 08:50:25,968 [WARNING] aiogram.dispatcher: Sleep for 4.964265 seconds and try again... (tryings = 399, bot id = 8749354405)
2026-03-19 08:50:30,941 [ERROR] aiogram.dispatcher: Failed to fetch updates - TelegramNetworkError: HTTP Client says - ClientConnectorDNSError: Cannot connect to host api.telegram.org:443 ssl:default [getaddrinfo failed]
2026-03-19 08:50:30,942 [WARNING] aiogram.dispatcher: Sleep for 4.900625 seconds and try again... (tryings = 400, bot id = 8749354405)
2026-03-19 08:50:31,302 [ERROR] data.orderflow_ws: WS error: [Errno 11001] getaddrinfo failed — reconnect in 10s
2026-03-19 08:50:35,856 [ERROR] aiogram.dispatcher: Failed to fetch updates - TelegramNetworkError: HTTP Client says - ClientConnectorDNSError: Cannot connect to host api.telegram.org:443 ssl:default [getaddrinfo failed]
2026-03-19 08:50:35,858 [WARNING] aiogram.dispatcher: Sleep for 5.002329 seconds and try again... (tryings = 401, bot id = 8749354405)
2026-03-19 08:50:51,311 [ERROR] data.orderflow_ws: WS error: timed out during opening handshake — reconnect in 10s
2026-03-19 08:50:52,907 [ERROR] aiogram.dispatcher: Failed to fetch updates - TelegramNetworkError: HTTP Client says - ClientConnectorDNSError: Cannot connect to host api.telegram.org:443 ssl:default [getaddrinfo failed]
2026-03-19 08:50:52,908 [WARNING] aiogram.dispatcher: Sleep for 4.766736 seconds and try again... (tryings = 402, bot id = 8749354405)
2026-03-19 08:50:57,682 [ERROR] aiogram.dispatcher: Failed to fetch updates - TelegramNetworkError: HTTP Client says - ClientConnectorDNSError: Cannot connect to host api.telegram.org:443 ssl:default [getaddrinfo failed]
2026-03-19 08:50:57,683 [WARNING] aiogram.dispatcher: Sleep for 4.977064 seconds and try again... (tryings = 403, bot id = 8749354405)
2026-03-19 08:51:11,318 [ERROR] data.orderflow_ws: WS error: timed out during opening handshake — reconnect in 10s
2026-03-19 08:51:14,701 [ERROR] aiogram.dispatcher: Failed to fetch updates - TelegramNetworkError: HTTP Client says - ClientConnectorDNSError: Cannot connect to host api.telegram.org:443 ssl:default [getaddrinfo failed]
2026-03-19 08:51:14,702 [WARNING] aiogram.dispatcher: Sleep for 4.994209 seconds and try again... (tryings = 404, bot id = 8749354405)
2026-03-19 08:51:21,335 [ERROR] data.orderflow_ws: WS error: [Errno 11001] getaddrinfo failed — reconnect in 10s
2026-03-19 08:51:31,764 [ERROR] aiogram.dispatcher: Failed to fetch updates - TelegramNetworkError: HTTP Client says - ClientConnectorDNSError: Cannot connect to host api.telegram.org:443 ssl:default [getaddrinfo failed]
2026-03-19 08:51:31,765 [WARNING] aiogram.dispatcher: Sleep for 4.970792 seconds and try again... (tryings = 405, bot id = 8749354405)
2026-03-19 08:51:36,741 [ERROR] aiogram.dispatcher: Failed to fetch updates - TelegramNetworkError: HTTP Client says - ClientConnectorDNSError: Cannot connect to host api.telegram.org:443 ssl:default [getaddrinfo failed]
2026-03-19 08:51:36,742 [WARNING] aiogram.dispatcher: Sleep for 5.082481 seconds and try again... (tryings = 406, bot id = 8749354405)
2026-03-19 08:51:41,348 [ERROR] data.orderflow_ws: WS error: timed out during opening handshake — reconnect in 10s
2026-03-19 08:51:41,835 [ERROR] aiogram.dispatcher: Failed to fetch updates - TelegramNetworkError: HTTP Client says - ClientConnectorDNSError: Cannot connect to host api.telegram.org:443 ssl:default [getaddrinfo failed]
2026-03-19 08:51:41,837 [WARNING] aiogram.dispatcher: Sleep for 5.132667 seconds and try again... (tryings = 407, bot id = 8749354405)
2026-03-19 08:51:46,980 [ERROR] aiogram.dispatcher: Failed to fetch updates - TelegramNetworkError: HTTP Client says - ClientConnectorDNSError: Cannot connect to host api.telegram.org:443 ssl:default [getaddrinfo failed]
2026-03-19 08:51:46,981 [WARNING] aiogram.dispatcher: Sleep for 5.012763 seconds and try again... (tryings = 408, bot id = 8749354405)
2026-03-19 08:51:51,358 [ERROR] data.orderflow_ws: WS error: [Errno 11001] getaddrinfo failed — reconnect in 10s
2026-03-19 08:51:59,018 [ERROR] aiogram.dispatcher: Failed to fetch updates - TelegramNetworkError: HTTP Client says - ClientConnectorDNSError: Cannot connect to host api.telegram.org:443 ssl:default [getaddrinfo failed]
2026-03-19 08:51:59,020 [WARNING] aiogram.dispatcher: Sleep for 5.045799 seconds and try again... (tryings = 409, bot id = 8749354405)
2026-03-19 08:52:01,381 [ERROR] data.orderflow_ws: WS error: [Errno 11001] getaddrinfo failed — reconnect in 10s
2026-03-19 08:52:04,075 [ERROR] aiogram.dispatcher: Failed to fetch updates - TelegramNetworkError: HTTP Client says - ClientConnectorDNSError: Cannot connect to host api.telegram.org:443 ssl:default [getaddrinfo failed]
2026-03-19 08:52:04,076 [WARNING] aiogram.dispatcher: Sleep for 5.049280 seconds and try again... (tryings = 410, bot id = 8749354405)
2026-03-19 08:52:09,133 [ERROR] aiogram.dispatcher: Failed to fetch updates - TelegramNetworkError: HTTP Client says - ClientConnectorDNSError: Cannot connect to host api.telegram.org:443 ssl:default [getaddrinfo failed]
2026-03-19 08:52:09,134 [WARNING] aiogram.dispatcher: Sleep for 4.921813 seconds and try again... (tryings = 411, bot id = 8749354405)
2026-03-19 08:52:11,399 [ERROR] data.orderflow_ws: WS error: [Errno 11001] getaddrinfo failed — reconnect in 10s
2026-03-19 08:52:14,061 [ERROR] aiogram.dispatcher: Failed to fetch updates - TelegramNetworkError: HTTP Client says - ClientConnectorDNSError: Cannot connect to host api.telegram.org:443 ssl:default [getaddrinfo failed]
2026-03-19 08:52:14,062 [WARNING] aiogram.dispatcher: Sleep for 5.007333 seconds and try again... (tryings = 412, bot id = 8749354405)
2026-03-19 08:52:31,096 [ERROR] aiogram.dispatcher: Failed to fetch updates - TelegramNetworkError: HTTP Client says - ClientConnectorDNSError: Cannot connect to host api.telegram.org:443 ssl:default [getaddrinfo failed]
2026-03-19 08:52:31,097 [WARNING] aiogram.dispatcher: Sleep for 4.963388 seconds and try again... (tryings = 413, bot id = 8749354405)
2026-03-19 08:52:31,423 [ERROR] data.orderflow_ws: WS error: timed out during opening handshake — reconnect in 10s
2026-03-19 08:52:36,076 [ERROR] aiogram.dispatcher: Failed to fetch updates - TelegramNetworkError: HTTP Client says - ClientConnectorDNSError: Cannot connect to host api.telegram.org:443 ssl:default [getaddrinfo failed]
2026-03-19 08:52:36,078 [WARNING] aiogram.dispatcher: Sleep for 4.979637 seconds and try again... (tryings = 414, bot id = 8749354405)
2026-03-19 08:52:41,068 [ERROR] aiogram.dispatcher: Failed to fetch updates - TelegramNetworkError: HTTP Client says - ClientConnectorDNSError: Cannot connect to host api.telegram.org:443 ssl:default [getaddrinfo failed]
2026-03-19 08:52:41,069 [WARNING] aiogram.dispatcher: Sleep for 5.122048 seconds and try again... (tryings = 415, bot id = 8749354405)
2026-03-19 08:52:41,435 [ERROR] data.orderflow_ws: WS error: [Errno 11001] getaddrinfo failed — reconnect in 10s
2026-03-19 08:52:51,453 [ERROR] data.orderflow_ws: WS error: [Errno 11001] getaddrinfo failed — reconnect in 10s
2026-03-19 08:52:58,253 [ERROR] aiogram.dispatcher: Failed to fetch updates - TelegramNetworkError: HTTP Client says - ClientConnectorDNSError: Cannot connect to host api.telegram.org:443 ssl:default [getaddrinfo failed]
2026-03-19 08:52:58,254 [WARNING] aiogram.dispatcher: Sleep for 4.981639 seconds and try again... (tryings = 416, bot id = 8749354405)
2026-03-19 08:53:01,466 [ERROR] data.orderflow_ws: WS error: [Errno 11001] getaddrinfo failed — reconnect in 10s
2026-03-19 08:53:03,250 [ERROR] aiogram.dispatcher: Failed to fetch updates - TelegramNetworkError: HTTP Client says - ClientConnectorDNSError: Cannot connect to host api.telegram.org:443 ssl:default [getaddrinfo failed]
2026-03-19 08:53:03,251 [WARNING] aiogram.dispatcher: Sleep for 5.021934 seconds and try again... (tryings = 417, bot id = 8749354405)
2026-03-19 08:53:20,335 [ERROR] aiogram.dispatcher: Failed to fetch updates - TelegramNetworkError: HTTP Client says - ClientConnectorDNSError: Cannot connect to host api.telegram.org:443 ssl:default [getaddrinfo failed]
2026-03-19 08:53:20,336 [WARNING] aiogram.dispatcher: Sleep for 5.096029 seconds and try again... (tryings = 418, bot id = 8749354405)
2026-03-19 08:53:21,485 [ERROR] data.orderflow_ws: WS error: timed out during opening handshake — reconnect in 10s
2026-03-19 08:53:25,446 [ERROR] aiogram.dispatcher: Failed to fetch updates - TelegramNetworkError: HTTP Client says - ClientConnectorDNSError: Cannot connect to host api.telegram.org:443 ssl:default [getaddrinfo failed]
2026-03-19 08:53:25,447 [WARNING] aiogram.dispatcher: Sleep for 4.880686 seconds and try again... (tryings = 419, bot id = 8749354405)
2026-03-19 08:53:30,343 [ERROR] aiogram.dispatcher: Failed to fetch updates - TelegramNetworkError: HTTP Client says - ClientConnectorDNSError: Cannot connect to host api.telegram.org:443 ssl:default [getaddrinfo failed]
2026-03-19 08:53:30,344 [WARNING] aiogram.dispatcher: Sleep for 5.114929 seconds and try again... (tryings = 420, bot id = 8749354405)
2026-03-19 08:53:31,494 [ERROR] data.orderflow_ws: WS error: [Errno 11001] getaddrinfo failed — reconnect in 10s
2026-03-19 08:53:41,498 [ERROR] data.orderflow_ws: WS error: [Errno 11001] getaddrinfo failed — reconnect in 10s
2026-03-19 08:53:47,493 [ERROR] aiogram.dispatcher: Failed to fetch updates - TelegramNetworkError: HTTP Client says - ClientConnectorDNSError: Cannot connect to host api.telegram.org:443 ssl:default [getaddrinfo failed]
2026-03-19 08:53:47,494 [WARNING] aiogram.dispatcher: Sleep for 4.993174 seconds and try again... (tryings = 421, bot id = 8749354405)
2026-03-19 08:53:51,516 [ERROR] data.orderflow_ws: WS error: [Errno 11001] getaddrinfo failed — reconnect in 10s
2026-03-19 08:53:52,502 [ERROR] aiogram.dispatcher: Failed to fetch updates - TelegramNetworkError: HTTP Client says - ClientConnectorDNSError: Cannot connect to host api.telegram.org:443 ssl:default [getaddrinfo failed]
2026-03-19 08:53:52,503 [WARNING] aiogram.dispatcher: Sleep for 5.083237 seconds and try again... (tryings = 422, bot id = 8749354405)
2026-03-19 08:53:57,598 [ERROR] aiogram.dispatcher: Failed to fetch updates - TelegramNetworkError: HTTP Client says - ClientConnectorDNSError: Cannot connect to host api.telegram.org:443 ssl:default [getaddrinfo failed]
2026-03-19 08:53:57,599 [WARNING] aiogram.dispatcher: Sleep for 5.020269 seconds and try again... (tryings = 423, bot id = 8749354405)
2026-03-19 08:54:01,541 [ERROR] data.orderflow_ws: WS error: [Errno 11001] getaddrinfo failed — reconnect in 10s
2026-03-19 08:54:14,671 [ERROR] aiogram.dispatcher: Failed to fetch updates - TelegramNetworkError: HTTP Client says - ClientConnectorDNSError: Cannot connect to host api.telegram.org:443 ssl:default [getaddrinfo failed]
2026-03-19 08:54:14,672 [WARNING] aiogram.dispatcher: Sleep for 5.075273 seconds and try again... (tryings = 424, bot id = 8749354405)
2026-03-19 08:54:19,761 [ERROR] aiogram.dispatcher: Failed to fetch updates - TelegramNetworkError: HTTP Client says - ClientConnectorDNSError: Cannot connect to host api.telegram.org:443 ssl:default [getaddrinfo failed]
2026-03-19 08:54:19,762 [WARNING] aiogram.dispatcher: Sleep for 5.064999 seconds and try again... (tryings = 425, bot id = 8749354405)
2026-03-19 08:54:21,564 [ERROR] data.orderflow_ws: WS error: timed out during opening handshake — reconnect in 10s
2026-03-19 08:54:24,832 [ERROR] aiogram.dispatcher: Failed to fetch updates - TelegramNetworkError: HTTP Client says - ClientConnectorDNSError: Cannot connect to host api.telegram.org:443 ssl:default [getaddrinfo failed]
2026-03-19 08:54:24,833 [WARNING] aiogram.dispatcher: Sleep for 4.975621 seconds and try again... (tryings = 426, bot id = 8749354405)
2026-03-19 08:54:29,822 [ERROR] aiogram.dispatcher: Failed to fetch updates - TelegramNetworkError: HTTP Client says - ClientConnectorDNSError: Cannot connect to host api.telegram.org:443 ssl:default [getaddrinfo failed]
2026-03-19 08:54:29,823 [WARNING] aiogram.dispatcher: Sleep for 4.936299 seconds and try again... (tryings = 427, bot id = 8749354405)
2026-03-19 08:54:31,568 [ERROR] data.orderflow_ws: WS error: [Errno 11001] getaddrinfo failed — reconnect in 10s
2026-03-19 08:54:41,583 [ERROR] data.orderflow_ws: WS error: [Errno 11001] getaddrinfo failed — reconnect in 10s
2026-03-19 08:54:46,822 [ERROR] aiogram.dispatcher: Failed to fetch updates - TelegramNetworkError: HTTP Client says - ClientConnectorDNSError: Cannot connect to host api.telegram.org:443 ssl:default [getaddrinfo failed]
2026-03-19 08:54:46,823 [WARNING] aiogram.dispatcher: Sleep for 4.962935 seconds and try again... (tryings = 428, bot id = 8749354405)
2026-03-19 08:54:51,595 [ERROR] data.orderflow_ws: WS error: [Errno 11001] getaddrinfo failed — reconnect in 10s
2026-03-19 08:54:51,791 [ERROR] aiogram.dispatcher: Failed to fetch updates - TelegramNetworkError: HTTP Client says - ClientConnectorDNSError: Cannot connect to host api.telegram.org:443 ssl:default [getaddrinfo failed]
2026-03-19 08:54:51,792 [WARNING] aiogram.dispatcher: Sleep for 5.074502 seconds and try again... (tryings = 429, bot id = 8749354405)
2026-03-19 08:54:56,877 [ERROR] aiogram.dispatcher: Failed to fetch updates - TelegramNetworkError: HTTP Client says - ClientConnectorDNSError: Cannot connect to host api.telegram.org:443 ssl:default [getaddrinfo failed]
2026-03-19 08:54:56,879 [WARNING] aiogram.dispatcher: Sleep for 4.897637 seconds and try again... (tryings = 430, bot id = 8749354405)
2026-03-19 08:55:01,605 [ERROR] data.orderflow_ws: WS error: [Errno 11001] getaddrinfo failed — reconnect in 10s
2026-03-19 08:55:01,795 [ERROR] aiogram.dispatcher: Failed to fetch updates - TelegramNetworkError: HTTP Client says - ClientConnectorDNSError: Cannot connect to host api.telegram.org:443 ssl:default [getaddrinfo failed]
2026-03-19 08:55:01,796 [WARNING] aiogram.dispatcher: Sleep for 4.922701 seconds and try again... (tryings = 431, bot id = 8749354405)
2026-03-19 08:55:08,921 [ERROR] aiogram.dispatcher: Failed to fetch updates - TelegramNetworkError: HTTP Client says - ClientConnectorDNSError: Cannot connect to host api.telegram.org:443 ssl:default [getaddrinfo failed]
2026-03-19 08:55:08,922 [WARNING] aiogram.dispatcher: Sleep for 5.033966 seconds and try again... (tryings = 432, bot id = 8749354405)
2026-03-19 08:55:11,623 [ERROR] data.orderflow_ws: WS error: [Errno 11001] getaddrinfo failed — reconnect in 10s
2026-03-19 08:55:21,645 [ERROR] data.orderflow_ws: WS error: [Errno 11001] getaddrinfo failed — reconnect in 10s
2026-03-19 08:55:26,001 [ERROR] aiogram.dispatcher: Failed to fetch updates - TelegramNetworkError: HTTP Client says - ClientConnectorDNSError: Cannot connect to host api.telegram.org:443 ssl:default [getaddrinfo failed]
2026-03-19 08:55:26,002 [WARNING] aiogram.dispatcher: Sleep for 5.040782 seconds and try again... (tryings = 433, bot id = 8749354405)
2026-03-19 08:55:41,658 [ERROR] data.orderflow_ws: WS error: timed out during opening handshake — reconnect in 10s
2026-03-19 08:55:43,101 [ERROR] aiogram.dispatcher: Failed to fetch updates - TelegramNetworkError: HTTP Client says - ClientConnectorDNSError: Cannot connect to host api.telegram.org:443 ssl:default [getaddrinfo failed]
2026-03-19 08:55:43,102 [WARNING] aiogram.dispatcher: Sleep for 5.051371 seconds and try again... (tryings = 434, bot id = 8749354405)
2026-03-19 08:55:48,170 [ERROR] aiogram.dispatcher: Failed to fetch updates - TelegramNetworkError: HTTP Client says - ClientConnectorDNSError: Cannot connect to host api.telegram.org:443 ssl:default [getaddrinfo failed]
2026-03-19 08:55:48,172 [WARNING] aiogram.dispatcher: Sleep for 5.136621 seconds and try again... (tryings = 435, bot id = 8749354405)
2026-03-19 08:55:51,661 [ERROR] data.orderflow_ws: WS error: [Errno 11001] getaddrinfo failed — reconnect in 10s
2026-03-19 08:56:01,668 [ERROR] data.orderflow_ws: WS error: [Errno 11001] getaddrinfo failed — reconnect in 10s
2026-03-19 08:56:05,362 [ERROR] aiogram.dispatcher: Failed to fetch updates - TelegramNetworkError: HTTP Client says - ClientConnectorDNSError: Cannot connect to host api.telegram.org:443 ssl:default [getaddrinfo failed]
2026-03-19 08:56:05,364 [WARNING] aiogram.dispatcher: Sleep for 4.914859 seconds and try again... (tryings = 436, bot id = 8749354405)
2026-03-19 08:56:10,289 [ERROR] aiogram.dispatcher: Failed to fetch updates - TelegramNetworkError: HTTP Client says - ClientConnectorDNSError: Cannot connect to host api.telegram.org:443 ssl:default [getaddrinfo failed]
2026-03-19 08:56:10,291 [WARNING] aiogram.dispatcher: Sleep for 4.917472 seconds and try again... (tryings = 437, bot id = 8749354405)
2026-03-19 08:56:11,677 [ERROR] data.orderflow_ws: WS error: [Errno 11001] getaddrinfo failed — reconnect in 10s
2026-03-19 08:56:15,225 [ERROR] aiogram.dispatcher: Failed to fetch updates - TelegramNetworkError: HTTP Client says - ClientConnectorDNSError: Cannot connect to host api.telegram.org:443 ssl:default [getaddrinfo failed]
2026-03-19 08:56:15,226 [WARNING] aiogram.dispatcher: Sleep for 5.139228 seconds and try again... (tryings = 438, bot id = 8749354405)
2026-03-19 08:56:27,254 [ERROR] aiogram.dispatcher: Failed to fetch updates - TelegramNetworkError: HTTP Client says - ClientConnectorDNSError: Cannot connect to host api.telegram.org:443 ssl:default [getaddrinfo failed]
2026-03-19 08:56:27,256 [WARNING] aiogram.dispatcher: Sleep for 5.051328 seconds and try again... (tryings = 439, bot id = 8749354405)
2026-03-19 08:56:31,688 [ERROR] data.orderflow_ws: WS error: timed out during opening handshake — reconnect in 10s
2026-03-19 08:56:32,323 [ERROR] aiogram.dispatcher: Failed to fetch updates - TelegramNetworkError: HTTP Client says - ClientConnectorDNSError: Cannot connect to host api.telegram.org:443 ssl:default [getaddrinfo failed]
2026-03-19 08:56:32,324 [WARNING] aiogram.dispatcher: Sleep for 5.018484 seconds and try again... (tryings = 440, bot id = 8749354405)
2026-03-19 08:56:37,348 [ERROR] aiogram.dispatcher: Failed to fetch updates - TelegramNetworkError: HTTP Client says - ClientConnectorDNSError: Cannot connect to host api.telegram.org:443 ssl:default [getaddrinfo failed]
2026-03-19 08:56:37,349 [WARNING] aiogram.dispatcher: Sleep for 4.901519 seconds and try again... (tryings = 441, bot id = 8749354405)
2026-03-19 08:56:41,697 [ERROR] data.orderflow_ws: WS error: [Errno 11001] getaddrinfo failed — reconnect in 10s
2026-03-19 08:56:42,256 [ERROR] aiogram.dispatcher: Failed to fetch updates - TelegramNetworkError: HTTP Client says - ClientConnectorDNSError: Cannot connect to host api.telegram.org:443 ssl:default [getaddrinfo failed]
2026-03-19 08:56:42,257 [WARNING] aiogram.dispatcher: Sleep for 5.162016 seconds and try again... (tryings = 442, bot id = 8749354405)
2026-03-19 08:56:51,711 [ERROR] data.orderflow_ws: WS error: [Errno 11001] getaddrinfo failed — reconnect in 10s
2026-03-19 08:56:59,482 [ERROR] aiogram.dispatcher: Failed to fetch updates - TelegramNetworkError: HTTP Client says - ClientConnectorDNSError: Cannot connect to host api.telegram.org:443 ssl:default [getaddrinfo failed]
2026-03-19 08:56:59,483 [WARNING] aiogram.dispatcher: Sleep for 5.069363 seconds and try again... (tryings = 443, bot id = 8749354405)
2026-03-19 08:57:01,716 [ERROR] data.orderflow_ws: WS error: [Errno 11001] getaddrinfo failed — reconnect in 10s
2026-03-19 08:57:04,561 [ERROR] aiogram.dispatcher: Failed to fetch updates - TelegramNetworkError: HTTP Client says - ClientConnectorDNSError: Cannot connect to host api.telegram.org:443 ssl:default [getaddrinfo failed]
2026-03-19 08:57:04,562 [WARNING] aiogram.dispatcher: Sleep for 4.888770 seconds and try again... (tryings = 444, bot id = 8749354405)
2026-03-19 08:57:09,456 [ERROR] aiogram.dispatcher: Failed to fetch updates - TelegramNetworkError: HTTP Client says - ClientConnectorDNSError: Cannot connect to host api.telegram.org:443 ssl:default [getaddrinfo failed]
2026-03-19 08:57:09,457 [WARNING] aiogram.dispatcher: Sleep for 4.971367 seconds and try again... (tryings = 445, bot id = 8749354405)
2026-03-19 08:57:11,721 [ERROR] data.orderflow_ws: WS error: [Errno 11001] getaddrinfo failed — reconnect in 10s
2026-03-19 08:57:14,453 [ERROR] aiogram.dispatcher: Failed to fetch updates - TelegramNetworkError: HTTP Client says - ClientConnectorDNSError: Cannot connect to host api.telegram.org:443 ssl:default [getaddrinfo failed]
2026-03-19 08:57:14,454 [WARNING] aiogram.dispatcher: Sleep for 5.019670 seconds and try again... (tryings = 446, bot id = 8749354405)
2026-03-19 08:57:31,522 [ERROR] aiogram.dispatcher: Failed to fetch updates - TelegramNetworkError: HTTP Client says - ClientConnectorDNSError: Cannot connect to host api.telegram.org:443 ssl:default [getaddrinfo failed]
2026-03-19 08:57:31,524 [WARNING] aiogram.dispatcher: Sleep for 4.953958 seconds and try again... (tryings = 447, bot id = 8749354405)
2026-03-19 08:57:31,735 [ERROR] data.orderflow_ws: WS error: timed out during opening handshake — reconnect in 10s
2026-03-19 08:57:36,493 [ERROR] aiogram.dispatcher: Failed to fetch updates - TelegramNetworkError: HTTP Client says - ClientConnectorDNSError: Cannot connect to host api.telegram.org:443 ssl:default [getaddrinfo failed]
2026-03-19 08:57:36,495 [WARNING] aiogram.dispatcher: Sleep for 4.914531 seconds and try again... (tryings = 448, bot id = 8749354405)
2026-03-19 08:57:41,426 [ERROR] aiogram.dispatcher: Failed to fetch updates - TelegramNetworkError: HTTP Client says - ClientConnectorDNSError: Cannot connect to host api.telegram.org:443 ssl:default [getaddrinfo failed]
2026-03-19 08:57:41,427 [WARNING] aiogram.dispatcher: Sleep for 4.868469 seconds and try again... (tryings = 449, bot id = 8749354405)
2026-03-19 08:57:41,751 [ERROR] data.orderflow_ws: WS error: [Errno 11001] getaddrinfo failed — reconnect in 10s
2026-03-19 08:57:46,312 [ERROR] aiogram.dispatcher: Failed to fetch updates - TelegramNetworkError: HTTP Client says - ClientConnectorDNSError: Cannot connect to host api.telegram.org:443 ssl:default [getaddrinfo failed]
2026-03-19 08:57:46,313 [WARNING] aiogram.dispatcher: Sleep for 4.869983 seconds and try again... (tryings = 450, bot id = 8749354405)
2026-03-19 08:57:53,795 [ERROR] data.orderflow_ws: WS error: [Errno 11001] getaddrinfo failed — reconnect in 10s
2026-03-19 08:58:03,216 [ERROR] aiogram.dispatcher: Failed to fetch updates - TelegramNetworkError: HTTP Client says - ClientConnectorDNSError: Cannot connect to host api.telegram.org:443 ssl:default [getaddrinfo failed]
2026-03-19 08:58:03,217 [WARNING] aiogram.dispatcher: Sleep for 5.025423 seconds and try again... (tryings = 451, bot id = 8749354405)
2026-03-19 08:58:03,803 [ERROR] data.orderflow_ws: WS error: [Errno 11001] getaddrinfo failed — reconnect in 10s
2026-03-19 08:58:20,275 [ERROR] aiogram.dispatcher: Failed to fetch updates - TelegramNetworkError: HTTP Client says - ClientConnectorDNSError: Cannot connect to host api.telegram.org:443 ssl:default [getaddrinfo failed]
2026-03-19 08:58:20,277 [WARNING] aiogram.dispatcher: Sleep for 4.940207 seconds and try again... (tryings = 452, bot id = 8749354405)
2026-03-19 08:58:23,818 [ERROR] data.orderflow_ws: WS error: timed out during opening handshake — reconnect in 10s
2026-03-19 08:58:25,236 [ERROR] aiogram.dispatcher: Failed to fetch updates - TelegramNetworkError: HTTP Client says - ClientConnectorDNSError: Cannot connect to host api.telegram.org:443 ssl:default [getaddrinfo failed]
2026-03-19 08:58:25,237 [WARNING] aiogram.dispatcher: Sleep for 4.845885 seconds and try again... (tryings = 453, bot id = 8749354405)
2026-03-19 08:58:30,096 [ERROR] aiogram.dispatcher: Failed to fetch updates - TelegramNetworkError: HTTP Client says - ClientConnectorDNSError: Cannot connect to host api.telegram.org:443 ssl:default [getaddrinfo failed]
2026-03-19 08:58:30,097 [WARNING] aiogram.dispatcher: Sleep for 4.893440 seconds and try again... (tryings = 454, bot id = 8749354405)
2026-03-19 08:58:33,822 [ERROR] data.orderflow_ws: WS error: [Errno 11001] getaddrinfo failed — reconnect in 10s
2026-03-19 08:58:35,000 [ERROR] aiogram.dispatcher: Failed to fetch updates - TelegramNetworkError: HTTP Client says - ClientConnectorDNSError: Cannot connect to host api.telegram.org:443 ssl:default [getaddrinfo failed]
2026-03-19 08:58:35,001 [WARNING] aiogram.dispatcher: Sleep for 5.013028 seconds and try again... (tryings = 455, bot id = 8749354405)
2026-03-19 08:58:52,092 [ERROR] aiogram.dispatcher: Failed to fetch updates - TelegramNetworkError: HTTP Client says - ClientConnectorDNSError: Cannot connect to host api.telegram.org:443 ssl:default [getaddrinfo failed]
2026-03-19 08:58:52,093 [WARNING] aiogram.dispatcher: Sleep for 4.988127 seconds and try again... (tryings = 456, bot id = 8749354405)
2026-03-19 08:58:53,857 [ERROR] data.orderflow_ws: WS error: timed out during opening handshake — reconnect in 10s
2026-03-19 08:58:57,090 [ERROR] aiogram.dispatcher: Failed to fetch updates - TelegramNetworkError: HTTP Client says - ClientConnectorDNSError: Cannot connect to host api.telegram.org:443 ssl:default [getaddrinfo failed]
2026-03-19 08:58:57,092 [WARNING] aiogram.dispatcher: Sleep for 4.893981 seconds and try again... (tryings = 457, bot id = 8749354405)
2026-03-19 08:59:01,995 [ERROR] aiogram.dispatcher: Failed to fetch updates - TelegramNetworkError: HTTP Client says - ClientConnectorDNSError: Cannot connect to host api.telegram.org:443 ssl:default [getaddrinfo failed]
2026-03-19 08:59:01,996 [WARNING] aiogram.dispatcher: Sleep for 4.985771 seconds and try again... (tryings = 458, bot id = 8749354405)
2026-03-19 08:59:13,886 [ERROR] data.orderflow_ws: WS error: timed out during opening handshake — reconnect in 10s
2026-03-19 08:59:19,035 [ERROR] aiogram.dispatcher: Failed to fetch updates - TelegramNetworkError: HTTP Client says - ClientConnectorDNSError: Cannot connect to host api.telegram.org:443 ssl:default [getaddrinfo failed]
2026-03-19 08:59:19,037 [WARNING] aiogram.dispatcher: Sleep for 4.926361 seconds and try again... (tryings = 459, bot id = 8749354405)
2026-03-19 08:59:23,901 [ERROR] data.orderflow_ws: WS error: [Errno 11001] getaddrinfo failed — reconnect in 10s
2026-03-19 08:59:23,980 [ERROR] aiogram.dispatcher: Failed to fetch updates - TelegramNetworkError: HTTP Client says - ClientConnectorDNSError: Cannot connect to host api.telegram.org:443 ssl:default [getaddrinfo failed]
2026-03-19 08:59:23,981 [WARNING] aiogram.dispatcher: Sleep for 5.005236 seconds and try again... (tryings = 460, bot id = 8749354405)
2026-03-19 08:59:41,033 [ERROR] aiogram.dispatcher: Failed to fetch updates - TelegramNetworkError: HTTP Client says - ClientConnectorDNSError: Cannot connect to host api.telegram.org:443 ssl:default [getaddrinfo failed]
2026-03-19 08:59:41,034 [WARNING] aiogram.dispatcher: Sleep for 4.949808 seconds and try again... (tryings = 461, bot id = 8749354405)
2026-03-19 08:59:43,923 [ERROR] data.orderflow_ws: WS error: timed out during opening handshake — reconnect in 10s
2026-03-19 08:59:45,999 [ERROR] aiogram.dispatcher: Failed to fetch updates - TelegramNetworkError: HTTP Client says - ClientConnectorDNSError: Cannot connect to host api.telegram.org:443 ssl:default [getaddrinfo failed]
2026-03-19 08:59:46,000 [WARNING] aiogram.dispatcher: Sleep for 4.978111 seconds and try again... (tryings = 462, bot id = 8749354405)
2026-03-19 08:59:50,986 [ERROR] aiogram.dispatcher: Failed to fetch updates - TelegramNetworkError: HTTP Client says - ClientConnectorDNSError: Cannot connect to host api.telegram.org:443 ssl:default [getaddrinfo failed]
2026-03-19 08:59:50,987 [WARNING] aiogram.dispatcher: Sleep for 5.077209 seconds and try again... (tryings = 463, bot id = 8749354405)
2026-03-19 09:00:03,005 [INFO] apscheduler.executors.default: Running job "analysis_cycle (trigger: cron[minute='*/15', second='3'], next run at: 2026-03-19 09:15:03 MSK)" (scheduled at 2026-03-19 09:00:03+03:00)
2026-03-19 09:00:03,006 [INFO] __main__: ── Analysis cycle start ──────────────────
2026-03-19 09:00:03,966 [ERROR] data.orderflow_ws: WS error: timed out during opening handshake — reconnect in 10s
2026-03-19 09:00:08,112 [ERROR] aiogram.dispatcher: Failed to fetch updates - TelegramNetworkError: HTTP Client says - ClientConnectorDNSError: Cannot connect to host api.telegram.org:443 ssl:default [getaddrinfo failed]
2026-03-19 09:00:08,113 [WARNING] aiogram.dispatcher: Sleep for 5.086106 seconds and try again... (tryings = 464, bot id = 8749354405)
2026-03-19 09:00:10,042 [ERROR] engine.pipeline: Candle load failed: Binance request failed: Cannot connect to host testnet.binancefuture.com:443 ssl:default [getaddrinfo failed]
2026-03-19 09:00:10,043 [INFO] apscheduler.executors.default: Job "analysis_cycle (trigger: cron[minute='*/15', second='3'], next run at: 2026-03-19 09:15:03 MSK)" executed successfully
2026-03-19 09:00:13,204 [ERROR] aiogram.dispatcher: Failed to fetch updates - TelegramNetworkError: HTTP Client says - ClientConnectorDNSError: Cannot connect to host api.telegram.org:443 ssl:default [getaddrinfo failed]
2026-03-19 09:00:13,206 [WARNING] aiogram.dispatcher: Sleep for 4.914215 seconds and try again... (tryings = 465, bot id = 8749354405)
2026-03-19 09:00:13,977 [ERROR] data.orderflow_ws: WS error: [Errno 11001] getaddrinfo failed — reconnect in 10s
2026-03-19 09:00:23,987 [ERROR] data.orderflow_ws: WS error: [Errno 11001] getaddrinfo failed — reconnect in 10s
2026-03-19 09:00:30,165 [ERROR] aiogram.dispatcher: Failed to fetch updates - TelegramNetworkError: HTTP Client says - ClientConnectorDNSError: Cannot connect to host api.telegram.org:443 ssl:default [getaddrinfo failed]
2026-03-19 09:00:30,166 [WARNING] aiogram.dispatcher: Sleep for 4.777305 seconds and try again... (tryings = 466, bot id = 8749354405)
2026-03-19 09:00:34,005 [ERROR] data.orderflow_ws: WS error: [Errno 11001] getaddrinfo failed — reconnect in 10s
2026-03-19 09:00:34,956 [ERROR] aiogram.dispatcher: Failed to fetch updates - TelegramNetworkError: HTTP Client says - ClientConnectorDNSError: Cannot connect to host api.telegram.org:443 ssl:default [getaddrinfo failed]
2026-03-19 09:00:34,957 [WARNING] aiogram.dispatcher: Sleep for 5.110548 seconds and try again... (tryings = 467, bot id = 8749354405)
2026-03-19 09:00:40,086 [ERROR] aiogram.dispatcher: Failed to fetch updates - TelegramNetworkError: HTTP Client says - ClientConnectorDNSError: Cannot connect to host api.telegram.org:443 ssl:default [getaddrinfo failed]
2026-03-19 09:00:40,087 [WARNING] aiogram.dispatcher: Sleep for 5.089433 seconds and try again... (tryings = 468, bot id = 8749354405)
2026-03-19 09:00:54,032 [ERROR] data.orderflow_ws: WS error: timed out during opening handshake — reconnect in 10s
2026-03-19 09:00:57,204 [ERROR] aiogram.dispatcher: Failed to fetch updates - TelegramNetworkError: HTTP Client says - ClientConnectorDNSError: Cannot connect to host api.telegram.org:443 ssl:default [getaddrinfo failed]
2026-03-19 09:00:57,205 [WARNING] aiogram.dispatcher: Sleep for 5.112144 seconds and try again... (tryings = 469, bot id = 8749354405)
2026-03-19 09:01:02,336 [ERROR] aiogram.dispatcher: Failed to fetch updates - TelegramNetworkError: HTTP Client says - ClientConnectorDNSError: Cannot connect to host api.telegram.org:443 ssl:default [getaddrinfo failed]
2026-03-19 09:01:02,337 [WARNING] aiogram.dispatcher: Sleep for 5.048020 seconds and try again... (tryings = 470, bot id = 8749354405)
2026-03-19 09:01:04,050 [ERROR] data.orderflow_ws: WS error: [Errno 11001] getaddrinfo failed — reconnect in 10s
2026-03-19 09:01:07,399 [ERROR] aiogram.dispatcher: Failed to fetch updates - TelegramNetworkError: HTTP Client says - ClientConnectorDNSError: Cannot connect to host api.telegram.org:443 ssl:default [getaddrinfo failed]
2026-03-19 09:01:07,400 [WARNING] aiogram.dispatcher: Sleep for 4.859357 seconds and try again... (tryings = 471, bot id = 8749354405)
2026-03-19 09:01:14,055 [ERROR] data.orderflow_ws: WS error: [Errno 11001] getaddrinfo failed — reconnect in 10s
2026-03-19 09:01:24,304 [ERROR] aiogram.dispatcher: Failed to fetch updates - TelegramNetworkError: HTTP Client says - ClientConnectorDNSError: Cannot connect to host api.telegram.org:443 ssl:default [getaddrinfo failed]
2026-03-19 09:01:24,305 [WARNING] aiogram.dispatcher: Sleep for 4.915821 seconds and try again... (tryings = 472, bot id = 8749354405)
2026-03-19 09:01:29,230 [ERROR] aiogram.dispatcher: Failed to fetch updates - TelegramNetworkError: HTTP Client says - ClientConnectorDNSError: Cannot connect to host api.telegram.org:443 ssl:default [getaddrinfo failed]
2026-03-19 09:01:29,231 [WARNING] aiogram.dispatcher: Sleep for 5.025613 seconds and try again... (tryings = 473, bot id = 8749354405)
2026-03-19 09:01:34,060 [ERROR] data.orderflow_ws: WS error: timed out during opening handshake — reconnect in 10s
2026-03-19 09:01:34,263 [ERROR] aiogram.dispatcher: Failed to fetch updates - TelegramNetworkError: HTTP Client says - ClientConnectorDNSError: Cannot connect to host api.telegram.org:443 ssl:default [getaddrinfo failed]
2026-03-19 09:01:34,264 [WARNING] aiogram.dispatcher: Sleep for 5.037165 seconds and try again... (tryings = 474, bot id = 8749354405)
2026-03-19 09:01:39,313 [ERROR] aiogram.dispatcher: Failed to fetch updates - TelegramNetworkError: HTTP Client says - ClientConnectorDNSError: Cannot connect to host api.telegram.org:443 ssl:default [getaddrinfo failed]
2026-03-19 09:01:39,314 [WARNING] aiogram.dispatcher: Sleep for 4.871941 seconds and try again... (tryings = 475, bot id = 8749354405)
2026-03-19 09:01:54,082 [ERROR] data.orderflow_ws: WS error: timed out during opening handshake — reconnect in 10s
2026-03-19 09:01:56,237 [ERROR] aiogram.dispatcher: Failed to fetch updates - TelegramNetworkError: HTTP Client says - ClientConnectorDNSError: Cannot connect to host api.telegram.org:443 ssl:default [getaddrinfo failed]
2026-03-19 09:01:56,238 [WARNING] aiogram.dispatcher: Sleep for 5.224944 seconds and try again... (tryings = 476, bot id = 8749354405)
2026-03-19 09:02:01,469 [ERROR] aiogram.dispatcher: Failed to fetch updates - TelegramNetworkError: HTTP Client says - ClientConnectorDNSError: Cannot connect to host api.telegram.org:443 ssl:default [getaddrinfo failed]
2026-03-19 09:02:01,470 [WARNING] aiogram.dispatcher: Sleep for 5.037924 seconds and try again... (tryings = 477, bot id = 8749354405)
2026-03-19 09:02:04,087 [ERROR] data.orderflow_ws: WS error: [Errno 11001] getaddrinfo failed — reconnect in 10s
2026-03-19 09:02:13,498 [ERROR] aiogram.dispatcher: Failed to fetch updates - TelegramNetworkError: HTTP Client says - ClientConnectorDNSError: Cannot connect to host api.telegram.org:443 ssl:default [getaddrinfo failed]
2026-03-19 09:02:13,500 [WARNING] aiogram.dispatcher: Sleep for 4.959891 seconds and try again... (tryings = 478, bot id = 8749354405)
2026-03-19 09:02:14,095 [ERROR] data.orderflow_ws: WS error: [Errno 11001] getaddrinfo failed — reconnect in 10s
2026-03-19 09:02:18,479 [ERROR] aiogram.dispatcher: Failed to fetch updates - TelegramNetworkError: HTTP Client says - ClientConnectorDNSError: Cannot connect to host api.telegram.org:443 ssl:default [getaddrinfo failed]
2026-03-19 09:02:18,480 [WARNING] aiogram.dispatcher: Sleep for 5.042896 seconds and try again... (tryings = 479, bot id = 8749354405)
2026-03-19 09:02:26,133 [ERROR] data.orderflow_ws: WS error: [Errno 11001] getaddrinfo failed — reconnect in 10s
2026-03-19 09:02:35,563 [ERROR] aiogram.dispatcher: Failed to fetch updates - TelegramNetworkError: HTTP Client says - ClientConnectorDNSError: Cannot connect to host api.telegram.org:443 ssl:default [getaddrinfo failed]
2026-03-19 09:02:35,564 [WARNING] aiogram.dispatcher: Sleep for 5.076676 seconds and try again... (tryings = 480, bot id = 8749354405)
2026-03-19 09:02:36,153 [ERROR] data.orderflow_ws: WS error: [Errno 11001] getaddrinfo failed — reconnect in 10s
2026-03-19 09:02:40,653 [ERROR] aiogram.dispatcher: Failed to fetch updates - TelegramNetworkError: HTTP Client says - ClientConnectorDNSError: Cannot connect to host api.telegram.org:443 ssl:default [getaddrinfo failed]
2026-03-19 09:02:40,654 [WARNING] aiogram.dispatcher: Sleep for 4.969362 seconds and try again... (tryings = 481, bot id = 8749354405)
2026-03-19 09:02:56,164 [ERROR] data.orderflow_ws: WS error: timed out during opening handshake — reconnect in 10s
2026-03-19 09:02:57,681 [ERROR] aiogram.dispatcher: Failed to fetch updates - TelegramNetworkError: HTTP Client says - ClientConnectorDNSError: Cannot connect to host api.telegram.org:443 ssl:default [getaddrinfo failed]
2026-03-19 09:02:57,682 [WARNING] aiogram.dispatcher: Sleep for 5.143860 seconds and try again... (tryings = 482, bot id = 8749354405)
2026-03-19 09:03:02,833 [ERROR] aiogram.dispatcher: Failed to fetch updates - TelegramNetworkError: HTTP Client says - ClientConnectorDNSError: Cannot connect to host api.telegram.org:443 ssl:default [getaddrinfo failed]
2026-03-19 09:03:02,834 [WARNING] aiogram.dispatcher: Sleep for 5.241049 seconds and try again... (tryings = 483, bot id = 8749354405)
2026-03-19 09:03:06,180 [ERROR] data.orderflow_ws: WS error: [Errno 11001] getaddrinfo failed — reconnect in 10s
2026-03-19 09:03:08,080 [ERROR] aiogram.dispatcher: Failed to fetch updates - TelegramNetworkError: HTTP Client says - ClientConnectorDNSError: Cannot connect to host api.telegram.org:443 ssl:default [getaddrinfo failed]
2026-03-19 09:03:08,081 [WARNING] aiogram.dispatcher: Sleep for 5.022750 seconds and try again... (tryings = 484, bot id = 8749354405)
2026-03-19 09:03:16,185 [ERROR] data.orderflow_ws: WS error: [Errno 11001] getaddrinfo failed — reconnect in 10s
2026-03-19 09:03:25,161 [ERROR] aiogram.dispatcher: Failed to fetch updates - TelegramNetworkError: HTTP Client says - ClientConnectorDNSError: Cannot connect to host api.telegram.org:443 ssl:default [getaddrinfo failed]
2026-03-19 09:03:25,162 [WARNING] aiogram.dispatcher: Sleep for 5.015616 seconds and try again... (tryings = 485, bot id = 8749354405)
2026-03-19 09:03:26,198 [ERROR] data.orderflow_ws: WS error: [Errno 11001] getaddrinfo failed — reconnect in 10s
2026-03-19 09:03:30,194 [ERROR] aiogram.dispatcher: Failed to fetch updates - TelegramNetworkError: HTTP Client says - ClientConnectorDNSError: Cannot connect to host api.telegram.org:443 ssl:default [getaddrinfo failed]
2026-03-19 09:03:30,195 [WARNING] aiogram.dispatcher: Sleep for 5.044139 seconds and try again... (tryings = 486, bot id = 8749354405)
2026-03-19 09:03:35,245 [ERROR] aiogram.dispatcher: Failed to fetch updates - TelegramNetworkError: HTTP Client says - ClientConnectorDNSError: Cannot connect to host api.telegram.org:443 ssl:default [getaddrinfo failed]
2026-03-19 09:03:35,246 [WARNING] aiogram.dispatcher: Sleep for 5.071808 seconds and try again... (tryings = 487, bot id = 8749354405)
2026-03-19 09:03:36,204 [ERROR] data.orderflow_ws: WS error: [Errno 11001] getaddrinfo failed — reconnect in 10s
2026-03-19 09:03:40,332 [ERROR] aiogram.dispatcher: Failed to fetch updates - TelegramNetworkError: HTTP Client says - ClientConnectorDNSError: Cannot connect to host api.telegram.org:443 ssl:default [getaddrinfo failed]
2026-03-19 09:03:40,333 [WARNING] aiogram.dispatcher: Sleep for 4.985245 seconds and try again... (tryings = 488, bot id = 8749354405)
2026-03-19 09:03:45,329 [ERROR] aiogram.dispatcher: Failed to fetch updates - TelegramNetworkError: HTTP Client says - ClientConnectorDNSError: Cannot connect to host api.telegram.org:443 ssl:default [getaddrinfo failed]
2026-03-19 09:03:45,330 [WARNING] aiogram.dispatcher: Sleep for 5.070429 seconds and try again... (tryings = 489, bot id = 8749354405)
2026-03-19 09:03:46,212 [ERROR] data.orderflow_ws: WS error: [Errno 11001] getaddrinfo failed — reconnect in 10s
2026-03-19 09:03:56,225 [ERROR] data.orderflow_ws: WS error: [Errno 11001] getaddrinfo failed — reconnect in 10s
2026-03-19 09:04:02,468 [ERROR] aiogram.dispatcher: Failed to fetch updates - TelegramNetworkError: HTTP Client says - ClientConnectorDNSError: Cannot connect to host api.telegram.org:443 ssl:default [getaddrinfo failed]
2026-03-19 09:04:02,469 [WARNING] aiogram.dispatcher: Sleep for 4.982473 seconds and try again... (tryings = 490, bot id = 8749354405)
2026-03-19 09:04:06,239 [ERROR] data.orderflow_ws: WS error: [Errno 11001] getaddrinfo failed — reconnect in 10s
2026-03-19 09:04:07,460 [ERROR] aiogram.dispatcher: Failed to fetch updates - TelegramNetworkError: HTTP Client says - ClientConnectorDNSError: Cannot connect to host api.telegram.org:443 ssl:default [getaddrinfo failed]
2026-03-19 09:04:07,461 [WARNING] aiogram.dispatcher: Sleep for 4.966914 seconds and try again... (tryings = 491, bot id = 8749354405)
2026-03-19 09:04:12,433 [ERROR] aiogram.dispatcher: Failed to fetch updates - TelegramNetworkError: HTTP Client says - ClientConnectorDNSError: Cannot connect to host api.telegram.org:443 ssl:default [getaddrinfo failed]
2026-03-19 09:04:12,434 [WARNING] aiogram.dispatcher: Sleep for 4.865415 seconds and try again... (tryings = 492, bot id = 8749354405)
2026-03-19 09:04:26,252 [ERROR] data.orderflow_ws: WS error: timed out during opening handshake — reconnect in 10s
2026-03-19 09:04:29,356 [ERROR] aiogram.dispatcher: Failed to fetch updates - TelegramNetworkError: HTTP Client says - ClientConnectorDNSError: Cannot connect to host api.telegram.org:443 ssl:default [getaddrinfo failed]
2026-03-19 09:04:29,357 [WARNING] aiogram.dispatcher: Sleep for 5.072045 seconds and try again... (tryings = 493, bot id = 8749354405)
2026-03-19 09:04:36,256 [ERROR] data.orderflow_ws: WS error: [Errno 11001] getaddrinfo failed — reconnect in 10s
2026-03-19 09:04:46,471 [ERROR] aiogram.dispatcher: Failed to fetch updates - TelegramNetworkError: HTTP Client says - ClientConnectorDNSError: Cannot connect to host api.telegram.org:443 ssl:default [getaddrinfo failed]
2026-03-19 09:04:46,472 [WARNING] aiogram.dispatcher: Sleep for 5.076027 seconds and try again... (tryings = 494, bot id = 8749354405)
2026-03-19 09:04:51,566 [ERROR] aiogram.dispatcher: Failed to fetch updates - TelegramNetworkError: HTTP Client says - ClientConnectorDNSError: Cannot connect to host api.telegram.org:443 ssl:default [getaddrinfo failed]
2026-03-19 09:04:51,568 [WARNING] aiogram.dispatcher: Sleep for 5.011594 seconds and try again... (tryings = 495, bot id = 8749354405)
2026-03-19 09:04:56,276 [ERROR] data.orderflow_ws: WS error: timed out during opening handshake — reconnect in 10s
2026-03-19 09:05:08,621 [ERROR] aiogram.dispatcher: Failed to fetch updates - TelegramNetworkError: HTTP Client says - ClientConnectorDNSError: Cannot connect to host api.telegram.org:443 ssl:default [getaddrinfo failed]
2026-03-19 09:05:08,622 [WARNING] aiogram.dispatcher: Sleep for 4.898608 seconds and try again... (tryings = 496, bot id = 8749354405)
2026-03-19 09:05:13,538 [ERROR] aiogram.dispatcher: Failed to fetch updates - TelegramNetworkError: HTTP Client says - ClientConnectorDNSError: Cannot connect to host api.telegram.org:443 ssl:default [getaddrinfo failed]
2026-03-19 09:05:13,539 [WARNING] aiogram.dispatcher: Sleep for 5.076788 seconds and try again... (tryings = 497, bot id = 8749354405)
2026-03-19 09:05:16,291 [ERROR] data.orderflow_ws: WS error: timed out during opening handshake — reconnect in 10s
2026-03-19 09:05:18,633 [ERROR] aiogram.dispatcher: Failed to fetch updates - TelegramNetworkError: HTTP Client says - ClientConnectorDNSError: Cannot connect to host api.telegram.org:443 ssl:default [getaddrinfo failed]
2026-03-19 09:05:18,634 [WARNING] aiogram.dispatcher: Sleep for 4.967696 seconds and try again... (tryings = 498, bot id = 8749354405)
2026-03-19 09:05:23,609 [ERROR] aiogram.dispatcher: Failed to fetch updates - TelegramNetworkError: HTTP Client says - ClientConnectorDNSError: Cannot connect to host api.telegram.org:443 ssl:default [getaddrinfo failed]
2026-03-19 09:05:23,610 [WARNING] aiogram.dispatcher: Sleep for 4.979715 seconds and try again... (tryings = 499, bot id = 8749354405)
2026-03-19 09:05:26,296 [ERROR] data.orderflow_ws: WS error: [Errno 11001] getaddrinfo failed — reconnect in 10s
2026-03-19 09:05:28,603 [ERROR] aiogram.dispatcher: Failed to fetch updates - TelegramNetworkError: HTTP Client says - ClientConnectorDNSError: Cannot connect to host api.telegram.org:443 ssl:default [getaddrinfo failed]
2026-03-19 09:05:28,604 [WARNING] aiogram.dispatcher: Sleep for 5.061267 seconds and try again... (tryings = 500, bot id = 8749354405)
2026-03-19 09:05:45,719 [ERROR] aiogram.dispatcher: Failed to fetch updates - TelegramNetworkError: HTTP Client says - ClientConnectorDNSError: Cannot connect to host api.telegram.org:443 ssl:default [getaddrinfo failed]
2026-03-19 09:05:45,720 [WARNING] aiogram.dispatcher: Sleep for 5.135020 seconds and try again... (tryings = 501, bot id = 8749354405)
2026-03-19 09:05:46,309 [ERROR] data.orderflow_ws: WS error: timed out during opening handshake — reconnect in 10s
2026-03-19 09:05:50,867 [ERROR] aiogram.dispatcher: Failed to fetch updates - TelegramNetworkError: HTTP Client says - ClientConnectorDNSError: Cannot connect to host api.telegram.org:443 ssl:default [getaddrinfo failed]
2026-03-19 09:05:50,868 [WARNING] aiogram.dispatcher: Sleep for 5.078116 seconds and try again... (tryings = 502, bot id = 8749354405)
2026-03-19 09:06:06,337 [ERROR] data.orderflow_ws: WS error: timed out during opening handshake — reconnect in 10s
2026-03-19 09:06:08,011 [ERROR] aiogram.dispatcher: Failed to fetch updates - TelegramNetworkError: HTTP Client says - ClientConnectorDNSError: Cannot connect to host api.telegram.org:443 ssl:default [getaddrinfo failed]
2026-03-19 09:06:08,013 [WARNING] aiogram.dispatcher: Sleep for 5.140274 seconds and try again... (tryings = 503, bot id = 8749354405)
2026-03-19 09:06:13,160 [ERROR] aiogram.dispatcher: Failed to fetch updates - TelegramNetworkError: HTTP Client says - ClientConnectorDNSError: Cannot connect to host api.telegram.org:443 ssl:default [getaddrinfo failed]
2026-03-19 09:06:13,161 [WARNING] aiogram.dispatcher: Sleep for 5.074154 seconds and try again... (tryings = 504, bot id = 8749354405)
2026-03-19 09:06:16,362 [ERROR] data.orderflow_ws: WS error: [Errno 11001] getaddrinfo failed — reconnect in 10s
2026-03-19 09:06:18,253 [ERROR] aiogram.dispatcher: Failed to fetch updates - TelegramNetworkError: HTTP Client says - ClientConnectorDNSError: Cannot connect to host api.telegram.org:443 ssl:default [getaddrinfo failed]
2026-03-19 09:06:18,255 [WARNING] aiogram.dispatcher: Sleep for 4.904792 seconds and try again... (tryings = 505, bot id = 8749354405)
2026-03-19 09:06:35,192 [ERROR] aiogram.dispatcher: Failed to fetch updates - TelegramNetworkError: HTTP Client says - ClientConnectorDNSError: Cannot connect to host api.telegram.org:443 ssl:default [getaddrinfo failed]
2026-03-19 09:06:35,193 [WARNING] aiogram.dispatcher: Sleep for 5.084222 seconds and try again... (tryings = 506, bot id = 8749354405)
2026-03-19 09:06:36,376 [ERROR] data.orderflow_ws: WS error: timed out during opening handshake — reconnect in 10s
2026-03-19 09:06:40,294 [ERROR] aiogram.dispatcher: Failed to fetch updates - TelegramNetworkError: HTTP Client says - ClientConnectorDNSError: Cannot connect to host api.telegram.org:443 ssl:default [getaddrinfo failed]
2026-03-19 09:06:40,295 [WARNING] aiogram.dispatcher: Sleep for 4.925436 seconds and try again... (tryings = 507, bot id = 8749354405)
2026-03-19 09:06:45,225 [ERROR] aiogram.dispatcher: Failed to fetch updates - TelegramNetworkError: HTTP Client says - ClientConnectorDNSError: Cannot connect to host api.telegram.org:443 ssl:default [getaddrinfo failed]
2026-03-19 09:06:45,226 [WARNING] aiogram.dispatcher: Sleep for 4.983003 seconds and try again... (tryings = 508, bot id = 8749354405)
2026-03-19 09:06:52,352 [ERROR] aiogram.dispatcher: Failed to fetch updates - TelegramNetworkError: HTTP Client says - ClientConnectorDNSError: Cannot connect to host api.telegram.org:443 ssl:default [getaddrinfo failed]
2026-03-19 09:06:52,353 [WARNING] aiogram.dispatcher: Sleep for 5.164206 seconds and try again... (tryings = 509, bot id = 8749354405)
2026-03-19 09:06:56,420 [ERROR] data.orderflow_ws: WS error: timed out during opening handshake — reconnect in 10s
2026-03-19 09:06:57,534 [ERROR] aiogram.dispatcher: Failed to fetch updates - TelegramNetworkError: HTTP Client says - ClientConnectorDNSError: Cannot connect to host api.telegram.org:443 ssl:default [getaddrinfo failed]
2026-03-19 09:06:57,535 [WARNING] aiogram.dispatcher: Sleep for 5.178519 seconds and try again... (tryings = 510, bot id = 8749354405)
2026-03-19 09:07:02,729 [ERROR] aiogram.dispatcher: Failed to fetch updates - TelegramNetworkError: HTTP Client says - ClientConnectorDNSError: Cannot connect to host api.telegram.org:443 ssl:default [getaddrinfo failed]
2026-03-19 09:07:02,730 [WARNING] aiogram.dispatcher: Sleep for 4.983225 seconds and try again... (tryings = 511, bot id = 8749354405)
2026-03-19 09:07:06,433 [ERROR] data.orderflow_ws: WS error: [Errno 11001] getaddrinfo failed — reconnect in 10s
2026-03-19 09:07:16,446 [ERROR] data.orderflow_ws: WS error: [Errno 11001] getaddrinfo failed — reconnect in 10s
2026-03-19 09:07:19,756 [ERROR] aiogram.dispatcher: Failed to fetch updates - TelegramNetworkError: HTTP Client says - ClientConnectorDNSError: Cannot connect to host api.telegram.org:443 ssl:default [getaddrinfo failed]
2026-03-19 09:07:19,757 [WARNING] aiogram.dispatcher: Sleep for 5.003197 seconds and try again... (tryings = 512, bot id = 8749354405)
2026-03-19 09:07:24,763 [ERROR] aiogram.dispatcher: Failed to fetch updates - TelegramNetworkError: HTTP Client says - ClientConnectorDNSError: Cannot connect to host api.telegram.org:443 ssl:default [getaddrinfo failed]
2026-03-19 09:07:24,764 [WARNING] aiogram.dispatcher: Sleep for 5.076521 seconds and try again... (tryings = 513, bot id = 8749354405)
2026-03-19 09:07:29,850 [ERROR] aiogram.dispatcher: Failed to fetch updates - TelegramNetworkError: HTTP Client says - ClientConnectorDNSError: Cannot connect to host api.telegram.org:443 ssl:default [getaddrinfo failed]
2026-03-19 09:07:29,851 [WARNING] aiogram.dispatcher: Sleep for 4.949582 seconds and try again... (tryings = 514, bot id = 8749354405)
2026-03-19 09:07:36,475 [ERROR] data.orderflow_ws: WS error: timed out during opening handshake — reconnect in 10s
2026-03-19 09:07:46,825 [ERROR] aiogram.dispatcher: Failed to fetch updates - TelegramNetworkError: HTTP Client says - ClientConnectorDNSError: Cannot connect to host api.telegram.org:443 ssl:default [getaddrinfo failed]
2026-03-19 09:07:46,826 [WARNING] aiogram.dispatcher: Sleep for 5.035191 seconds and try again... (tryings = 515, bot id = 8749354405)
2026-03-19 09:07:56,492 [ERROR] data.orderflow_ws: WS error: timed out during opening handshake — reconnect in 10s
2026-03-19 09:08:03,904 [ERROR] aiogram.dispatcher: Failed to fetch updates - TelegramNetworkError: HTTP Client says - ClientConnectorDNSError: Cannot connect to host api.telegram.org:443 ssl:default [getaddrinfo failed]
2026-03-19 09:08:03,905 [WARNING] aiogram.dispatcher: Sleep for 5.157979 seconds and try again... (tryings = 516, bot id = 8749354405)
2026-03-19 09:08:06,508 [ERROR] data.orderflow_ws: WS error: [Errno 11001] getaddrinfo failed — reconnect in 10s
2026-03-19 09:08:09,072 [ERROR] aiogram.dispatcher: Failed to fetch updates - TelegramNetworkError: HTTP Client says - ClientConnectorDNSError: Cannot connect to host api.telegram.org:443 ssl:default [getaddrinfo failed]
2026-03-19 09:08:09,073 [WARNING] aiogram.dispatcher: Sleep for 5.023740 seconds and try again... (tryings = 517, bot id = 8749354405)
2026-03-19 09:08:14,112 [ERROR] aiogram.dispatcher: Failed to fetch updates - TelegramNetworkError: HTTP Client says - ClientConnectorDNSError: Cannot connect to host api.telegram.org:443 ssl:default [getaddrinfo failed]
2026-03-19 09:08:14,113 [WARNING] aiogram.dispatcher: Sleep for 5.017685 seconds and try again... (tryings = 518, bot id = 8749354405)
2026-03-19 09:08:16,519 [ERROR] data.orderflow_ws: WS error: [Errno 11001] getaddrinfo failed — reconnect in 10s
2026-03-19 09:08:19,142 [ERROR] aiogram.dispatcher: Failed to fetch updates - TelegramNetworkError: HTTP Client says - ClientConnectorDNSError: Cannot connect to host api.telegram.org:443 ssl:default [getaddrinfo failed]
2026-03-19 09:08:19,143 [WARNING] aiogram.dispatcher: Sleep for 4.916222 seconds and try again... (tryings = 519, bot id = 8749354405)
2026-03-19 09:08:28,550 [ERROR] data.orderflow_ws: WS error: [Errno 11001] getaddrinfo failed — reconnect in 10s
2026-03-19 09:08:36,122 [ERROR] aiogram.dispatcher: Failed to fetch updates - TelegramNetworkError: HTTP Client says - ClientConnectorDNSError: Cannot connect to host api.telegram.org:443 ssl:default [getaddrinfo failed]
2026-03-19 09:08:36,124 [WARNING] aiogram.dispatcher: Sleep for 5.095226 seconds and try again... (tryings = 520, bot id = 8749354405)
2026-03-19 09:08:38,566 [ERROR] data.orderflow_ws: WS error: [Errno 11001] getaddrinfo failed — reconnect in 10s
2026-03-19 09:08:41,236 [ERROR] aiogram.dispatcher: Failed to fetch updates - TelegramNetworkError: HTTP Client says - ClientConnectorDNSError: Cannot connect to host api.telegram.org:443 ssl:default [getaddrinfo failed]
2026-03-19 09:08:41,237 [WARNING] aiogram.dispatcher: Sleep for 4.937989 seconds and try again... (tryings = 521, bot id = 8749354405)
2026-03-19 09:08:46,180 [ERROR] aiogram.dispatcher: Failed to fetch updates - TelegramNetworkError: HTTP Client says - ClientConnectorDNSError: Cannot connect to host api.telegram.org:443 ssl:default [getaddrinfo failed]
2026-03-19 09:08:46,181 [WARNING] aiogram.dispatcher: Sleep for 4.977407 seconds and try again... (tryings = 522, bot id = 8749354405)
2026-03-19 09:08:58,582 [ERROR] data.orderflow_ws: WS error: timed out during opening handshake — reconnect in 10s
2026-03-19 09:09:03,192 [ERROR] aiogram.dispatcher: Failed to fetch updates - TelegramNetworkError: HTTP Client says - ClientConnectorDNSError: Cannot connect to host api.telegram.org:443 ssl:default [getaddrinfo failed]
2026-03-19 09:09:03,193 [WARNING] aiogram.dispatcher: Sleep for 5.091377 seconds and try again... (tryings = 523, bot id = 8749354405)
2026-03-19 09:09:08,290 [ERROR] aiogram.dispatcher: Failed to fetch updates - TelegramNetworkError: HTTP Client says - ClientConnectorDNSError: Cannot connect to host api.telegram.org:443 ssl:default [getaddrinfo failed]
2026-03-19 09:09:08,291 [WARNING] aiogram.dispatcher: Sleep for 4.860386 seconds and try again... (tryings = 524, bot id = 8749354405)
2026-03-19 09:09:08,604 [ERROR] data.orderflow_ws: WS error: [Errno 11001] getaddrinfo failed — reconnect in 10s
2026-03-19 09:09:18,620 [ERROR] data.orderflow_ws: WS error: [Errno 11001] getaddrinfo failed — reconnect in 10s
2026-03-19 09:09:25,205 [ERROR] aiogram.dispatcher: Failed to fetch updates - TelegramNetworkError: HTTP Client says - ClientConnectorDNSError: Cannot connect to host api.telegram.org:443 ssl:default [getaddrinfo failed]
2026-03-19 09:09:25,206 [WARNING] aiogram.dispatcher: Sleep for 4.928993 seconds and try again... (tryings = 525, bot id = 8749354405)
2026-03-19 09:09:28,632 [ERROR] data.orderflow_ws: WS error: [Errno 11001] getaddrinfo failed — reconnect in 10s
2026-03-19 09:09:30,144 [ERROR] aiogram.dispatcher: Failed to fetch updates - TelegramNetworkError: HTTP Client says - ClientConnectorDNSError: Cannot connect to host api.telegram.org:443 ssl:default [getaddrinfo failed]
2026-03-19 09:09:30,146 [WARNING] aiogram.dispatcher: Sleep for 5.081743 seconds and try again... (tryings = 526, bot id = 8749354405)
2026-03-19 09:09:35,234 [ERROR] aiogram.dispatcher: Failed to fetch updates - TelegramNetworkError: HTTP Client says - ClientConnectorDNSError: Cannot connect to host api.telegram.org:443 ssl:default [getaddrinfo failed]
2026-03-19 09:09:35,235 [WARNING] aiogram.dispatcher: Sleep for 4.980418 seconds and try again... (tryings = 527, bot id = 8749354405)
2026-03-19 09:09:38,644 [ERROR] data.orderflow_ws: WS error: [Errno 11001] getaddrinfo failed — reconnect in 10s
2026-03-19 09:09:52,269 [ERROR] aiogram.dispatcher: Failed to fetch updates - TelegramNetworkError: HTTP Client says - ClientConnectorDNSError: Cannot connect to host api.telegram.org:443 ssl:default [getaddrinfo failed]
2026-03-19 09:09:52,270 [WARNING] aiogram.dispatcher: Sleep for 4.975507 seconds and try again... (tryings = 528, bot id = 8749354405)
2026-03-19 09:09:57,257 [ERROR] aiogram.dispatcher: Failed to fetch updates - TelegramNetworkError: HTTP Client says - ClientConnectorDNSError: Cannot connect to host api.telegram.org:443 ssl:default [getaddrinfo failed]
2026-03-19 09:09:57,258 [WARNING] aiogram.dispatcher: Sleep for 4.835857 seconds and try again... (tryings = 529, bot id = 8749354405)
2026-03-19 09:09:58,665 [ERROR] data.orderflow_ws: WS error: timed out during opening handshake — reconnect in 10s
2026-03-19 09:10:02,108 [ERROR] aiogram.dispatcher: Failed to fetch updates - TelegramNetworkError: HTTP Client says - ClientConnectorDNSError: Cannot connect to host api.telegram.org:443 ssl:default [getaddrinfo failed]
2026-03-19 09:10:02,110 [WARNING] aiogram.dispatcher: Sleep for 4.934024 seconds and try again... (tryings = 530, bot id = 8749354405)
2026-03-19 09:10:08,674 [ERROR] data.orderflow_ws: WS error: [Errno 11001] getaddrinfo failed — reconnect in 10s
2026-03-19 09:10:18,682 [ERROR] data.orderflow_ws: WS error: [Errno 11001] getaddrinfo failed — reconnect in 10s
2026-03-19 09:10:19,095 [ERROR] aiogram.dispatcher: Failed to fetch updates - TelegramNetworkError: HTTP Client says - ClientConnectorDNSError: Cannot connect to host api.telegram.org:443 ssl:default [getaddrinfo failed]
2026-03-19 09:10:19,097 [WARNING] aiogram.dispatcher: Sleep for 5.102855 seconds and try again... (tryings = 531, bot id = 8749354405)
2026-03-19 09:10:24,215 [ERROR] aiogram.dispatcher: Failed to fetch updates - TelegramNetworkError: HTTP Client says - ClientConnectorDNSError: Cannot connect to host api.telegram.org:443 ssl:default [getaddrinfo failed]
2026-03-19 09:10:24,216 [WARNING] aiogram.dispatcher: Sleep for 4.946989 seconds and try again... (tryings = 532, bot id = 8749354405)
2026-03-19 09:10:28,689 [ERROR] data.orderflow_ws: WS error: [Errno 11001] getaddrinfo failed — reconnect in 10s
2026-03-19 09:10:29,178 [ERROR] aiogram.dispatcher: Failed to fetch updates - TelegramNetworkError: HTTP Client says - ClientConnectorDNSError: Cannot connect to host api.telegram.org:443 ssl:default [getaddrinfo failed]
2026-03-19 09:10:29,179 [WARNING] aiogram.dispatcher: Sleep for 4.973160 seconds and try again... (tryings = 533, bot id = 8749354405)
2026-03-19 09:10:34,169 [ERROR] aiogram.dispatcher: Failed to fetch updates - TelegramNetworkError: HTTP Client says - ClientConnectorDNSError: Cannot connect to host api.telegram.org:443 ssl:default [getaddrinfo failed]
2026-03-19 09:10:34,170 [WARNING] aiogram.dispatcher: Sleep for 5.075074 seconds and try again... (tryings = 534, bot id = 8749354405)
2026-03-19 09:10:38,701 [ERROR] data.orderflow_ws: WS error: [Errno 11001] getaddrinfo failed — reconnect in 10s
2026-03-19 09:10:39,262 [ERROR] aiogram.dispatcher: Failed to fetch updates - TelegramNetworkError: HTTP Client says - ClientConnectorDNSError: Cannot connect to host api.telegram.org:443 ssl:default [getaddrinfo failed]
2026-03-19 09:10:39,263 [WARNING] aiogram.dispatcher: Sleep for 4.840276 seconds and try again... (tryings = 535, bot id = 8749354405)
2026-03-19 09:10:48,711 [ERROR] data.orderflow_ws: WS error: [Errno 11001] getaddrinfo failed — reconnect in 10s
2026-03-19 09:10:56,154 [ERROR] aiogram.dispatcher: Failed to fetch updates - TelegramNetworkError: HTTP Client says - ClientConnectorDNSError: Cannot connect to host api.telegram.org:443 ssl:default [getaddrinfo failed]
2026-03-19 09:10:56,155 [WARNING] aiogram.dispatcher: Sleep for 5.181251 seconds and try again... (tryings = 536, bot id = 8749354405)
2026-03-19 09:10:58,716 [ERROR] data.orderflow_ws: WS error: [Errno 11001] getaddrinfo failed — reconnect in 10s
2026-03-19 09:11:01,348 [ERROR] aiogram.dispatcher: Failed to fetch updates - TelegramNetworkError: HTTP Client says - ClientConnectorDNSError: Cannot connect to host api.telegram.org:443 ssl:default [getaddrinfo failed]
2026-03-19 09:11:01,350 [WARNING] aiogram.dispatcher: Sleep for 4.973615 seconds and try again... (tryings = 537, bot id = 8749354405)
2026-03-19 09:11:18,380 [ERROR] aiogram.dispatcher: Failed to fetch updates - TelegramNetworkError: HTTP Client says - ClientConnectorDNSError: Cannot connect to host api.telegram.org:443 ssl:default [getaddrinfo failed]
2026-03-19 09:11:18,381 [WARNING] aiogram.dispatcher: Sleep for 5.027707 seconds and try again... (tryings = 538, bot id = 8749354405)
2026-03-19 09:11:18,749 [ERROR] data.orderflow_ws: WS error: timed out during opening handshake — reconnect in 10s
2026-03-19 09:11:23,414 [ERROR] aiogram.dispatcher: Failed to fetch updates - TelegramNetworkError: HTTP Client says - ClientConnectorDNSError: Cannot connect to host api.telegram.org:443 ssl:default [getaddrinfo failed]
2026-03-19 09:11:23,415 [WARNING] aiogram.dispatcher: Sleep for 5.002366 seconds and try again... (tryings = 539, bot id = 8749354405)
2026-03-19 09:11:38,774 [ERROR] data.orderflow_ws: WS error: timed out during opening handshake — reconnect in 10s
2026-03-19 09:11:40,462 [ERROR] aiogram.dispatcher: Failed to fetch updates - TelegramNetworkError: HTTP Client says - ClientConnectorDNSError: Cannot connect to host api.telegram.org:443 ssl:default [getaddrinfo failed]
2026-03-19 09:11:40,464 [WARNING] aiogram.dispatcher: Sleep for 4.872556 seconds and try again... (tryings = 540, bot id = 8749354405)
2026-03-19 09:11:45,347 [ERROR] aiogram.dispatcher: Failed to fetch updates - TelegramNetworkError: HTTP Client says - ClientConnectorDNSError: Cannot connect to host api.telegram.org:443 ssl:default [getaddrinfo failed]
2026-03-19 09:11:45,348 [WARNING] aiogram.dispatcher: Sleep for 4.948370 seconds and try again... (tryings = 541, bot id = 8749354405)
2026-03-19 09:11:48,781 [ERROR] data.orderflow_ws: WS error: [Errno 11001] getaddrinfo failed — reconnect in 10s
2026-03-19 09:11:50,313 [ERROR] aiogram.dispatcher: Failed to fetch updates - TelegramNetworkError: HTTP Client says - ClientConnectorDNSError: Cannot connect to host api.telegram.org:443 ssl:default [getaddrinfo failed]
2026-03-19 09:11:50,314 [WARNING] aiogram.dispatcher: Sleep for 5.200655 seconds and try again... (tryings = 542, bot id = 8749354405)
2026-03-19 09:12:07,579 [ERROR] aiogram.dispatcher: Failed to fetch updates - TelegramNetworkError: HTTP Client says - ClientConnectorDNSError: Cannot connect to host api.telegram.org:443 ssl:default [getaddrinfo failed]
2026-03-19 09:12:07,581 [WARNING] aiogram.dispatcher: Sleep for 4.999570 seconds and try again... (tryings = 543, bot id = 8749354405)
2026-03-19 09:12:08,815 [ERROR] data.orderflow_ws: WS error: timed out during opening handshake — reconnect in 10s
2026-03-19 09:12:12,587 [ERROR] aiogram.dispatcher: Failed to fetch updates - TelegramNetworkError: HTTP Client says - ClientConnectorDNSError: Cannot connect to host api.telegram.org:443 ssl:default [getaddrinfo failed]
2026-03-19 09:12:12,588 [WARNING] aiogram.dispatcher: Sleep for 4.994151 seconds and try again... (tryings = 544, bot id = 8749354405)
2026-03-19 09:12:28,825 [ERROR] data.orderflow_ws: WS error: timed out during opening handshake — reconnect in 10s
2026-03-19 09:12:29,631 [ERROR] aiogram.dispatcher: Failed to fetch updates - TelegramNetworkError: HTTP Client says - ClientConnectorDNSError: Cannot connect to host api.telegram.org:443 ssl:default [getaddrinfo failed]
2026-03-19 09:12:29,632 [WARNING] aiogram.dispatcher: Sleep for 5.025724 seconds and try again... (tryings = 545, bot id = 8749354405)
2026-03-19 09:12:34,666 [ERROR] aiogram.dispatcher: Failed to fetch updates - TelegramNetworkError: HTTP Client says - ClientConnectorDNSError: Cannot connect to host api.telegram.org:443 ssl:default [getaddrinfo failed]
2026-03-19 09:12:34,667 [WARNING] aiogram.dispatcher: Sleep for 5.138099 seconds and try again... (tryings = 546, bot id = 8749354405)
2026-03-19 09:12:38,843 [ERROR] data.orderflow_ws: WS error: [Errno 11001] getaddrinfo failed — reconnect in 10s
2026-03-19 09:12:39,816 [ERROR] aiogram.dispatcher: Failed to fetch updates - TelegramNetworkError: HTTP Client says - ClientConnectorDNSError: Cannot connect to host api.telegram.org:443 ssl:default [getaddrinfo failed]
2026-03-19 09:12:39,817 [WARNING] aiogram.dispatcher: Sleep for 4.842563 seconds and try again... (tryings = 547, bot id = 8749354405)
2026-03-19 09:12:48,854 [ERROR] data.orderflow_ws: WS error: [Errno 11001] getaddrinfo failed — reconnect in 10s
2026-03-19 09:12:56,695 [ERROR] aiogram.dispatcher: Failed to fetch updates - TelegramNetworkError: HTTP Client says - ClientConnectorDNSError: Cannot connect to host api.telegram.org:443 ssl:default [getaddrinfo failed]
2026-03-19 09:12:56,697 [WARNING] aiogram.dispatcher: Sleep for 5.169018 seconds and try again... (tryings = 548, bot id = 8749354405)
2026-03-19 09:12:58,869 [ERROR] data.orderflow_ws: WS error: [Errno 11001] getaddrinfo failed — reconnect in 10s
2026-03-19 09:13:01,871 [ERROR] aiogram.dispatcher: Failed to fetch updates - TelegramNetworkError: HTTP Client says - ClientConnectorDNSError: Cannot connect to host api.telegram.org:443 ssl:default [getaddrinfo failed]
2026-03-19 09:13:01,872 [WARNING] aiogram.dispatcher: Sleep for 4.959497 seconds and try again... (tryings = 549, bot id = 8749354405)
2026-03-19 09:13:06,851 [ERROR] aiogram.dispatcher: Failed to fetch updates - TelegramNetworkError: HTTP Client says - ClientConnectorDNSError: Cannot connect to host api.telegram.org:443 ssl:default [getaddrinfo failed]
2026-03-19 09:13:06,852 [WARNING] aiogram.dispatcher: Sleep for 4.793434 seconds and try again... (tryings = 550, bot id = 8749354405)
2026-03-19 09:13:08,877 [ERROR] data.orderflow_ws: WS error: [Errno 11001] getaddrinfo failed — reconnect in 10s
2026-03-19 09:13:13,909 [ERROR] aiogram.dispatcher: Failed to fetch updates - TelegramNetworkError: HTTP Client says - ClientConnectorDNSError: Cannot connect to host api.telegram.org:443 ssl:default [getaddrinfo failed]
2026-03-19 09:13:13,910 [WARNING] aiogram.dispatcher: Sleep for 5.052624 seconds and try again... (tryings = 551, bot id = 8749354405)
2026-03-19 09:13:18,883 [ERROR] data.orderflow_ws: WS error: [Errno 11001] getaddrinfo failed — reconnect in 10s
2026-03-19 09:13:31,019 [ERROR] aiogram.dispatcher: Failed to fetch updates - TelegramNetworkError: HTTP Client says - ClientConnectorDNSError: Cannot connect to host api.telegram.org:443 ssl:default [getaddrinfo failed]
2026-03-19 09:13:31,020 [WARNING] aiogram.dispatcher: Sleep for 4.778018 seconds and try again... (tryings = 552, bot id = 8749354405)
2026-03-19 09:13:35,804 [ERROR] aiogram.dispatcher: Failed to fetch updates - TelegramNetworkError: HTTP Client says - ClientConnectorDNSError: Cannot connect to host api.telegram.org:443 ssl:default [getaddrinfo failed]
2026-03-19 09:13:35,805 [WARNING] aiogram.dispatcher: Sleep for 4.888400 seconds and try again... (tryings = 553, bot id = 8749354405)
2026-03-19 09:13:38,902 [ERROR] data.orderflow_ws: WS error: timed out during opening handshake — reconnect in 10s
2026-03-19 09:13:40,698 [ERROR] aiogram.dispatcher: Failed to fetch updates - TelegramNetworkError: HTTP Client says - ClientConnectorDNSError: Cannot connect to host api.telegram.org:443 ssl:default [getaddrinfo failed]
2026-03-19 09:13:40,699 [WARNING] aiogram.dispatcher: Sleep for 5.197404 seconds and try again... (tryings = 554, bot id = 8749354405)
2026-03-19 09:13:45,907 [ERROR] aiogram.dispatcher: Failed to fetch updates - TelegramNetworkError: HTTP Client says - ClientConnectorDNSError: Cannot connect to host api.telegram.org:443 ssl:default [getaddrinfo failed]
2026-03-19 09:13:45,908 [WARNING] aiogram.dispatcher: Sleep for 5.028906 seconds and try again... (tryings = 555, bot id = 8749354405)
2026-03-19 09:13:48,916 [ERROR] data.orderflow_ws: WS error: [Errno 11001] getaddrinfo failed — reconnect in 10s
2026-03-19 09:13:50,952 [ERROR] aiogram.dispatcher: Failed to fetch updates - TelegramNetworkError: HTTP Client says - ClientConnectorDNSError: Cannot connect to host api.telegram.org:443 ssl:default [getaddrinfo failed]
2026-03-19 09:13:50,953 [WARNING] aiogram.dispatcher: Sleep for 4.868118 seconds and try again... (tryings = 556, bot id = 8749354405)
2026-03-19 09:13:58,939 [ERROR] data.orderflow_ws: WS error: [Errno 11001] getaddrinfo failed — reconnect in 10s
2026-03-19 09:14:07,864 [ERROR] aiogram.dispatcher: Failed to fetch updates - TelegramNetworkError: HTTP Client says - ClientConnectorDNSError: Cannot connect to host api.telegram.org:443 ssl:default [getaddrinfo failed]
2026-03-19 09:14:07,865 [WARNING] aiogram.dispatcher: Sleep for 4.858651 seconds and try again... (tryings = 557, bot id = 8749354405)
2026-03-19 09:14:08,954 [ERROR] data.orderflow_ws: WS error: [Errno 11001] getaddrinfo failed — reconnect in 10s
2026-03-19 09:14:12,733 [ERROR] aiogram.dispatcher: Failed to fetch updates - TelegramNetworkError: HTTP Client says - ClientConnectorDNSError: Cannot connect to host api.telegram.org:443 ssl:default [getaddrinfo failed]
2026-03-19 09:14:12,734 [WARNING] aiogram.dispatcher: Sleep for 4.952103 seconds and try again... (tryings = 558, bot id = 8749354405)
2026-03-19 09:14:17,691 [ERROR] aiogram.dispatcher: Failed to fetch updates - TelegramNetworkError: HTTP Client says - ClientConnectorDNSError: Cannot connect to host api.telegram.org:443 ssl:default [getaddrinfo failed]
2026-03-19 09:14:17,692 [WARNING] aiogram.dispatcher: Sleep for 4.963593 seconds and try again... (tryings = 559, bot id = 8749354405)
2026-03-19 09:14:28,971 [ERROR] data.orderflow_ws: WS error: timed out during opening handshake — reconnect in 10s
2026-03-19 09:14:34,688 [ERROR] aiogram.dispatcher: Failed to fetch updates - TelegramNetworkError: HTTP Client says - ClientConnectorDNSError: Cannot connect to host api.telegram.org:443 ssl:default [getaddrinfo failed]
2026-03-19 09:14:34,689 [WARNING] aiogram.dispatcher: Sleep for 4.904257 seconds and try again... (tryings = 560, bot id = 8749354405)
2026-03-19 09:14:38,984 [ERROR] data.orderflow_ws: WS error: [Errno 11001] getaddrinfo failed — reconnect in 10s
2026-03-19 09:14:39,599 [ERROR] aiogram.dispatcher: Failed to fetch updates - TelegramNetworkError: HTTP Client says - ClientConnectorDNSError: Cannot connect to host api.telegram.org:443 ssl:default [getaddrinfo failed]
2026-03-19 09:14:39,600 [WARNING] aiogram.dispatcher: Sleep for 4.885337 seconds and try again... (tryings = 561, bot id = 8749354405)
2026-03-19 09:14:56,556 [ERROR] aiogram.dispatcher: Failed to fetch updates - TelegramNetworkError: HTTP Client says - ClientConnectorDNSError: Cannot connect to host api.telegram.org:443 ssl:default [getaddrinfo failed]
2026-03-19 09:14:56,557 [WARNING] aiogram.dispatcher: Sleep for 4.908294 seconds and try again... (tryings = 562, bot id = 8749354405)
2026-03-19 09:14:58,987 [ERROR] data.orderflow_ws: WS error: timed out during opening handshake — reconnect in 10s
2026-03-19 09:15:01,470 [ERROR] aiogram.dispatcher: Failed to fetch updates - TelegramNetworkError: HTTP Client says - ClientConnectorDNSError: Cannot connect to host api.telegram.org:443 ssl:default [getaddrinfo failed]
2026-03-19 09:15:01,471 [WARNING] aiogram.dispatcher: Sleep for 5.086563 seconds and try again... (tryings = 563, bot id = 8749354405)
2026-03-19 09:15:03,012 [INFO] apscheduler.executors.default: Running job "analysis_cycle (trigger: cron[minute='*/15', second='3'], next run at: 2026-03-19 09:30:03 MSK)" (scheduled at 2026-03-19 09:15:03+03:00)
2026-03-19 09:15:03,013 [INFO] __main__: ── Analysis cycle start ──────────────────
2026-03-19 09:15:06,578 [ERROR] aiogram.dispatcher: Failed to fetch updates - TelegramNetworkError: HTTP Client says - ClientConnectorDNSError: Cannot connect to host api.telegram.org:443 ssl:default [getaddrinfo failed]
2026-03-19 09:15:06,580 [WARNING] aiogram.dispatcher: Sleep for 4.858941 seconds and try again... (tryings = 564, bot id = 8749354405)
2026-03-19 09:15:09,002 [ERROR] data.orderflow_ws: WS error: [Errno 11001] getaddrinfo failed — reconnect in 10s
2026-03-19 09:15:10,056 [ERROR] engine.pipeline: Candle load failed: Binance request failed: Cannot connect to host testnet.binancefuture.com:443 ssl:default [getaddrinfo failed]
2026-03-19 09:15:10,057 [INFO] apscheduler.executors.default: Job "analysis_cycle (trigger: cron[minute='*/15', second='3'], next run at: 2026-03-19 09:30:03 MSK)" executed successfully
2026-03-19 09:15:11,451 [ERROR] aiogram.dispatcher: Failed to fetch updates - TelegramNetworkError: HTTP Client says - ClientConnectorDNSError: Cannot connect to host api.telegram.org:443 ssl:default [getaddrinfo failed]
2026-03-19 09:15:11,452 [WARNING] aiogram.dispatcher: Sleep for 5.079377 seconds and try again... (tryings = 565, bot id = 8749354405)
2026-03-19 09:15:16,541 [ERROR] aiogram.dispatcher: Failed to fetch updates - TelegramNetworkError: HTTP Client says - ClientConnectorDNSError: Cannot connect to host api.telegram.org:443 ssl:default [getaddrinfo failed]
2026-03-19 09:15:16,542 [WARNING] aiogram.dispatcher: Sleep for 5.077685 seconds and try again... (tryings = 566, bot id = 8749354405)
2026-03-19 09:15:19,008 [ERROR] data.orderflow_ws: WS error: [Errno 11001] getaddrinfo failed — reconnect in 10s
2026-03-19 09:15:29,020 [ERROR] data.orderflow_ws: WS error: [Errno 11001] getaddrinfo failed — reconnect in 10s
2026-03-19 09:15:33,680 [ERROR] aiogram.dispatcher: Failed to fetch updates - TelegramNetworkError: HTTP Client says - ClientConnectorDNSError: Cannot connect to host api.telegram.org:443 ssl:default [getaddrinfo failed]
2026-03-19 09:15:33,681 [WARNING] aiogram.dispatcher: Sleep for 4.967020 seconds and try again... (tryings = 567, bot id = 8749354405)
2026-03-19 09:15:38,661 [ERROR] aiogram.dispatcher: Failed to fetch updates - TelegramNetworkError: HTTP Client says - ClientConnectorDNSError: Cannot connect to host api.telegram.org:443 ssl:default [getaddrinfo failed]
2026-03-19 09:15:38,662 [WARNING] aiogram.dispatcher: Sleep for 4.955305 seconds and try again... (tryings = 568, bot id = 8749354405)
2026-03-19 09:15:39,024 [ERROR] data.orderflow_ws: WS error: [Errno 11001] getaddrinfo failed — reconnect in 10s
2026-03-19 09:15:55,654 [ERROR] aiogram.dispatcher: Failed to fetch updates - TelegramNetworkError: HTTP Client says - ClientConnectorDNSError: Cannot connect to host api.telegram.org:443 ssl:default [getaddrinfo failed]
2026-03-19 09:15:55,655 [WARNING] aiogram.dispatcher: Sleep for 4.838336 seconds and try again... (tryings = 569, bot id = 8749354405)
2026-03-19 09:15:59,032 [ERROR] data.orderflow_ws: WS error: timed out during opening handshake — reconnect in 10s
2026-03-19 09:16:00,511 [ERROR] aiogram.dispatcher: Failed to fetch updates - TelegramNetworkError: HTTP Client says - ClientConnectorDNSError: Cannot connect to host api.telegram.org:443 ssl:default [getaddrinfo failed]
2026-03-19 09:16:00,512 [WARNING] aiogram.dispatcher: Sleep for 4.929678 seconds and try again... (tryings = 570, bot id = 8749354405)
2026-03-19 09:16:05,455 [ERROR] aiogram.dispatcher: Failed to fetch updates - TelegramNetworkError: HTTP Client says - ClientConnectorDNSError: Cannot connect to host api.telegram.org:443 ssl:default [getaddrinfo failed]
2026-03-19 09:16:05,456 [WARNING] aiogram.dispatcher: Sleep for 5.097200 seconds and try again... (tryings = 571, bot id = 8749354405)
2026-03-19 09:16:17,499 [ERROR] aiogram.dispatcher: Failed to fetch updates - TelegramNetworkError: HTTP Client says - ClientConnectorDNSError: Cannot connect to host api.telegram.org:443 ssl:default [getaddrinfo failed]
2026-03-19 09:16:17,500 [WARNING] aiogram.dispatcher: Sleep for 4.960597 seconds and try again... (tryings = 572, bot id = 8749354405)
2026-03-19 09:16:19,040 [ERROR] data.orderflow_ws: WS error: timed out during opening handshake — reconnect in 10s
2026-03-19 09:16:22,474 [ERROR] aiogram.dispatcher: Failed to fetch updates - TelegramNetworkError: HTTP Client says - ClientConnectorDNSError: Cannot connect to host api.telegram.org:443 ssl:default [getaddrinfo failed]
2026-03-19 09:16:22,476 [WARNING] aiogram.dispatcher: Sleep for 4.915675 seconds and try again... (tryings = 573, bot id = 8749354405)
2026-03-19 09:16:27,403 [ERROR] aiogram.dispatcher: Failed to fetch updates - TelegramNetworkError: HTTP Client says - ClientConnectorDNSError: Cannot connect to host api.telegram.org:443 ssl:default [getaddrinfo failed]
2026-03-19 09:16:27,404 [WARNING] aiogram.dispatcher: Sleep for 5.025733 seconds and try again... (tryings = 574, bot id = 8749354405)
2026-03-19 09:16:29,053 [ERROR] data.orderflow_ws: WS error: [Errno 11001] getaddrinfo failed — reconnect in 10s
2026-03-19 09:16:32,435 [ERROR] aiogram.dispatcher: Failed to fetch updates - TelegramNetworkError: HTTP Client says - ClientConnectorDNSError: Cannot connect to host api.telegram.org:443 ssl:default [getaddrinfo failed]
2026-03-19 09:16:32,436 [WARNING] aiogram.dispatcher: Sleep for 5.016634 seconds and try again... (tryings = 575, bot id = 8749354405)
2026-03-19 09:16:44,471 [ERROR] aiogram.dispatcher: Failed to fetch updates - TelegramNetworkError: HTTP Client says - ClientConnectorDNSError: Cannot connect to host api.telegram.org:443 ssl:default [getaddrinfo failed]
2026-03-19 09:16:44,472 [WARNING] aiogram.dispatcher: Sleep for 5.117708 seconds and try again... (tryings = 576, bot id = 8749354405)
2026-03-19 09:16:49,095 [ERROR] data.orderflow_ws: WS error: timed out during opening handshake — reconnect in 10s
2026-03-19 09:16:49,604 [ERROR] aiogram.dispatcher: Failed to fetch updates - TelegramNetworkError: HTTP Client says - ClientConnectorDNSError: Cannot connect to host api.telegram.org:443 ssl:default [getaddrinfo failed]
2026-03-19 09:16:49,605 [WARNING] aiogram.dispatcher: Sleep for 5.125564 seconds and try again... (tryings = 577, bot id = 8749354405)
2026-03-19 09:16:54,739 [ERROR] aiogram.dispatcher: Failed to fetch updates - TelegramNetworkError: HTTP Client says - ClientConnectorDNSError: Cannot connect to host api.telegram.org:443 ssl:default [getaddrinfo failed]
2026-03-19 09:16:54,741 [WARNING] aiogram.dispatcher: Sleep for 4.933186 seconds and try again... (tryings = 578, bot id = 8749354405)
2026-03-19 09:16:59,112 [ERROR] data.orderflow_ws: WS error: [Errno 11001] getaddrinfo failed — reconnect in 10s
2026-03-19 09:16:59,687 [ERROR] aiogram.dispatcher: Failed to fetch updates - TelegramNetworkError: HTTP Client says - ClientConnectorDNSError: Cannot connect to host api.telegram.org:443 ssl:default [getaddrinfo failed]
2026-03-19 09:16:59,689 [WARNING] aiogram.dispatcher: Sleep for 5.029716 seconds and try again... (tryings = 579, bot id = 8749354405)
2026-03-19 09:17:09,118 [ERROR] data.orderflow_ws: WS error: [Errno 11001] getaddrinfo failed — reconnect in 10s
2026-03-19 09:17:16,811 [ERROR] aiogram.dispatcher: Failed to fetch updates - TelegramNetworkError: HTTP Client says - ClientConnectorDNSError: Cannot connect to host api.telegram.org:443 ssl:default [getaddrinfo failed]
2026-03-19 09:17:16,812 [WARNING] aiogram.dispatcher: Sleep for 5.013145 seconds and try again... (tryings = 580, bot id = 8749354405)
2026-03-19 09:17:19,121 [ERROR] data.orderflow_ws: WS error: [Errno 11001] getaddrinfo failed — reconnect in 10s
2026-03-19 09:17:21,842 [ERROR] aiogram.dispatcher: Failed to fetch updates - TelegramNetworkError: HTTP Client says - ClientConnectorDNSError: Cannot connect to host api.telegram.org:443 ssl:default [getaddrinfo failed]
2026-03-19 09:17:21,843 [WARNING] aiogram.dispatcher: Sleep for 4.952616 seconds and try again... (tryings = 581, bot id = 8749354405)
2026-03-19 09:17:38,845 [ERROR] aiogram.dispatcher: Failed to fetch updates - TelegramNetworkError: HTTP Client says - ClientConnectorDNSError: Cannot connect to host api.telegram.org:443 ssl:default [getaddrinfo failed]
2026-03-19 09:17:38,846 [WARNING] aiogram.dispatcher: Sleep for 5.039417 seconds and try again... (tryings = 582, bot id = 8749354405)
2026-03-19 09:17:39,158 [ERROR] data.orderflow_ws: WS error: timed out during opening handshake — reconnect in 10s
2026-03-19 09:17:43,889 [ERROR] aiogram.dispatcher: Failed to fetch updates - TelegramNetworkError: HTTP Client says - ClientConnectorDNSError: Cannot connect to host api.telegram.org:443 ssl:default [getaddrinfo failed]
2026-03-19 09:17:43,891 [WARNING] aiogram.dispatcher: Sleep for 5.205285 seconds and try again... (tryings = 583, bot id = 8749354405)
2026-03-19 09:17:49,104 [ERROR] aiogram.dispatcher: Failed to fetch updates - TelegramNetworkError: HTTP Client says - ClientConnectorDNSError: Cannot connect to host api.telegram.org:443 ssl:default [getaddrinfo failed]
2026-03-19 09:17:49,105 [WARNING] aiogram.dispatcher: Sleep for 5.051617 seconds and try again... (tryings = 584, bot id = 8749354405)
2026-03-19 09:17:49,176 [ERROR] data.orderflow_ws: WS error: [Errno 11001] getaddrinfo failed — reconnect in 10s
2026-03-19 09:18:01,152 [ERROR] aiogram.dispatcher: Failed to fetch updates - TelegramNetworkError: HTTP Client says - ClientConnectorDNSError: Cannot connect to host api.telegram.org:443 ssl:default [getaddrinfo failed]
2026-03-19 09:18:01,153 [WARNING] aiogram.dispatcher: Sleep for 5.005150 seconds and try again... (tryings = 585, bot id = 8749354405)
2026-03-19 09:18:09,188 [ERROR] data.orderflow_ws: WS error: timed out during opening handshake — reconnect in 10s
2026-03-19 09:18:18,209 [ERROR] aiogram.dispatcher: Failed to fetch updates - TelegramNetworkError: HTTP Client says - ClientConnectorDNSError: Cannot connect to host api.telegram.org:443 ssl:default [getaddrinfo failed]
2026-03-19 09:18:18,211 [WARNING] aiogram.dispatcher: Sleep for 5.033061 seconds and try again... (tryings = 586, bot id = 8749354405)
2026-03-19 09:18:19,206 [ERROR] data.orderflow_ws: WS error: [Errno 11001] getaddrinfo failed — reconnect in 10s
2026-03-19 09:18:23,255 [ERROR] aiogram.dispatcher: Failed to fetch updates - TelegramNetworkError: HTTP Client says - ClientConnectorDNSError: Cannot connect to host api.telegram.org:443 ssl:default [getaddrinfo failed]
2026-03-19 09:18:23,256 [WARNING] aiogram.dispatcher: Sleep for 5.104824 seconds and try again... (tryings = 587, bot id = 8749354405)
2026-03-19 09:18:28,366 [ERROR] aiogram.dispatcher: Failed to fetch updates - TelegramNetworkError: HTTP Client says - ClientConnectorDNSError: Cannot connect to host api.telegram.org:443 ssl:default [getaddrinfo failed]
2026-03-19 09:18:28,367 [WARNING] aiogram.dispatcher: Sleep for 5.025452 seconds and try again... (tryings = 588, bot id = 8749354405)
2026-03-19 09:18:29,214 [ERROR] data.orderflow_ws: WS error: [Errno 11001] getaddrinfo failed — reconnect in 10s
2026-03-19 09:18:39,219 [ERROR] data.orderflow_ws: WS error: [Errno 11001] getaddrinfo failed — reconnect in 10s
2026-03-19 09:18:45,458 [ERROR] aiogram.dispatcher: Failed to fetch updates - TelegramNetworkError: HTTP Client says - ClientConnectorDNSError: Cannot connect to host api.telegram.org:443 ssl:default [getaddrinfo failed]
2026-03-19 09:18:45,460 [WARNING] aiogram.dispatcher: Sleep for 5.148877 seconds and try again... (tryings = 589, bot id = 8749354405)
2026-03-19 09:18:49,236 [ERROR] data.orderflow_ws: WS error: [Errno 11001] getaddrinfo failed — reconnect in 10s
2026-03-19 09:18:50,623 [ERROR] aiogram.dispatcher: Failed to fetch updates - TelegramNetworkError: HTTP Client says - ClientConnectorDNSError: Cannot connect to host api.telegram.org:443 ssl:default [getaddrinfo failed]
2026-03-19 09:18:50,624 [WARNING] aiogram.dispatcher: Sleep for 5.032444 seconds and try again... (tryings = 590, bot id = 8749354405)
2026-03-19 09:18:55,673 [ERROR] aiogram.dispatcher: Failed to fetch updates - TelegramNetworkError: HTTP Client says - ClientConnectorDNSError: Cannot connect to host api.telegram.org:443 ssl:default [getaddrinfo failed]
2026-03-19 09:18:55,674 [WARNING] aiogram.dispatcher: Sleep for 5.097689 seconds and try again... (tryings = 591, bot id = 8749354405)
2026-03-19 09:18:59,249 [ERROR] data.orderflow_ws: WS error: [Errno 11001] getaddrinfo failed — reconnect in 10s
2026-03-19 09:19:00,784 [ERROR] aiogram.dispatcher: Failed to fetch updates - TelegramNetworkError: HTTP Client says - ClientConnectorDNSError: Cannot connect to host api.telegram.org:443 ssl:default [getaddrinfo failed]
2026-03-19 09:19:00,785 [WARNING] aiogram.dispatcher: Sleep for 5.108729 seconds and try again... (tryings = 592, bot id = 8749354405)
2026-03-19 09:19:07,705 [ERROR] aiogram.dispatcher: Failed to fetch updates - TelegramNetworkError: HTTP Client says - ClientConnectorDNSError: Cannot connect to host api.telegram.org:443 ssl:default [getaddrinfo failed]
2026-03-19 09:19:07,706 [WARNING] aiogram.dispatcher: Sleep for 4.910061 seconds and try again... (tryings = 593, bot id = 8749354405)
2026-03-19 09:19:09,259 [ERROR] data.orderflow_ws: WS error: [Errno 11001] getaddrinfo failed — reconnect in 10s
2026-03-19 09:19:12,623 [ERROR] aiogram.dispatcher: Failed to fetch updates - TelegramNetworkError: HTTP Client says - ClientConnectorDNSError: Cannot connect to host api.telegram.org:443 ssl:default [getaddrinfo failed]
2026-03-19 09:19:12,624 [WARNING] aiogram.dispatcher: Sleep for 5.038198 seconds and try again... (tryings = 594, bot id = 8749354405)
2026-03-19 09:19:17,675 [ERROR] aiogram.dispatcher: Failed to fetch updates - TelegramNetworkError: HTTP Client says - ClientConnectorDNSError: Cannot connect to host api.telegram.org:443 ssl:default [getaddrinfo failed]
2026-03-19 09:19:17,676 [WARNING] aiogram.dispatcher: Sleep for 5.150782 seconds and try again... (tryings = 595, bot id = 8749354405)
2026-03-19 09:19:19,281 [ERROR] data.orderflow_ws: WS error: [Errno 11001] getaddrinfo failed — reconnect in 10s
2026-03-19 09:19:22,837 [ERROR] aiogram.dispatcher: Failed to fetch updates - TelegramNetworkError: HTTP Client says - ClientConnectorDNSError: Cannot connect to host api.telegram.org:443 ssl:default [getaddrinfo failed]
2026-03-19 09:19:22,838 [WARNING] aiogram.dispatcher: Sleep for 4.964431 seconds and try again... (tryings = 596, bot id = 8749354405)
2026-03-19 09:19:27,808 [ERROR] aiogram.dispatcher: Failed to fetch updates - TelegramNetworkError: HTTP Client says - ClientConnectorDNSError: Cannot connect to host api.telegram.org:443 ssl:default [getaddrinfo failed]
2026-03-19 09:19:27,809 [WARNING] aiogram.dispatcher: Sleep for 4.926118 seconds and try again... (tryings = 597, bot id = 8749354405)
2026-03-19 09:19:29,290 [ERROR] data.orderflow_ws: WS error: [Errno 11001] getaddrinfo failed — reconnect in 10s
2026-03-19 09:19:32,745 [ERROR] aiogram.dispatcher: Failed to fetch updates - TelegramNetworkError: HTTP Client says - ClientConnectorDNSError: Cannot connect to host api.telegram.org:443 ssl:default [getaddrinfo failed]
2026-03-19 09:19:32,746 [WARNING] aiogram.dispatcher: Sleep for 4.929511 seconds and try again... (tryings = 598, bot id = 8749354405)
2026-03-19 09:19:37,694 [ERROR] aiogram.dispatcher: Failed to fetch updates - TelegramNetworkError: HTTP Client says - ClientConnectorDNSError: Cannot connect to host api.telegram.org:443 ssl:default [getaddrinfo failed]
2026-03-19 09:19:37,695 [WARNING] aiogram.dispatcher: Sleep for 5.023252 seconds and try again... (tryings = 599, bot id = 8749354405)
2026-03-19 09:19:39,301 [ERROR] data.orderflow_ws: WS error: [Errno 11001] getaddrinfo failed — reconnect in 10s
2026-03-19 09:19:49,308 [ERROR] data.orderflow_ws: WS error: [Errno 11001] getaddrinfo failed — reconnect in 10s
2026-03-19 09:19:54,761 [ERROR] aiogram.dispatcher: Failed to fetch updates - TelegramNetworkError: HTTP Client says - ClientConnectorDNSError: Cannot connect to host api.telegram.org:443 ssl:default [getaddrinfo failed]
2026-03-19 09:19:54,762 [WARNING] aiogram.dispatcher: Sleep for 5.060021 seconds and try again... (tryings = 600, bot id = 8749354405)
2026-03-19 09:19:59,315 [ERROR] data.orderflow_ws: WS error: [Errno 11001] getaddrinfo failed — reconnect in 10s
2026-03-19 09:19:59,840 [ERROR] aiogram.dispatcher: Failed to fetch updates - TelegramNetworkError: HTTP Client says - ClientConnectorDNSError: Cannot connect to host api.telegram.org:443 ssl:default [getaddrinfo failed]
2026-03-19 09:19:59,841 [WARNING] aiogram.dispatcher: Sleep for 5.035635 seconds and try again... (tryings = 601, bot id = 8749354405)
2026-03-19 09:20:11,365 [ERROR] data.orderflow_ws: WS error: [Errno 11001] getaddrinfo failed — reconnect in 10s
2026-03-19 09:20:16,953 [ERROR] aiogram.dispatcher: Failed to fetch updates - TelegramNetworkError: HTTP Client says - ClientConnectorDNSError: Cannot connect to host api.telegram.org:443 ssl:default [getaddrinfo failed]
2026-03-19 09:20:16,954 [WARNING] aiogram.dispatcher: Sleep for 4.976827 seconds and try again... (tryings = 602, bot id = 8749354405)
2026-03-19 09:20:21,381 [ERROR] data.orderflow_ws: WS error: [Errno 11001] getaddrinfo failed — reconnect in 10s
2026-03-19 09:20:21,935 [ERROR] aiogram.dispatcher: Failed to fetch updates - TelegramNetworkError: HTTP Client says - ClientConnectorDNSError: Cannot connect to host api.telegram.org:443 ssl:default [getaddrinfo failed]
2026-03-19 09:20:21,936 [WARNING] aiogram.dispatcher: Sleep for 5.047365 seconds and try again... (tryings = 603, bot id = 8749354405)
2026-03-19 09:20:27,002 [ERROR] aiogram.dispatcher: Failed to fetch updates - TelegramNetworkError: HTTP Client says - ClientConnectorDNSError: Cannot connect to host api.telegram.org:443 ssl:default [getaddrinfo failed]
2026-03-19 09:20:27,003 [WARNING] aiogram.dispatcher: Sleep for 5.040954 seconds and try again... (tryings = 604, bot id = 8749354405)
2026-03-19 09:20:39,050 [ERROR] aiogram.dispatcher: Failed to fetch updates - TelegramNetworkError: HTTP Client says - ClientConnectorDNSError: Cannot connect to host api.telegram.org:443 ssl:default [getaddrinfo failed]
2026-03-19 09:20:39,051 [WARNING] aiogram.dispatcher: Sleep for 4.996399 seconds and try again... (tryings = 605, bot id = 8749354405)
2026-03-19 09:20:41,392 [ERROR] data.orderflow_ws: WS error: timed out during opening handshake — reconnect in 10s
2026-03-19 09:20:44,064 [ERROR] aiogram.dispatcher: Failed to fetch updates - TelegramNetworkError: HTTP Client says - ClientConnectorDNSError: Cannot connect to host api.telegram.org:443 ssl:default [getaddrinfo failed]
2026-03-19 09:20:44,066 [WARNING] aiogram.dispatcher: Sleep for 4.961643 seconds and try again... (tryings = 606, bot id = 8749354405)
2026-03-19 09:21:01,077 [ERROR] aiogram.dispatcher: Failed to fetch updates - TelegramNetworkError: HTTP Client says - ClientConnectorDNSError: Cannot connect to host api.telegram.org:443 ssl:default [getaddrinfo failed]
2026-03-19 09:21:01,078 [WARNING] aiogram.dispatcher: Sleep for 5.031028 seconds and try again... (tryings = 607, bot id = 8749354405)
2026-03-19 09:21:01,407 [ERROR] data.orderflow_ws: WS error: timed out during opening handshake — reconnect in 10s
2026-03-19 09:21:06,124 [ERROR] aiogram.dispatcher: Failed to fetch updates - TelegramNetworkError: HTTP Client says - ClientConnectorDNSError: Cannot connect to host api.telegram.org:443 ssl:default [getaddrinfo failed]
2026-03-19 09:21:06,125 [WARNING] aiogram.dispatcher: Sleep for 5.140245 seconds and try again... (tryings = 608, bot id = 8749354405)
2026-03-19 09:21:11,272 [ERROR] aiogram.dispatcher: Failed to fetch updates - TelegramNetworkError: HTTP Client says - ClientConnectorDNSError: Cannot connect to host api.telegram.org:443 ssl:default [getaddrinfo failed]
2026-03-19 09:21:11,274 [WARNING] aiogram.dispatcher: Sleep for 4.955140 seconds and try again... (tryings = 609, bot id = 8749354405)
2026-03-19 09:21:11,414 [ERROR] data.orderflow_ws: WS error: [Errno 11001] getaddrinfo failed — reconnect in 10s
2026-03-19 09:21:21,427 [ERROR] data.orderflow_ws: WS error: [Errno 11001] getaddrinfo failed — reconnect in 10s
2026-03-19 09:21:28,249 [ERROR] aiogram.dispatcher: Failed to fetch updates - TelegramNetworkError: HTTP Client says - ClientConnectorDNSError: Cannot connect to host api.telegram.org:443 ssl:default [getaddrinfo failed]
2026-03-19 09:21:28,250 [WARNING] aiogram.dispatcher: Sleep for 4.985260 seconds and try again... (tryings = 610, bot id = 8749354405)
2026-03-19 09:21:31,440 [ERROR] data.orderflow_ws: WS error: [Errno 11001] getaddrinfo failed — reconnect in 10s
2026-03-19 09:21:33,252 [ERROR] aiogram.dispatcher: Failed to fetch updates - TelegramNetworkError: HTTP Client says - ClientConnectorDNSError: Cannot connect to host api.telegram.org:443 ssl:default [getaddrinfo failed]
2026-03-19 09:21:33,253 [WARNING] aiogram.dispatcher: Sleep for 4.904898 seconds and try again... (tryings = 611, bot id = 8749354405)
2026-03-19 09:21:38,176 [ERROR] aiogram.dispatcher: Failed to fetch updates - TelegramNetworkError: HTTP Client says - ClientConnectorDNSError: Cannot connect to host api.telegram.org:443 ssl:default [getaddrinfo failed]
2026-03-19 09:21:38,177 [WARNING] aiogram.dispatcher: Sleep for 4.947028 seconds and try again... (tryings = 612, bot id = 8749354405)
2026-03-19 09:21:41,452 [ERROR] data.orderflow_ws: WS error: [Errno 11001] getaddrinfo failed — reconnect in 10s
2026-03-19 09:21:43,139 [ERROR] aiogram.dispatcher: Failed to fetch updates - TelegramNetworkError: HTTP Client says - ClientConnectorDNSError: Cannot connect to host api.telegram.org:443 ssl:default [getaddrinfo failed]
2026-03-19 09:21:43,140 [WARNING] aiogram.dispatcher: Sleep for 4.844925 seconds and try again... (tryings = 613, bot id = 8749354405)
2026-03-19 09:21:53,498 [ERROR] data.orderflow_ws: WS error: [Errno 11001] getaddrinfo failed — reconnect in 10s
2026-03-19 09:22:00,008 [ERROR] aiogram.dispatcher: Failed to fetch updates - TelegramNetworkError: HTTP Client says - ClientConnectorDNSError: Cannot connect to host api.telegram.org:443 ssl:default [getaddrinfo failed]
2026-03-19 09:22:00,010 [WARNING] aiogram.dispatcher: Sleep for 4.992279 seconds and try again... (tryings = 614, bot id = 8749354405)
2026-03-19 09:22:03,510 [ERROR] data.orderflow_ws: WS error: [Errno 11001] getaddrinfo failed — reconnect in 10s
2026-03-19 09:22:05,012 [ERROR] aiogram.dispatcher: Failed to fetch updates - TelegramNetworkError: HTTP Client says - ClientConnectorDNSError: Cannot connect to host api.telegram.org:443 ssl:default [getaddrinfo failed]
2026-03-19 09:22:05,014 [WARNING] aiogram.dispatcher: Sleep for 5.043705 seconds and try again... (tryings = 615, bot id = 8749354405)
2026-03-19 09:22:10,064 [ERROR] aiogram.dispatcher: Failed to fetch updates - TelegramNetworkError: HTTP Client says - ClientConnectorDNSError: Cannot connect to host api.telegram.org:443 ssl:default [getaddrinfo failed]
2026-03-19 09:22:10,066 [WARNING] aiogram.dispatcher: Sleep for 4.833723 seconds and try again... (tryings = 616, bot id = 8749354405)
2026-03-19 09:22:22,095 [ERROR] aiogram.dispatcher: Failed to fetch updates - TelegramNetworkError: HTTP Client says - ClientConnectorDNSError: Cannot connect to host api.telegram.org:443 ssl:default [getaddrinfo failed]
2026-03-19 09:22:22,096 [WARNING] aiogram.dispatcher: Sleep for 4.941119 seconds and try again... (tryings = 617, bot id = 8749354405)
2026-03-19 09:22:23,539 [ERROR] data.orderflow_ws: WS error: timed out during opening handshake — reconnect in 10s
2026-03-19 09:22:27,042 [ERROR] aiogram.dispatcher: Failed to fetch updates - TelegramNetworkError: HTTP Client says - ClientConnectorDNSError: Cannot connect to host api.telegram.org:443 ssl:default [getaddrinfo failed]
2026-03-19 09:22:27,043 [WARNING] aiogram.dispatcher: Sleep for 4.986522 seconds and try again... (tryings = 618, bot id = 8749354405)
2026-03-19 09:22:43,564 [ERROR] data.orderflow_ws: WS error: timed out during opening handshake — reconnect in 10s
2026-03-19 09:22:44,097 [ERROR] aiogram.dispatcher: Failed to fetch updates - TelegramNetworkError: HTTP Client says - ClientConnectorDNSError: Cannot connect to host api.telegram.org:443 ssl:default [getaddrinfo failed]
2026-03-19 09:22:44,098 [WARNING] aiogram.dispatcher: Sleep for 5.070688 seconds and try again... (tryings = 619, bot id = 8749354405)
2026-03-19 09:22:49,180 [ERROR] aiogram.dispatcher: Failed to fetch updates - TelegramNetworkError: HTTP Client says - ClientConnectorDNSError: Cannot connect to host api.telegram.org:443 ssl:default [getaddrinfo failed]
2026-03-19 09:22:49,181 [WARNING] aiogram.dispatcher: Sleep for 5.038940 seconds and try again... (tryings = 620, bot id = 8749354405)
2026-03-19 09:23:03,590 [ERROR] data.orderflow_ws: WS error: timed out during opening handshake — reconnect in 10s
2026-03-19 09:23:06,251 [ERROR] aiogram.dispatcher: Failed to fetch updates - TelegramNetworkError: HTTP Client says - ClientConnectorDNSError: Cannot connect to host api.telegram.org:443 ssl:default [getaddrinfo failed]
2026-03-19 09:23:06,252 [WARNING] aiogram.dispatcher: Sleep for 4.881792 seconds and try again... (tryings = 621, bot id = 8749354405)
2026-03-19 09:23:11,152 [ERROR] aiogram.dispatcher: Failed to fetch updates - TelegramNetworkError: HTTP Client says - ClientConnectorDNSError: Cannot connect to host api.telegram.org:443 ssl:default [getaddrinfo failed]
2026-03-19 09:23:11,153 [WARNING] aiogram.dispatcher: Sleep for 5.092053 seconds and try again... (tryings = 622, bot id = 8749354405)
2026-03-19 09:23:13,600 [ERROR] data.orderflow_ws: WS error: [Errno 11001] getaddrinfo failed — reconnect in 10s
2026-03-19 09:23:16,262 [ERROR] aiogram.dispatcher: Failed to fetch updates - TelegramNetworkError: HTTP Client says - ClientConnectorDNSError: Cannot connect to host api.telegram.org:443 ssl:default [getaddrinfo failed]
2026-03-19 09:23:16,263 [WARNING] aiogram.dispatcher: Sleep for 4.979163 seconds and try again... (tryings = 623, bot id = 8749354405)
2026-03-19 09:23:33,302 [ERROR] aiogram.dispatcher: Failed to fetch updates - TelegramNetworkError: HTTP Client says - ClientConnectorDNSError: Cannot connect to host api.telegram.org:443 ssl:default [getaddrinfo failed]
2026-03-19 09:23:33,303 [WARNING] aiogram.dispatcher: Sleep for 4.931382 seconds and try again... (tryings = 624, bot id = 8749354405)
2026-03-19 09:23:33,612 [ERROR] data.orderflow_ws: WS error: timed out during opening handshake — reconnect in 10s
2026-03-19 09:23:38,252 [ERROR] aiogram.dispatcher: Failed to fetch updates - TelegramNetworkError: HTTP Client says - ClientConnectorDNSError: Cannot connect to host api.telegram.org:443 ssl:default [getaddrinfo failed]
2026-03-19 09:23:38,253 [WARNING] aiogram.dispatcher: Sleep for 4.996256 seconds and try again... (tryings = 625, bot id = 8749354405)
2026-03-19 09:23:53,628 [ERROR] data.orderflow_ws: WS error: timed out during opening handshake — reconnect in 10s
2026-03-19 09:23:55,305 [ERROR] aiogram.dispatcher: Failed to fetch updates - TelegramNetworkError: HTTP Client says - ClientConnectorDNSError: Cannot connect to host api.telegram.org:443 ssl:default [getaddrinfo failed]
2026-03-19 09:23:55,306 [WARNING] aiogram.dispatcher: Sleep for 4.789903 seconds and try again... (tryings = 626, bot id = 8749354405)
2026-03-19 09:24:00,101 [ERROR] aiogram.dispatcher: Failed to fetch updates - TelegramNetworkError: HTTP Client says - ClientConnectorDNSError: Cannot connect to host api.telegram.org:443 ssl:default [getaddrinfo failed]
2026-03-19 09:24:00,103 [WARNING] aiogram.dispatcher: Sleep for 4.844132 seconds and try again... (tryings = 627, bot id = 8749354405)
2026-03-19 09:24:03,636 [ERROR] data.orderflow_ws: WS error: [Errno 11001] getaddrinfo failed — reconnect in 10s
2026-03-19 09:24:04,958 [ERROR] aiogram.dispatcher: Failed to fetch updates - TelegramNetworkError: HTTP Client says - ClientConnectorDNSError: Cannot connect to host api.telegram.org:443 ssl:default [getaddrinfo failed]
2026-03-19 09:24:04,960 [WARNING] aiogram.dispatcher: Sleep for 4.913983 seconds and try again... (tryings = 628, bot id = 8749354405)
2026-03-19 09:24:13,651 [ERROR] data.orderflow_ws: WS error: [Errno 11001] getaddrinfo failed — reconnect in 10s
2026-03-19 09:24:21,970 [ERROR] aiogram.dispatcher: Failed to fetch updates - TelegramNetworkError: HTTP Client says - ClientConnectorDNSError: Cannot connect to host api.telegram.org:443 ssl:default [getaddrinfo failed]
2026-03-19 09:24:21,972 [WARNING] aiogram.dispatcher: Sleep for 5.028137 seconds and try again... (tryings = 629, bot id = 8749354405)
2026-03-19 09:24:23,660 [ERROR] data.orderflow_ws: WS error: [Errno 11001] getaddrinfo failed — reconnect in 10s
2026-03-19 09:24:27,013 [ERROR] aiogram.dispatcher: Failed to fetch updates - TelegramNetworkError: HTTP Client says - ClientConnectorDNSError: Cannot connect to host api.telegram.org:443 ssl:default [getaddrinfo failed]
2026-03-19 09:24:27,014 [WARNING] aiogram.dispatcher: Sleep for 5.137532 seconds and try again... (tryings = 630, bot id = 8749354405)
2026-03-19 09:24:32,158 [ERROR] aiogram.dispatcher: Failed to fetch updates - TelegramNetworkError: HTTP Client says - ClientConnectorDNSError: Cannot connect to host api.telegram.org:443 ssl:default [getaddrinfo failed]
2026-03-19 09:24:32,159 [WARNING] aiogram.dispatcher: Sleep for 5.126420 seconds and try again... (tryings = 631, bot id = 8749354405)
2026-03-19 09:24:33,675 [ERROR] data.orderflow_ws: WS error: [Errno 11001] getaddrinfo failed — reconnect in 10s
2026-03-19 09:24:37,290 [ERROR] aiogram.dispatcher: Failed to fetch updates - TelegramNetworkError: HTTP Client says - ClientConnectorDNSError: Cannot connect to host api.telegram.org:443 ssl:default [getaddrinfo failed]
2026-03-19 09:24:37,291 [WARNING] aiogram.dispatcher: Sleep for 5.092557 seconds and try again... (tryings = 632, bot id = 8749354405)
2026-03-19 09:24:42,395 [ERROR] aiogram.dispatcher: Failed to fetch updates - TelegramNetworkError: HTTP Client says - ClientConnectorDNSError: Cannot connect to host api.telegram.org:443 ssl:default [getaddrinfo failed]
2026-03-19 09:24:42,396 [WARNING] aiogram.dispatcher: Sleep for 5.000072 seconds and try again... (tryings = 633, bot id = 8749354405)
2026-03-19 09:24:43,687 [ERROR] data.orderflow_ws: WS error: [Errno 11001] getaddrinfo failed — reconnect in 10s
2026-03-19 09:24:53,699 [ERROR] data.orderflow_ws: WS error: [Errno 11001] getaddrinfo failed — reconnect in 10s
2026-03-19 09:24:59,451 [ERROR] aiogram.dispatcher: Failed to fetch updates - TelegramNetworkError: HTTP Client says - ClientConnectorDNSError: Cannot connect to host api.telegram.org:443 ssl:default [getaddrinfo failed]
2026-03-19 09:24:59,452 [WARNING] aiogram.dispatcher: Sleep for 4.923018 seconds and try again... (tryings = 634, bot id = 8749354405)
2026-03-19 09:25:03,705 [ERROR] data.orderflow_ws: WS error: [Errno 11001] getaddrinfo failed — reconnect in 10s
2026-03-19 09:25:04,404 [ERROR] aiogram.dispatcher: Failed to fetch updates - TelegramNetworkError: HTTP Client says - ClientConnectorDNSError: Cannot connect to host api.telegram.org:443 ssl:default [getaddrinfo failed]
2026-03-19 09:25:04,406 [WARNING] aiogram.dispatcher: Sleep for 5.038973 seconds and try again... (tryings = 635, bot id = 8749354405)
2026-03-19 09:25:09,455 [ERROR] aiogram.dispatcher: Failed to fetch updates - TelegramNetworkError: HTTP Client says - ClientConnectorDNSError: Cannot connect to host api.telegram.org:443 ssl:default [getaddrinfo failed]
2026-03-19 09:25:09,456 [WARNING] aiogram.dispatcher: Sleep for 5.111895 seconds and try again... (tryings = 636, bot id = 8749354405)
2026-03-19 09:25:13,719 [ERROR] data.orderflow_ws: WS error: [Errno 11001] getaddrinfo failed — reconnect in 10s
2026-03-19 09:25:14,572 [ERROR] aiogram.dispatcher: Failed to fetch updates - TelegramNetworkError: HTTP Client says - ClientConnectorDNSError: Cannot connect to host api.telegram.org:443 ssl:default [getaddrinfo failed]
2026-03-19 09:25:14,573 [WARNING] aiogram.dispatcher: Sleep for 5.004452 seconds and try again... (tryings = 637, bot id = 8749354405)
2026-03-19 09:25:19,586 [ERROR] aiogram.dispatcher: Failed to fetch updates - TelegramNetworkError: HTTP Client says - ClientConnectorDNSError: Cannot connect to host api.telegram.org:443 ssl:default [getaddrinfo failed]
2026-03-19 09:25:19,587 [WARNING] aiogram.dispatcher: Sleep for 4.923851 seconds and try again... (tryings = 638, bot id = 8749354405)
2026-03-19 09:25:23,727 [ERROR] data.orderflow_ws: WS error: [Errno 11001] getaddrinfo failed — reconnect in 10s
2026-03-19 09:25:24,525 [ERROR] aiogram.dispatcher: Failed to fetch updates - TelegramNetworkError: HTTP Client says - ClientConnectorDNSError: Cannot connect to host api.telegram.org:443 ssl:default [getaddrinfo failed]
2026-03-19 09:25:24,526 [WARNING] aiogram.dispatcher: Sleep for 5.102882 seconds and try again... (tryings = 639, bot id = 8749354405)
2026-03-19 09:25:29,647 [ERROR] aiogram.dispatcher: Failed to fetch updates - TelegramNetworkError: HTTP Client says - ClientConnectorDNSError: Cannot connect to host api.telegram.org:443 ssl:default [getaddrinfo failed]
2026-03-19 09:25:29,648 [WARNING] aiogram.dispatcher: Sleep for 5.165081 seconds and try again... (tryings = 640, bot id = 8749354405)
2026-03-19 09:25:43,764 [ERROR] data.orderflow_ws: WS error: timed out during opening handshake — reconnect in 10s
2026-03-19 09:25:46,858 [ERROR] aiogram.dispatcher: Failed to fetch updates - TelegramNetworkError: HTTP Client says - ClientConnectorDNSError: Cannot connect to host api.telegram.org:443 ssl:default [getaddrinfo failed]
2026-03-19 09:25:46,859 [WARNING] aiogram.dispatcher: Sleep for 4.868103 seconds and try again... (tryings = 641, bot id = 8749354405)
2026-03-19 09:25:51,745 [ERROR] aiogram.dispatcher: Failed to fetch updates - TelegramNetworkError: HTTP Client says - ClientConnectorDNSError: Cannot connect to host api.telegram.org:443 ssl:default [getaddrinfo failed]
2026-03-19 09:25:51,746 [WARNING] aiogram.dispatcher: Sleep for 4.952237 seconds and try again... (tryings = 642, bot id = 8749354405)
2026-03-19 09:25:56,716 [ERROR] aiogram.dispatcher: Failed to fetch updates - TelegramNetworkError: HTTP Client says - ClientConnectorDNSError: Cannot connect to host api.telegram.org:443 ssl:default [getaddrinfo failed]
2026-03-19 09:25:56,717 [WARNING] aiogram.dispatcher: Sleep for 4.938841 seconds and try again... (tryings = 643, bot id = 8749354405)
2026-03-19 09:26:03,769 [ERROR] data.orderflow_ws: WS error: timed out during opening handshake — reconnect in 10s
2026-03-19 09:26:13,707 [ERROR] aiogram.dispatcher: Failed to fetch updates - TelegramNetworkError: HTTP Client says - ClientConnectorDNSError: Cannot connect to host api.telegram.org:443 ssl:default [getaddrinfo failed]
2026-03-19 09:26:13,708 [WARNING] aiogram.dispatcher: Sleep for 4.773135 seconds and try again... (tryings = 644, bot id = 8749354405)
2026-03-19 09:26:13,783 [ERROR] data.orderflow_ws: WS error: [Errno 11001] getaddrinfo failed — reconnect in 10s
2026-03-19 09:26:18,494 [ERROR] aiogram.dispatcher: Failed to fetch updates - TelegramNetworkError: HTTP Client says - ClientConnectorDNSError: Cannot connect to host api.telegram.org:443 ssl:default [getaddrinfo failed]
2026-03-19 09:26:18,495 [WARNING] aiogram.dispatcher: Sleep for 5.056768 seconds and try again... (tryings = 645, bot id = 8749354405)
2026-03-19 09:26:23,571 [ERROR] aiogram.dispatcher: Failed to fetch updates - TelegramNetworkError: HTTP Client says - ClientConnectorDNSError: Cannot connect to host api.telegram.org:443 ssl:default [getaddrinfo failed]
2026-03-19 09:26:23,572 [WARNING] aiogram.dispatcher: Sleep for 5.054377 seconds and try again... (tryings = 646, bot id = 8749354405)
2026-03-19 09:26:23,788 [ERROR] data.orderflow_ws: WS error: [Errno 11001] getaddrinfo failed — reconnect in 10s
2026-03-19 09:26:40,702 [ERROR] aiogram.dispatcher: Failed to fetch updates - TelegramNetworkError: HTTP Client says - ClientConnectorDNSError: Cannot connect to host api.telegram.org:443 ssl:default [getaddrinfo failed]
2026-03-19 09:26:40,703 [WARNING] aiogram.dispatcher: Sleep for 4.960304 seconds and try again... (tryings = 647, bot id = 8749354405)
2026-03-19 09:26:43,807 [ERROR] data.orderflow_ws: WS error: timed out during opening handshake — reconnect in 10s
2026-03-19 09:26:45,678 [ERROR] aiogram.dispatcher: Failed to fetch updates - TelegramNetworkError: HTTP Client says - ClientConnectorDNSError: Cannot connect to host api.telegram.org:443 ssl:default [getaddrinfo failed]
2026-03-19 09:26:45,679 [WARNING] aiogram.dispatcher: Sleep for 5.038437 seconds and try again... (tryings = 648, bot id = 8749354405)
2026-03-19 09:26:50,731 [ERROR] aiogram.dispatcher: Failed to fetch updates - TelegramNetworkError: HTTP Client says - ClientConnectorDNSError: Cannot connect to host api.telegram.org:443 ssl:default [getaddrinfo failed]
2026-03-19 09:26:50,732 [WARNING] aiogram.dispatcher: Sleep for 5.075900 seconds and try again... (tryings = 649, bot id = 8749354405)
2026-03-19 09:27:03,819 [ERROR] data.orderflow_ws: WS error: timed out during opening handshake — reconnect in 10s
2026-03-19 09:27:07,861 [ERROR] aiogram.dispatcher: Failed to fetch updates - TelegramNetworkError: HTTP Client says - ClientConnectorDNSError: Cannot connect to host api.telegram.org:443 ssl:default [getaddrinfo failed]
2026-03-19 09:27:07,862 [WARNING] aiogram.dispatcher: Sleep for 4.856708 seconds and try again... (tryings = 650, bot id = 8749354405)
2026-03-19 09:27:12,723 [ERROR] aiogram.dispatcher: Failed to fetch updates - TelegramNetworkError: HTTP Client says - ClientConnectorDNSError: Cannot connect to host api.telegram.org:443 ssl:default [getaddrinfo failed]
2026-03-19 09:27:12,724 [WARNING] aiogram.dispatcher: Sleep for 4.785453 seconds and try again... (tryings = 651, bot id = 8749354405)
2026-03-19 09:27:13,832 [ERROR] data.orderflow_ws: WS error: [Errno 11001] getaddrinfo failed — reconnect in 10s
2026-03-19 09:27:29,600 [ERROR] aiogram.dispatcher: Failed to fetch updates - TelegramNetworkError: HTTP Client says - ClientConnectorDNSError: Cannot connect to host api.telegram.org:443 ssl:default [getaddrinfo failed]
2026-03-19 09:27:29,601 [WARNING] aiogram.dispatcher: Sleep for 4.940894 seconds and try again... (tryings = 652, bot id = 8749354405)
2026-03-19 09:27:33,835 [ERROR] data.orderflow_ws: WS error: timed out during opening handshake — reconnect in 10s
2026-03-19 09:27:34,552 [ERROR] aiogram.dispatcher: Failed to fetch updates - TelegramNetworkError: HTTP Client says - ClientConnectorDNSError: Cannot connect to host api.telegram.org:443 ssl:default [getaddrinfo failed]
2026-03-19 09:27:34,553 [WARNING] aiogram.dispatcher: Sleep for 5.022268 seconds and try again... (tryings = 653, bot id = 8749354405)
2026-03-19 09:27:39,588 [ERROR] aiogram.dispatcher: Failed to fetch updates - TelegramNetworkError: HTTP Client says - ClientConnectorDNSError: Cannot connect to host api.telegram.org:443 ssl:default [getaddrinfo failed]
2026-03-19 09:27:39,589 [WARNING] aiogram.dispatcher: Sleep for 4.752663 seconds and try again... (tryings = 654, bot id = 8749354405)
2026-03-19 09:27:51,629 [ERROR] aiogram.dispatcher: Failed to fetch updates - TelegramNetworkError: HTTP Client says - ClientConnectorDNSError: Cannot connect to host api.telegram.org:443 ssl:default [getaddrinfo failed]
2026-03-19 09:27:51,630 [WARNING] aiogram.dispatcher: Sleep for 5.013991 seconds and try again... (tryings = 655, bot id = 8749354405)
2026-03-19 09:27:53,861 [ERROR] data.orderflow_ws: WS error: timed out during opening handshake — reconnect in 10s
2026-03-19 09:27:56,656 [ERROR] aiogram.dispatcher: Failed to fetch updates - TelegramNetworkError: HTTP Client says - ClientConnectorDNSError: Cannot connect to host api.telegram.org:443 ssl:default [getaddrinfo failed]
2026-03-19 09:27:56,657 [WARNING] aiogram.dispatcher: Sleep for 5.044979 seconds and try again... (tryings = 656, bot id = 8749354405)
2026-03-19 09:28:13,758 [ERROR] aiogram.dispatcher: Failed to fetch updates - TelegramNetworkError: HTTP Client says - ClientConnectorDNSError: Cannot connect to host api.telegram.org:443 ssl:default [getaddrinfo failed]
2026-03-19 09:28:13,760 [WARNING] aiogram.dispatcher: Sleep for 5.137721 seconds and try again... (tryings = 657, bot id = 8749354405)
2026-03-19 09:28:13,879 [ERROR] data.orderflow_ws: WS error: timed out during opening handshake — reconnect in 10s
2026-03-19 09:28:18,907 [ERROR] aiogram.dispatcher: Failed to fetch updates - TelegramNetworkError: HTTP Client says - ClientConnectorDNSError: Cannot connect to host api.telegram.org:443 ssl:default [getaddrinfo failed]
2026-03-19 09:28:18,908 [WARNING] aiogram.dispatcher: Sleep for 4.960136 seconds and try again... (tryings = 658, bot id = 8749354405)
2026-03-19 09:28:23,879 [ERROR] aiogram.dispatcher: Failed to fetch updates - TelegramNetworkError: HTTP Client says - ClientConnectorDNSError: Cannot connect to host api.telegram.org:443 ssl:default [getaddrinfo failed]
2026-03-19 09:28:23,880 [WARNING] aiogram.dispatcher: Sleep for 5.100749 seconds and try again... (tryings = 659, bot id = 8749354405)
2026-03-19 09:28:23,883 [ERROR] data.orderflow_ws: WS error: [Errno 11001] getaddrinfo failed — reconnect in 10s
2026-03-19 09:28:33,898 [ERROR] data.orderflow_ws: WS error: [Errno 11001] getaddrinfo failed — reconnect in 10s
2026-03-19 09:28:41,033 [ERROR] aiogram.dispatcher: Failed to fetch updates - TelegramNetworkError: HTTP Client says - ClientConnectorDNSError: Cannot connect to host api.telegram.org:443 ssl:default [getaddrinfo failed]
2026-03-19 09:28:41,034 [WARNING] aiogram.dispatcher: Sleep for 4.957088 seconds and try again... (tryings = 660, bot id = 8749354405)
2026-03-19 09:28:43,914 [ERROR] data.orderflow_ws: WS error: [Errno 11001] getaddrinfo failed — reconnect in 10s
2026-03-19 09:28:46,014 [ERROR] aiogram.dispatcher: Failed to fetch updates - TelegramNetworkError: HTTP Client says - ClientConnectorDNSError: Cannot connect to host api.telegram.org:443 ssl:default [getaddrinfo failed]
2026-03-19 09:28:46,015 [WARNING] aiogram.dispatcher: Sleep for 4.978895 seconds and try again... (tryings = 661, bot id = 8749354405)
2026-03-19 09:28:50,999 [ERROR] aiogram.dispatcher: Failed to fetch updates - TelegramNetworkError: HTTP Client says - ClientConnectorDNSError: Cannot connect to host api.telegram.org:443 ssl:default [getaddrinfo failed]
2026-03-19 09:28:51,000 [WARNING] aiogram.dispatcher: Sleep for 4.877221 seconds and try again... (tryings = 662, bot id = 8749354405)
2026-03-19 09:28:53,927 [ERROR] data.orderflow_ws: WS error: [Errno 11001] getaddrinfo failed — reconnect in 10s
2026-03-19 09:28:55,893 [ERROR] aiogram.dispatcher: Failed to fetch updates - TelegramNetworkError: HTTP Client says - ClientConnectorDNSError: Cannot connect to host api.telegram.org:443 ssl:default [getaddrinfo failed]
2026-03-19 09:28:55,894 [WARNING] aiogram.dispatcher: Sleep for 5.006120 seconds and try again... (tryings = 663, bot id = 8749354405)
2026-03-19 09:29:12,944 [ERROR] aiogram.dispatcher: Failed to fetch updates - TelegramNetworkError: HTTP Client says - ClientConnectorDNSError: Cannot connect to host api.telegram.org:443 ssl:default [getaddrinfo failed]
2026-03-19 09:29:12,945 [WARNING] aiogram.dispatcher: Sleep for 4.992639 seconds and try again... (tryings = 664, bot id = 8749354405)
2026-03-19 09:29:13,957 [ERROR] data.orderflow_ws: WS error: timed out during opening handshake — reconnect in 10s
2026-03-19 09:29:17,947 [ERROR] aiogram.dispatcher: Failed to fetch updates - TelegramNetworkError: HTTP Client says - ClientConnectorDNSError: Cannot connect to host api.telegram.org:443 ssl:default [getaddrinfo failed]
2026-03-19 09:29:17,948 [WARNING] aiogram.dispatcher: Sleep for 4.958148 seconds and try again... (tryings = 665, bot id = 8749354405)
2026-03-19 09:29:22,914 [ERROR] aiogram.dispatcher: Failed to fetch updates - TelegramNetworkError: HTTP Client says - ClientConnectorDNSError: Cannot connect to host api.telegram.org:443 ssl:default [getaddrinfo failed]
2026-03-19 09:29:22,915 [WARNING] aiogram.dispatcher: Sleep for 4.845617 seconds and try again... (tryings = 666, bot id = 8749354405)
2026-03-19 09:29:33,973 [ERROR] data.orderflow_ws: WS error: timed out during opening handshake — reconnect in 10s
2026-03-19 09:29:39,815 [ERROR] aiogram.dispatcher: Failed to fetch updates - TelegramNetworkError: HTTP Client says - ClientConnectorDNSError: Cannot connect to host api.telegram.org:443 ssl:default [getaddrinfo failed]
2026-03-19 09:29:39,816 [WARNING] aiogram.dispatcher: Sleep for 5.169601 seconds and try again... (tryings = 667, bot id = 8749354405)
2026-03-19 09:29:43,977 [ERROR] data.orderflow_ws: WS error: [Errno 11001] getaddrinfo failed — reconnect in 10s
2026-03-19 09:29:44,996 [ERROR] aiogram.dispatcher: Failed to fetch updates - TelegramNetworkError: HTTP Client says - ClientConnectorDNSError: Cannot connect to host api.telegram.org:443 ssl:default [getaddrinfo failed]
2026-03-19 09:29:44,998 [WARNING] aiogram.dispatcher: Sleep for 5.181756 seconds and try again... (tryings = 668, bot id = 8749354405)
2026-03-19 09:30:02,204 [ERROR] aiogram.dispatcher: Failed to fetch updates - TelegramNetworkError: HTTP Client says - ClientConnectorDNSError: Cannot connect to host api.telegram.org:443 ssl:default [getaddrinfo failed]
2026-03-19 09:30:02,204 [WARNING] aiogram.dispatcher: Sleep for 4.925135 seconds and try again... (tryings = 669, bot id = 8749354405)
2026-03-19 09:30:03,011 [INFO] apscheduler.executors.default: Running job "analysis_cycle (trigger: cron[minute='*/15', second='3'], next run at: 2026-03-19 09:45:03 MSK)" (scheduled at 2026-03-19 09:30:03+03:00)
2026-03-19 09:30:03,012 [INFO] __main__: ── Analysis cycle start ──────────────────
2026-03-19 09:30:03,997 [ERROR] data.orderflow_ws: WS error: timed out during opening handshake — reconnect in 10s
2026-03-19 09:30:07,137 [ERROR] aiogram.dispatcher: Failed to fetch updates - TelegramNetworkError: HTTP Client says - ClientConnectorDNSError: Cannot connect to host api.telegram.org:443 ssl:default [getaddrinfo failed]
2026-03-19 09:30:07,138 [WARNING] aiogram.dispatcher: Sleep for 5.053018 seconds and try again... (tryings = 670, bot id = 8749354405)
2026-03-19 09:30:10,061 [ERROR] engine.pipeline: Candle load failed: Binance request failed: Cannot connect to host testnet.binancefuture.com:443 ssl:default [getaddrinfo failed]
2026-03-19 09:30:10,062 [INFO] apscheduler.executors.default: Job "analysis_cycle (trigger: cron[minute='*/15', second='3'], next run at: 2026-03-19 09:45:03 MSK)" executed successfully
2026-03-19 09:30:12,205 [ERROR] aiogram.dispatcher: Failed to fetch updates - TelegramNetworkError: HTTP Client says - ClientConnectorDNSError: Cannot connect to host api.telegram.org:443 ssl:default [getaddrinfo failed]
2026-03-19 09:30:12,206 [WARNING] aiogram.dispatcher: Sleep for 5.158118 seconds and try again... (tryings = 671, bot id = 8749354405)
2026-03-19 09:30:24,025 [ERROR] data.orderflow_ws: WS error: timed out during opening handshake — reconnect in 10s
2026-03-19 09:30:29,427 [ERROR] aiogram.dispatcher: Failed to fetch updates - TelegramNetworkError: HTTP Client says - ClientConnectorDNSError: Cannot connect to host api.telegram.org:443 ssl:default [getaddrinfo failed]
2026-03-19 09:30:29,428 [WARNING] aiogram.dispatcher: Sleep for 5.071444 seconds and try again... (tryings = 672, bot id = 8749354405)
2026-03-19 09:30:34,038 [ERROR] data.orderflow_ws: WS error: [Errno 11001] getaddrinfo failed — reconnect in 10s
2026-03-19 09:30:34,504 [ERROR] aiogram.dispatcher: Failed to fetch updates - TelegramNetworkError: HTTP Client says - ClientConnectorDNSError: Cannot connect to host api.telegram.org:443 ssl:default [getaddrinfo failed]
2026-03-19 09:30:34,505 [WARNING] aiogram.dispatcher: Sleep for 4.933229 seconds and try again... (tryings = 673, bot id = 8749354405)
2026-03-19 09:30:51,470 [ERROR] aiogram.dispatcher: Failed to fetch updates - TelegramNetworkError: HTTP Client says - ClientConnectorDNSError: Cannot connect to host api.telegram.org:443 ssl:default [getaddrinfo failed]
2026-03-19 09:30:51,472 [WARNING] aiogram.dispatcher: Sleep for 4.763650 seconds and try again... (tryings = 674, bot id = 8749354405)
2026-03-19 09:30:54,056 [ERROR] data.orderflow_ws: WS error: timed out during opening handshake — reconnect in 10s
2026-03-19 09:30:56,239 [ERROR] aiogram.dispatcher: Failed to fetch updates - TelegramNetworkError: HTTP Client says - ClientConnectorDNSError: Cannot connect to host api.telegram.org:443 ssl:default [getaddrinfo failed]
2026-03-19 09:30:56,240 [WARNING] aiogram.dispatcher: Sleep for 5.050907 seconds and try again... (tryings = 675, bot id = 8749354405)
2026-03-19 09:31:01,305 [ERROR] aiogram.dispatcher: Failed to fetch updates - TelegramNetworkError: HTTP Client says - ClientConnectorDNSError: Cannot connect to host api.telegram.org:443 ssl:default [getaddrinfo failed]
2026-03-19 09:31:01,306 [WARNING] aiogram.dispatcher: Sleep for 5.100132 seconds and try again... (tryings = 676, bot id = 8749354405)
2026-03-19 09:31:14,065 [ERROR] data.orderflow_ws: WS error: timed out during opening handshake — reconnect in 10s
2026-03-19 09:31:18,467 [ERROR] aiogram.dispatcher: Failed to fetch updates - TelegramNetworkError: HTTP Client says - ClientConnectorDNSError: Cannot connect to host api.telegram.org:443 ssl:default [getaddrinfo failed]
2026-03-19 09:31:18,468 [WARNING] aiogram.dispatcher: Sleep for 4.882129 seconds and try again... (tryings = 677, bot id = 8749354405)
2026-03-19 09:31:23,358 [ERROR] aiogram.dispatcher: Failed to fetch updates - TelegramNetworkError: HTTP Client says - ClientConnectorDNSError: Cannot connect to host api.telegram.org:443 ssl:default [getaddrinfo failed]
2026-03-19 09:31:23,359 [WARNING] aiogram.dispatcher: Sleep for 5.017091 seconds and try again... (tryings = 678, bot id = 8749354405)
2026-03-19 09:31:24,071 [ERROR] data.orderflow_ws: WS error: [Errno 11001] getaddrinfo failed — reconnect in 10s
2026-03-19 09:31:40,424 [ERROR] aiogram.dispatcher: Failed to fetch updates - TelegramNetworkError: HTTP Client says - ClientConnectorDNSError: Cannot connect to host api.telegram.org:443 ssl:default [getaddrinfo failed]
2026-03-19 09:31:40,425 [WARNING] aiogram.dispatcher: Sleep for 5.089161 seconds and try again... (tryings = 679, bot id = 8749354405)
2026-03-19 09:31:44,097 [ERROR] data.orderflow_ws: WS error: timed out during opening handshake — reconnect in 10s
2026-03-19 09:31:45,533 [ERROR] aiogram.dispatcher: Failed to fetch updates - TelegramNetworkError: HTTP Client says - ClientConnectorDNSError: Cannot connect to host api.telegram.org:443 ssl:default [getaddrinfo failed]
2026-03-19 09:31:45,534 [WARNING] aiogram.dispatcher: Sleep for 5.024898 seconds and try again... (tryings = 680, bot id = 8749354405)
2026-03-19 09:31:50,565 [ERROR] aiogram.dispatcher: Failed to fetch updates - TelegramNetworkError: HTTP Client says - ClientConnectorDNSError: Cannot connect to host api.telegram.org:443 ssl:default [getaddrinfo failed]
2026-03-19 09:31:50,566 [WARNING] aiogram.dispatcher: Sleep for 5.128126 seconds and try again... (tryings = 681, bot id = 8749354405)
2026-03-19 09:32:04,124 [ERROR] data.orderflow_ws: WS error: timed out during opening handshake — reconnect in 10s
2026-03-19 09:32:07,764 [ERROR] aiogram.dispatcher: Failed to fetch updates - TelegramNetworkError: HTTP Client says - ClientConnectorDNSError: Cannot connect to host api.telegram.org:443 ssl:default [getaddrinfo failed]
2026-03-19 09:32:07,765 [WARNING] aiogram.dispatcher: Sleep for 5.023546 seconds and try again... (tryings = 682, bot id = 8749354405)
2026-03-19 09:32:12,793 [ERROR] aiogram.dispatcher: Failed to fetch updates - TelegramNetworkError: HTTP Client says - ClientConnectorDNSError: Cannot connect to host api.telegram.org:443 ssl:default [getaddrinfo failed]
2026-03-19 09:32:12,794 [WARNING] aiogram.dispatcher: Sleep for 5.000359 seconds and try again... (tryings = 683, bot id = 8749354405)
2026-03-19 09:32:14,135 [ERROR] data.orderflow_ws: WS error: [Errno 11001] getaddrinfo failed — reconnect in 10s
2026-03-19 09:32:24,152 [ERROR] data.orderflow_ws: WS error: [Errno 11001] getaddrinfo failed — reconnect in 10s
2026-03-19 09:32:29,843 [ERROR] aiogram.dispatcher: Failed to fetch updates - TelegramNetworkError: HTTP Client says - ClientConnectorDNSError: Cannot connect to host api.telegram.org:443 ssl:default [getaddrinfo failed]
2026-03-19 09:32:29,844 [WARNING] aiogram.dispatcher: Sleep for 4.940135 seconds and try again... (tryings = 684, bot id = 8749354405)
2026-03-19 09:32:34,160 [ERROR] data.orderflow_ws: WS error: [Errno 11001] getaddrinfo failed — reconnect in 10s
2026-03-19 09:32:34,798 [ERROR] aiogram.dispatcher: Failed to fetch updates - TelegramNetworkError: HTTP Client says - ClientConnectorDNSError: Cannot connect to host api.telegram.org:443 ssl:default [getaddrinfo failed]
2026-03-19 09:32:34,799 [WARNING] aiogram.dispatcher: Sleep for 5.098671 seconds and try again... (tryings = 685, bot id = 8749354405)
2026-03-19 09:32:39,910 [ERROR] aiogram.dispatcher: Failed to fetch updates - TelegramNetworkError: HTTP Client says - ClientConnectorDNSError: Cannot connect to host api.telegram.org:443 ssl:default [getaddrinfo failed]
2026-03-19 09:32:39,911 [WARNING] aiogram.dispatcher: Sleep for 5.003459 seconds and try again... (tryings = 686, bot id = 8749354405)
2026-03-19 09:32:54,173 [ERROR] data.orderflow_ws: WS error: timed out during opening handshake — reconnect in 10s
2026-03-19 09:32:56,964 [ERROR] aiogram.dispatcher: Failed to fetch updates - TelegramNetworkError: HTTP Client says - ClientConnectorDNSError: Cannot connect to host api.telegram.org:443 ssl:default [getaddrinfo failed]
2026-03-19 09:32:56,965 [WARNING] aiogram.dispatcher: Sleep for 5.070798 seconds and try again... (tryings = 687, bot id = 8749354405)
2026-03-19 09:33:02,045 [ERROR] aiogram.dispatcher: Failed to fetch updates - TelegramNetworkError: HTTP Client says - ClientConnectorDNSError: Cannot connect to host api.telegram.org:443 ssl:default [getaddrinfo failed]
2026-03-19 09:33:02,046 [WARNING] aiogram.dispatcher: Sleep for 5.213668 seconds and try again... (tryings = 688, bot id = 8749354405)
2026-03-19 09:33:04,185 [ERROR] data.orderflow_ws: WS error: [Errno 11001] getaddrinfo failed — reconnect in 10s
2026-03-19 09:33:14,203 [ERROR] data.orderflow_ws: WS error: [Errno 11001] getaddrinfo failed — reconnect in 10s
2026-03-19 09:33:19,308 [ERROR] aiogram.dispatcher: Failed to fetch updates - TelegramNetworkError: HTTP Client says - ClientConnectorDNSError: Cannot connect to host api.telegram.org:443 ssl:default [getaddrinfo failed]
2026-03-19 09:33:19,309 [WARNING] aiogram.dispatcher: Sleep for 5.108226 seconds and try again... (tryings = 689, bot id = 8749354405)
2026-03-19 09:33:24,211 [ERROR] data.orderflow_ws: WS error: [Errno 11001] getaddrinfo failed — reconnect in 10s
2026-03-19 09:33:24,435 [ERROR] aiogram.dispatcher: Failed to fetch updates - TelegramNetworkError: HTTP Client says - ClientConnectorDNSError: Cannot connect to host api.telegram.org:443 ssl:default [getaddrinfo failed]
2026-03-19 09:33:24,436 [WARNING] aiogram.dispatcher: Sleep for 5.026603 seconds and try again... (tryings = 690, bot id = 8749354405)
2026-03-19 09:33:29,471 [ERROR] aiogram.dispatcher: Failed to fetch updates - TelegramNetworkError: HTTP Client says - ClientConnectorDNSError: Cannot connect to host api.telegram.org:443 ssl:default [getaddrinfo failed]
2026-03-19 09:33:29,472 [WARNING] aiogram.dispatcher: Sleep for 4.959064 seconds and try again... (tryings = 691, bot id = 8749354405)
2026-03-19 09:33:44,226 [ERROR] data.orderflow_ws: WS error: timed out during opening handshake — reconnect in 10s
2026-03-19 09:33:46,481 [ERROR] aiogram.dispatcher: Failed to fetch updates - TelegramNetworkError: HTTP Client says - ClientConnectorDNSError: Cannot connect to host api.telegram.org:443 ssl:default [getaddrinfo failed]
2026-03-19 09:33:46,482 [WARNING] aiogram.dispatcher: Sleep for 4.801946 seconds and try again... (tryings = 692, bot id = 8749354405)
2026-03-19 09:33:51,292 [ERROR] aiogram.dispatcher: Failed to fetch updates - TelegramNetworkError: HTTP Client says - ClientConnectorDNSError: Cannot connect to host api.telegram.org:443 ssl:default [getaddrinfo failed]
2026-03-19 09:33:51,294 [WARNING] aiogram.dispatcher: Sleep for 5.067652 seconds and try again... (tryings = 693, bot id = 8749354405)
2026-03-19 09:33:54,241 [ERROR] data.orderflow_ws: WS error: [Errno 11001] getaddrinfo failed — reconnect in 10s
2026-03-19 09:34:04,250 [ERROR] data.orderflow_ws: WS error: [Errno 11001] getaddrinfo failed — reconnect in 10s
2026-03-19 09:34:08,416 [ERROR] aiogram.dispatcher: Failed to fetch updates - TelegramNetworkError: HTTP Client says - ClientConnectorDNSError: Cannot connect to host api.telegram.org:443 ssl:default [getaddrinfo failed]
2026-03-19 09:34:08,417 [WARNING] aiogram.dispatcher: Sleep for 4.909639 seconds and try again... (tryings = 694, bot id = 8749354405)
2026-03-19 09:34:13,343 [ERROR] aiogram.dispatcher: Failed to fetch updates - TelegramNetworkError: HTTP Client says - ClientConnectorDNSError: Cannot connect to host api.telegram.org:443 ssl:default [getaddrinfo failed]
2026-03-19 09:34:13,345 [WARNING] aiogram.dispatcher: Sleep for 5.015108 seconds and try again... (tryings = 695, bot id = 8749354405)
2026-03-19 09:34:14,258 [ERROR] data.orderflow_ws: WS error: [Errno 11001] getaddrinfo failed — reconnect in 10s
2026-03-19 09:34:18,371 [ERROR] aiogram.dispatcher: Failed to fetch updates - TelegramNetworkError: HTTP Client says - ClientConnectorDNSError: Cannot connect to host api.telegram.org:443 ssl:default [getaddrinfo failed]
2026-03-19 09:34:18,372 [WARNING] aiogram.dispatcher: Sleep for 5.181395 seconds and try again... (tryings = 696, bot id = 8749354405)
2026-03-19 09:34:34,276 [ERROR] data.orderflow_ws: WS error: timed out during opening handshake — reconnect in 10s
2026-03-19 09:34:35,600 [ERROR] aiogram.dispatcher: Failed to fetch updates - TelegramNetworkError: HTTP Client says - ClientConnectorDNSError: Cannot connect to host api.telegram.org:443 ssl:default [getaddrinfo failed]
2026-03-19 09:34:35,602 [WARNING] aiogram.dispatcher: Sleep for 5.056023 seconds and try again... (tryings = 697, bot id = 8749354405)
2026-03-19 09:34:40,671 [ERROR] aiogram.dispatcher: Failed to fetch updates - TelegramNetworkError: HTTP Client says - ClientConnectorDNSError: Cannot connect to host api.telegram.org:443 ssl:default [getaddrinfo failed]
2026-03-19 09:34:40,672 [WARNING] aiogram.dispatcher: Sleep for 4.965887 seconds and try again... (tryings = 698, bot id = 8749354405)
2026-03-19 09:34:44,288 [ERROR] data.orderflow_ws: WS error: [Errno 11001] getaddrinfo failed — reconnect in 10s
2026-03-19 09:34:45,650 [ERROR] aiogram.dispatcher: Failed to fetch updates - TelegramNetworkError: HTTP Client says - ClientConnectorDNSError: Cannot connect to host api.telegram.org:443 ssl:default [getaddrinfo failed]
2026-03-19 09:34:45,651 [WARNING] aiogram.dispatcher: Sleep for 4.978569 seconds and try again... (tryings = 699, bot id = 8749354405)
2026-03-19 09:35:02,682 [ERROR] aiogram.dispatcher: Failed to fetch updates - TelegramNetworkError: HTTP Client says - ClientConnectorDNSError: Cannot connect to host api.telegram.org:443 ssl:default [getaddrinfo failed]
2026-03-19 09:35:02,683 [WARNING] aiogram.dispatcher: Sleep for 4.880979 seconds and try again... (tryings = 700, bot id = 8749354405)
2026-03-19 09:35:04,307 [ERROR] data.orderflow_ws: WS error: timed out during opening handshake — reconnect in 10s
2026-03-19 09:35:07,569 [ERROR] aiogram.dispatcher: Failed to fetch updates - TelegramNetworkError: HTTP Client says - ClientConnectorDNSError: Cannot connect to host api.telegram.org:443 ssl:default [getaddrinfo failed]
2026-03-19 09:35:07,570 [WARNING] aiogram.dispatcher: Sleep for 4.908042 seconds and try again... (tryings = 701, bot id = 8749354405)
2026-03-19 09:35:19,606 [ERROR] aiogram.dispatcher: Failed to fetch updates - TelegramNetworkError: HTTP Client says - ClientConnectorDNSError: Cannot connect to host api.telegram.org:443 ssl:default [getaddrinfo failed]
2026-03-19 09:35:19,607 [WARNING] aiogram.dispatcher: Sleep for 5.104285 seconds and try again... (tryings = 702, bot id = 8749354405)
2026-03-19 09:35:24,312 [ERROR] data.orderflow_ws: WS error: timed out during opening handshake — reconnect in 10s
2026-03-19 09:35:24,730 [ERROR] aiogram.dispatcher: Failed to fetch updates - TelegramNetworkError: HTTP Client says - ClientConnectorDNSError: Cannot connect to host api.telegram.org:443 ssl:default [getaddrinfo failed]
2026-03-19 09:35:24,731 [WARNING] aiogram.dispatcher: Sleep for 4.895688 seconds and try again... (tryings = 703, bot id = 8749354405)
2026-03-19 09:35:29,645 [ERROR] aiogram.dispatcher: Failed to fetch updates - TelegramNetworkError: HTTP Client says - ClientConnectorDNSError: Cannot connect to host api.telegram.org:443 ssl:default [getaddrinfo failed]
2026-03-19 09:35:29,646 [WARNING] aiogram.dispatcher: Sleep for 4.996936 seconds and try again... (tryings = 704, bot id = 8749354405)
2026-03-19 09:35:34,320 [ERROR] data.orderflow_ws: WS error: [Errno 11001] getaddrinfo failed — reconnect in 10s
2026-03-19 09:35:34,649 [ERROR] aiogram.dispatcher: Failed to fetch updates - TelegramNetworkError: HTTP Client says - ClientConnectorDNSError: Cannot connect to host api.telegram.org:443 ssl:default [getaddrinfo failed]
2026-03-19 09:35:34,650 [WARNING] aiogram.dispatcher: Sleep for 4.989015 seconds and try again... (tryings = 705, bot id = 8749354405)
2026-03-19 09:35:51,703 [ERROR] aiogram.dispatcher: Failed to fetch updates - TelegramNetworkError: HTTP Client says - ClientConnectorDNSError: Cannot connect to host api.telegram.org:443 ssl:default [getaddrinfo failed]
2026-03-19 09:35:51,704 [WARNING] aiogram.dispatcher: Sleep for 4.899614 seconds and try again... (tryings = 706, bot id = 8749354405)
2026-03-19 09:35:54,325 [ERROR] data.orderflow_ws: WS error: timed out during opening handshake — reconnect in 10s
2026-03-19 09:35:56,609 [ERROR] aiogram.dispatcher: Failed to fetch updates - TelegramNetworkError: HTTP Client says - ClientConnectorDNSError: Cannot connect to host api.telegram.org:443 ssl:default [getaddrinfo failed]
2026-03-19 09:35:56,611 [WARNING] aiogram.dispatcher: Sleep for 4.915994 seconds and try again... (tryings = 707, bot id = 8749354405)
2026-03-19 09:36:01,531 [ERROR] aiogram.dispatcher: Failed to fetch updates - TelegramNetworkError: HTTP Client says - ClientConnectorDNSError: Cannot connect to host api.telegram.org:443 ssl:default [getaddrinfo failed]
2026-03-19 09:36:01,533 [WARNING] aiogram.dispatcher: Sleep for 4.880481 seconds and try again... (tryings = 708, bot id = 8749354405)
2026-03-19 09:36:04,339 [ERROR] data.orderflow_ws: WS error: [Errno 11001] getaddrinfo failed — reconnect in 10s
2026-03-19 09:36:14,349 [ERROR] data.orderflow_ws: WS error: [Errno 11001] getaddrinfo failed — reconnect in 10s
2026-03-19 09:36:18,457 [ERROR] aiogram.dispatcher: Failed to fetch updates - TelegramNetworkError: HTTP Client says - ClientConnectorDNSError: Cannot connect to host api.telegram.org:443 ssl:default [getaddrinfo failed]
2026-03-19 09:36:18,458 [WARNING] aiogram.dispatcher: Sleep for 5.027855 seconds and try again... (tryings = 709, bot id = 8749354405)
2026-03-19 09:36:23,495 [ERROR] aiogram.dispatcher: Failed to fetch updates - TelegramNetworkError: HTTP Client says - ClientConnectorDNSError: Cannot connect to host api.telegram.org:443 ssl:default [getaddrinfo failed]
2026-03-19 09:36:23,496 [WARNING] aiogram.dispatcher: Sleep for 5.009316 seconds and try again... (tryings = 710, bot id = 8749354405)
2026-03-19 09:36:24,366 [ERROR] data.orderflow_ws: WS error: [Errno 11001] getaddrinfo failed — reconnect in 10s
2026-03-19 09:36:28,511 [ERROR] aiogram.dispatcher: Failed to fetch updates - TelegramNetworkError: HTTP Client says - ClientConnectorDNSError: Cannot connect to host api.telegram.org:443 ssl:default [getaddrinfo failed]
2026-03-19 09:36:28,512 [WARNING] aiogram.dispatcher: Sleep for 4.858312 seconds and try again... (tryings = 711, bot id = 8749354405)
2026-03-19 09:36:44,390 [ERROR] data.orderflow_ws: WS error: timed out during opening handshake — reconnect in 10s
2026-03-19 09:36:45,439 [ERROR] aiogram.dispatcher: Failed to fetch updates - TelegramNetworkError: HTTP Client says - ClientConnectorDNSError: Cannot connect to host api.telegram.org:443 ssl:default [getaddrinfo failed]
2026-03-19 09:36:45,440 [WARNING] aiogram.dispatcher: Sleep for 5.037276 seconds and try again... (tryings = 712, bot id = 8749354405)
2026-03-19 09:36:50,492 [ERROR] aiogram.dispatcher: Failed to fetch updates - TelegramNetworkError: HTTP Client says - ClientConnectorDNSError: Cannot connect to host api.telegram.org:443 ssl:default [getaddrinfo failed]
2026-03-19 09:36:50,493 [WARNING] aiogram.dispatcher: Sleep for 5.014048 seconds and try again... (tryings = 713, bot id = 8749354405)
2026-03-19 09:36:54,395 [ERROR] data.orderflow_ws: WS error: [Errno 11001] getaddrinfo failed — reconnect in 10s
2026-03-19 09:36:55,513 [ERROR] aiogram.dispatcher: Failed to fetch updates - TelegramNetworkError: HTTP Client says - ClientConnectorDNSError: Cannot connect to host api.telegram.org:443 ssl:default [getaddrinfo failed]
2026-03-19 09:36:55,514 [WARNING] aiogram.dispatcher: Sleep for 5.083359 seconds and try again... (tryings = 714, bot id = 8749354405)
2026-03-19 09:37:00,603 [ERROR] aiogram.dispatcher: Failed to fetch updates - TelegramNetworkError: HTTP Client says - ClientConnectorDNSError: Cannot connect to host api.telegram.org:443 ssl:default [getaddrinfo failed]
2026-03-19 09:37:00,604 [WARNING] aiogram.dispatcher: Sleep for 5.016413 seconds and try again... (tryings = 715, bot id = 8749354405)
2026-03-19 09:37:04,409 [ERROR] data.orderflow_ws: WS error: [Errno 11001] getaddrinfo failed — reconnect in 10s
2026-03-19 09:37:05,634 [ERROR] aiogram.dispatcher: Failed to fetch updates - TelegramNetworkError: HTTP Client says - ClientConnectorDNSError: Cannot connect to host api.telegram.org:443 ssl:default [getaddrinfo failed]
2026-03-19 09:37:05,635 [WARNING] aiogram.dispatcher: Sleep for 5.008523 seconds and try again... (tryings = 716, bot id = 8749354405)
2026-03-19 09:37:14,435 [ERROR] data.orderflow_ws: WS error: [Errno 11001] getaddrinfo failed — reconnect in 10s
2026-03-19 09:37:22,689 [ERROR] aiogram.dispatcher: Failed to fetch updates - TelegramNetworkError: HTTP Client says - ClientConnectorDNSError: Cannot connect to host api.telegram.org:443 ssl:default [getaddrinfo failed]
2026-03-19 09:37:22,690 [WARNING] aiogram.dispatcher: Sleep for 4.964468 seconds and try again... (tryings = 717, bot id = 8749354405)
2026-03-19 09:37:24,447 [ERROR] data.orderflow_ws: WS error: [Errno 11001] getaddrinfo failed — reconnect in 10s
2026-03-19 09:37:27,667 [ERROR] aiogram.dispatcher: Failed to fetch updates - TelegramNetworkError: HTTP Client says - ClientConnectorDNSError: Cannot connect to host api.telegram.org:443 ssl:default [getaddrinfo failed]
2026-03-19 09:37:27,668 [WARNING] aiogram.dispatcher: Sleep for 4.843297 seconds and try again... (tryings = 718, bot id = 8749354405)
2026-03-19 09:37:36,497 [ERROR] data.orderflow_ws: WS error: [Errno 11001] getaddrinfo failed — reconnect in 10s
2026-03-19 09:37:44,574 [ERROR] aiogram.dispatcher: Failed to fetch updates - TelegramNetworkError: HTTP Client says - ClientConnectorDNSError: Cannot connect to host api.telegram.org:443 ssl:default [getaddrinfo failed]
2026-03-19 09:37:44,575 [WARNING] aiogram.dispatcher: Sleep for 5.023978 seconds and try again... (tryings = 719, bot id = 8749354405)
2026-03-19 09:37:46,514 [ERROR] data.orderflow_ws: WS error: [Errno 11001] getaddrinfo failed — reconnect in 10s
2026-03-19 09:38:01,657 [ERROR] aiogram.dispatcher: Failed to fetch updates - TelegramNetworkError: HTTP Client says - ClientConnectorDNSError: Cannot connect to host api.telegram.org:443 ssl:default [getaddrinfo failed]
2026-03-19 09:38:01,658 [WARNING] aiogram.dispatcher: Sleep for 4.987980 seconds and try again... (tryings = 720, bot id = 8749354405)
2026-03-19 09:38:06,521 [ERROR] data.orderflow_ws: WS error: timed out during opening handshake — reconnect in 10s
2026-03-19 09:38:06,653 [ERROR] aiogram.dispatcher: Failed to fetch updates - TelegramNetworkError: HTTP Client says - ClientConnectorDNSError: Cannot connect to host api.telegram.org:443 ssl:default [getaddrinfo failed]
2026-03-19 09:38:06,654 [WARNING] aiogram.dispatcher: Sleep for 4.963692 seconds and try again... (tryings = 721, bot id = 8749354405)
2026-03-19 09:38:11,625 [ERROR] aiogram.dispatcher: Failed to fetch updates - TelegramNetworkError: HTTP Client says - ClientConnectorDNSError: Cannot connect to host api.telegram.org:443 ssl:default [getaddrinfo failed]
2026-03-19 09:38:11,626 [WARNING] aiogram.dispatcher: Sleep for 5.147082 seconds and try again... (tryings = 722, bot id = 8749354405)
2026-03-19 09:38:16,526 [ERROR] data.orderflow_ws: WS error: [Errno 11001] getaddrinfo failed — reconnect in 10s
2026-03-19 09:38:16,792 [ERROR] aiogram.dispatcher: Failed to fetch updates - TelegramNetworkError: HTTP Client says - ClientConnectorDNSError: Cannot connect to host api.telegram.org:443 ssl:default [getaddrinfo failed]
2026-03-19 09:38:16,793 [WARNING] aiogram.dispatcher: Sleep for 4.941868 seconds and try again... (tryings = 723, bot id = 8749354405)
2026-03-19 09:38:33,794 [ERROR] aiogram.dispatcher: Failed to fetch updates - TelegramNetworkError: HTTP Client says - ClientConnectorDNSError: Cannot connect to host api.telegram.org:443 ssl:default [getaddrinfo failed]
2026-03-19 09:38:33,795 [WARNING] aiogram.dispatcher: Sleep for 4.868682 seconds and try again... (tryings = 724, bot id = 8749354405)
2026-03-19 09:38:36,545 [ERROR] data.orderflow_ws: WS error: timed out during opening handshake — reconnect in 10s
2026-03-19 09:38:38,669 [ERROR] aiogram.dispatcher: Failed to fetch updates - TelegramNetworkError: HTTP Client says - ClientConnectorDNSError: Cannot connect to host api.telegram.org:443 ssl:default [getaddrinfo failed]
2026-03-19 09:38:38,670 [WARNING] aiogram.dispatcher: Sleep for 4.829186 seconds and try again... (tryings = 725, bot id = 8749354405)
2026-03-19 09:38:43,509 [ERROR] aiogram.dispatcher: Failed to fetch updates - TelegramNetworkError: HTTP Client says - ClientConnectorDNSError: Cannot connect to host api.telegram.org:443 ssl:default [getaddrinfo failed]
2026-03-19 09:38:43,510 [WARNING] aiogram.dispatcher: Sleep for 4.895993 seconds and try again... (tryings = 726, bot id = 8749354405)
2026-03-19 09:38:56,584 [ERROR] data.orderflow_ws: WS error: timed out during opening handshake — reconnect in 10s
2026-03-19 09:39:00,471 [ERROR] aiogram.dispatcher: Failed to fetch updates - TelegramNetworkError: HTTP Client says - ClientConnectorDNSError: Cannot connect to host api.telegram.org:443 ssl:default [getaddrinfo failed]
2026-03-19 09:39:00,472 [WARNING] aiogram.dispatcher: Sleep for 5.076427 seconds and try again... (tryings = 727, bot id = 8749354405)
2026-03-19 09:39:05,570 [ERROR] aiogram.dispatcher: Failed to fetch updates - TelegramNetworkError: HTTP Client says - ClientConnectorDNSError: Cannot connect to host api.telegram.org:443 ssl:default [getaddrinfo failed]
2026-03-19 09:39:05,571 [WARNING] aiogram.dispatcher: Sleep for 4.923753 seconds and try again... (tryings = 728, bot id = 8749354405)
2026-03-19 09:39:06,598 [ERROR] data.orderflow_ws: WS error: [Errno 11001] getaddrinfo failed — reconnect in 10s
2026-03-19 09:39:16,623 [ERROR] data.orderflow_ws: WS error: [Errno 11001] getaddrinfo failed — reconnect in 10s
2026-03-19 09:39:22,543 [ERROR] aiogram.dispatcher: Failed to fetch updates - TelegramNetworkError: HTTP Client says - ClientConnectorDNSError: Cannot connect to host api.telegram.org:443 ssl:default [getaddrinfo failed]
2026-03-19 09:39:22,544 [WARNING] aiogram.dispatcher: Sleep for 4.986051 seconds and try again... (tryings = 729, bot id = 8749354405)
2026-03-19 09:39:26,629 [ERROR] data.orderflow_ws: WS error: [Errno 11001] getaddrinfo failed — reconnect in 10s
2026-03-19 09:39:27,548 [ERROR] aiogram.dispatcher: Failed to fetch updates - TelegramNetworkError: HTTP Client says - ClientConnectorDNSError: Cannot connect to host api.telegram.org:443 ssl:default [getaddrinfo failed]
2026-03-19 09:39:27,549 [WARNING] aiogram.dispatcher: Sleep for 4.997426 seconds and try again... (tryings = 730, bot id = 8749354405)
2026-03-19 09:39:32,564 [ERROR] aiogram.dispatcher: Failed to fetch updates - TelegramNetworkError: HTTP Client says - ClientConnectorDNSError: Cannot connect to host api.telegram.org:443 ssl:default [getaddrinfo failed]
2026-03-19 09:39:32,565 [WARNING] aiogram.dispatcher: Sleep for 5.011602 seconds and try again... (tryings = 731, bot id = 8749354405)
2026-03-19 09:39:36,639 [ERROR] data.orderflow_ws: WS error: [Errno 11001] getaddrinfo failed — reconnect in 10s
2026-03-19 09:39:37,594 [ERROR] aiogram.dispatcher: Failed to fetch updates - TelegramNetworkError: HTTP Client says - ClientConnectorDNSError: Cannot connect to host api.telegram.org:443 ssl:default [getaddrinfo failed]
2026-03-19 09:39:37,596 [WARNING] aiogram.dispatcher: Sleep for 5.095669 seconds and try again... (tryings = 732, bot id = 8749354405)
2026-03-19 09:39:46,645 [ERROR] data.orderflow_ws: WS error: [Errno 11001] getaddrinfo failed — reconnect in 10s
2026-03-19 09:39:54,747 [ERROR] aiogram.dispatcher: Failed to fetch updates - TelegramNetworkError: HTTP Client says - ClientConnectorDNSError: Cannot connect to host api.telegram.org:443 ssl:default [getaddrinfo failed]
2026-03-19 09:39:54,749 [WARNING] aiogram.dispatcher: Sleep for 4.965368 seconds and try again... (tryings = 733, bot id = 8749354405)
2026-03-19 09:39:56,656 [ERROR] data.orderflow_ws: WS error: [Errno 11001] getaddrinfo failed — reconnect in 10s
2026-03-19 09:39:59,727 [ERROR] aiogram.dispatcher: Failed to fetch updates - TelegramNetworkError: HTTP Client says - ClientConnectorDNSError: Cannot connect to host api.telegram.org:443 ssl:default [getaddrinfo failed]
2026-03-19 09:39:59,728 [WARNING] aiogram.dispatcher: Sleep for 5.152189 seconds and try again... (tryings = 734, bot id = 8749354405)
2026-03-19 09:40:08,727 [ERROR] data.orderflow_ws: WS error: [Errno 11001] getaddrinfo failed — reconnect in 10s
2026-03-19 09:40:16,909 [ERROR] aiogram.dispatcher: Failed to fetch updates - TelegramNetworkError: HTTP Client says - ClientConnectorDNSError: Cannot connect to host api.telegram.org:443 ssl:default [getaddrinfo failed]
2026-03-19 09:40:16,910 [WARNING] aiogram.dispatcher: Sleep for 5.161350 seconds and try again... (tryings = 735, bot id = 8749354405)
2026-03-19 09:40:18,744 [ERROR] data.orderflow_ws: WS error: [Errno 11001] getaddrinfo failed — reconnect in 10s
2026-03-19 09:40:22,084 [ERROR] aiogram.dispatcher: Failed to fetch updates - TelegramNetworkError: HTTP Client says - ClientConnectorDNSError: Cannot connect to host api.telegram.org:443 ssl:default [getaddrinfo failed]
2026-03-19 09:40:22,085 [WARNING] aiogram.dispatcher: Sleep for 4.980263 seconds and try again... (tryings = 736, bot id = 8749354405)
2026-03-19 09:40:38,752 [ERROR] data.orderflow_ws: WS error: timed out during opening handshake — reconnect in 10s
2026-03-19 09:40:39,137 [ERROR] aiogram.dispatcher: Failed to fetch updates - TelegramNetworkError: HTTP Client says - ClientConnectorDNSError: Cannot connect to host api.telegram.org:443 ssl:default [getaddrinfo failed]
2026-03-19 09:40:39,138 [WARNING] aiogram.dispatcher: Sleep for 4.909380 seconds and try again... (tryings = 737, bot id = 8749354405)
2026-03-19 09:40:44,066 [ERROR] aiogram.dispatcher: Failed to fetch updates - TelegramNetworkError: HTTP Client says - ClientConnectorDNSError: Cannot connect to host api.telegram.org:443 ssl:default [getaddrinfo failed]
2026-03-19 09:40:44,067 [WARNING] aiogram.dispatcher: Sleep for 5.112834 seconds and try again... (tryings = 738, bot id = 8749354405)
2026-03-19 09:40:48,756 [ERROR] data.orderflow_ws: WS error: [Errno 11001] getaddrinfo failed — reconnect in 10s
2026-03-19 09:40:49,188 [ERROR] aiogram.dispatcher: Failed to fetch updates - TelegramNetworkError: HTTP Client says - ClientConnectorDNSError: Cannot connect to host api.telegram.org:443 ssl:default [getaddrinfo failed]
2026-03-19 09:40:49,189 [WARNING] aiogram.dispatcher: Sleep for 5.081569 seconds and try again... (tryings = 739, bot id = 8749354405)
2026-03-19 09:40:58,771 [ERROR] data.orderflow_ws: WS error: [Errno 11001] getaddrinfo failed — reconnect in 10s
2026-03-19 09:41:06,332 [ERROR] aiogram.dispatcher: Failed to fetch updates - TelegramNetworkError: HTTP Client says - ClientConnectorDNSError: Cannot connect to host api.telegram.org:443 ssl:default [getaddrinfo failed]
2026-03-19 09:41:06,333 [WARNING] aiogram.dispatcher: Sleep for 5.019108 seconds and try again... (tryings = 740, bot id = 8749354405)
2026-03-19 09:41:08,775 [ERROR] data.orderflow_ws: WS error: [Errno 11001] getaddrinfo failed — reconnect in 10s
2026-03-19 09:41:11,359 [ERROR] aiogram.dispatcher: Failed to fetch updates - TelegramNetworkError: HTTP Client says - ClientConnectorDNSError: Cannot connect to host api.telegram.org:443 ssl:default [getaddrinfo failed]
2026-03-19 09:41:11,360 [WARNING] aiogram.dispatcher: Sleep for 5.077030 seconds and try again... (tryings = 741, bot id = 8749354405)
2026-03-19 09:41:16,456 [ERROR] aiogram.dispatcher: Failed to fetch updates - TelegramNetworkError: HTTP Client says - ClientConnectorDNSError: Cannot connect to host api.telegram.org:443 ssl:default [getaddrinfo failed]
2026-03-19 09:41:16,457 [WARNING] aiogram.dispatcher: Sleep for 4.912540 seconds and try again... (tryings = 742, bot id = 8749354405)
2026-03-19 09:41:18,787 [ERROR] data.orderflow_ws: WS error: [Errno 11001] getaddrinfo failed — reconnect in 10s
2026-03-19 09:41:23,410 [ERROR] aiogram.dispatcher: Failed to fetch updates - TelegramNetworkError: HTTP Client says - ClientConnectorDNSError: Cannot connect to host api.telegram.org:443 ssl:default [getaddrinfo failed]
2026-03-19 09:41:23,411 [WARNING] aiogram.dispatcher: Sleep for 5.282964 seconds and try again... (tryings = 743, bot id = 8749354405)
2026-03-19 09:41:38,810 [ERROR] data.orderflow_ws: WS error: timed out during opening handshake — reconnect in 10s
2026-03-19 09:41:40,771 [ERROR] aiogram.dispatcher: Failed to fetch updates - TelegramNetworkError: HTTP Client says - ClientConnectorDNSError: Cannot connect to host api.telegram.org:443 ssl:default [getaddrinfo failed]
2026-03-19 09:41:40,772 [WARNING] aiogram.dispatcher: Sleep for 5.066412 seconds and try again... (tryings = 744, bot id = 8749354405)
2026-03-19 09:41:48,829 [ERROR] data.orderflow_ws: WS error: [Errno 11001] getaddrinfo failed — reconnect in 10s
2026-03-19 09:41:57,896 [ERROR] aiogram.dispatcher: Failed to fetch updates - TelegramNetworkError: HTTP Client says - ClientConnectorDNSError: Cannot connect to host api.telegram.org:443 ssl:default [getaddrinfo failed]
2026-03-19 09:41:57,897 [WARNING] aiogram.dispatcher: Sleep for 4.788509 seconds and try again... (tryings = 745, bot id = 8749354405)
2026-03-19 09:41:58,845 [ERROR] data.orderflow_ws: WS error: [Errno 11001] getaddrinfo failed — reconnect in 10s
2026-03-19 09:42:02,696 [ERROR] aiogram.dispatcher: Failed to fetch updates - TelegramNetworkError: HTTP Client says - ClientConnectorDNSError: Cannot connect to host api.telegram.org:443 ssl:default [getaddrinfo failed]
2026-03-19 09:42:02,697 [WARNING] aiogram.dispatcher: Sleep for 4.942493 seconds and try again... (tryings = 746, bot id = 8749354405)
2026-03-19 09:42:18,866 [ERROR] data.orderflow_ws: WS error: timed out during opening handshake — reconnect in 10s
2026-03-19 09:42:19,688 [ERROR] aiogram.dispatcher: Failed to fetch updates - TelegramNetworkError: HTTP Client says - ClientConnectorDNSError: Cannot connect to host api.telegram.org:443 ssl:default [getaddrinfo failed]
2026-03-19 09:42:19,689 [WARNING] aiogram.dispatcher: Sleep for 5.090863 seconds and try again... (tryings = 747, bot id = 8749354405)
2026-03-19 09:42:24,808 [ERROR] aiogram.dispatcher: Failed to fetch updates - TelegramNetworkError: HTTP Client says - ClientConnectorDNSError: Cannot connect to host api.telegram.org:443 ssl:default [getaddrinfo failed]
2026-03-19 09:42:24,809 [WARNING] aiogram.dispatcher: Sleep for 4.989170 seconds and try again... (tryings = 748, bot id = 8749354405)
2026-03-19 09:42:28,886 [ERROR] data.orderflow_ws: WS error: [Errno 11001] getaddrinfo failed — reconnect in 10s
2026-03-19 09:42:29,824 [ERROR] aiogram.dispatcher: Failed to fetch updates - TelegramNetworkError: HTTP Client says - ClientConnectorDNSError: Cannot connect to host api.telegram.org:443 ssl:default [getaddrinfo failed]
2026-03-19 09:42:29,825 [WARNING] aiogram.dispatcher: Sleep for 4.986797 seconds and try again... (tryings = 749, bot id = 8749354405)
2026-03-19 09:42:36,849 [ERROR] aiogram.dispatcher: Failed to fetch updates - TelegramNetworkError: HTTP Client says - ClientConnectorDNSError: Cannot connect to host api.telegram.org:443 ssl:default [getaddrinfo failed]
2026-03-19 09:42:36,850 [WARNING] aiogram.dispatcher: Sleep for 5.086587 seconds and try again... (tryings = 750, bot id = 8749354405)
2026-03-19 09:42:38,891 [ERROR] data.orderflow_ws: WS error: [Errno 11001] getaddrinfo failed — reconnect in 10s
2026-03-19 09:42:48,898 [ERROR] data.orderflow_ws: WS error: [Errno 11001] getaddrinfo failed — reconnect in 10s
2026-03-19 09:42:53,993 [ERROR] aiogram.dispatcher: Failed to fetch updates - TelegramNetworkError: HTTP Client says - ClientConnectorDNSError: Cannot connect to host api.telegram.org:443 ssl:default [getaddrinfo failed]
2026-03-19 09:42:53,994 [WARNING] aiogram.dispatcher: Sleep for 4.879910 seconds and try again... (tryings = 751, bot id = 8749354405)
2026-03-19 09:42:58,881 [ERROR] aiogram.dispatcher: Failed to fetch updates - TelegramNetworkError: HTTP Client says - ClientConnectorDNSError: Cannot connect to host api.telegram.org:443 ssl:default [getaddrinfo failed]
2026-03-19 09:42:58,882 [WARNING] aiogram.dispatcher: Sleep for 4.991429 seconds and try again... (tryings = 752, bot id = 8749354405)
2026-03-19 09:42:58,906 [ERROR] data.orderflow_ws: WS error: [Errno 11001] getaddrinfo failed — reconnect in 10s
2026-03-19 09:43:03,881 [ERROR] aiogram.dispatcher: Failed to fetch updates - TelegramNetworkError: HTTP Client says - ClientConnectorDNSError: Cannot connect to host api.telegram.org:443 ssl:default [getaddrinfo failed]
2026-03-19 09:43:03,882 [WARNING] aiogram.dispatcher: Sleep for 4.936767 seconds and try again... (tryings = 753, bot id = 8749354405)
2026-03-19 09:43:18,925 [ERROR] data.orderflow_ws: WS error: timed out during opening handshake — reconnect in 10s
2026-03-19 09:43:20,890 [ERROR] aiogram.dispatcher: Failed to fetch updates - TelegramNetworkError: HTTP Client says - ClientConnectorDNSError: Cannot connect to host api.telegram.org:443 ssl:default [getaddrinfo failed]
2026-03-19 09:43:20,891 [WARNING] aiogram.dispatcher: Sleep for 5.021193 seconds and try again... (tryings = 754, bot id = 8749354405)
2026-03-19 09:43:25,932 [ERROR] aiogram.dispatcher: Failed to fetch updates - TelegramNetworkError: HTTP Client says - ClientConnectorDNSError: Cannot connect to host api.telegram.org:443 ssl:default [getaddrinfo failed]
2026-03-19 09:43:25,933 [WARNING] aiogram.dispatcher: Sleep for 5.115690 seconds and try again... (tryings = 755, bot id = 8749354405)
2026-03-19 09:43:28,937 [ERROR] data.orderflow_ws: WS error: [Errno 11001] getaddrinfo failed — reconnect in 10s
2026-03-19 09:43:31,065 [ERROR] aiogram.dispatcher: Failed to fetch updates - TelegramNetworkError: HTTP Client says - ClientConnectorDNSError: Cannot connect to host api.telegram.org:443 ssl:default [getaddrinfo failed]
2026-03-19 09:43:31,067 [WARNING] aiogram.dispatcher: Sleep for 4.862938 seconds and try again... (tryings = 756, bot id = 8749354405)
2026-03-19 09:43:38,942 [ERROR] data.orderflow_ws: WS error: [Errno 11001] getaddrinfo failed — reconnect in 10s
2026-03-19 09:43:47,979 [ERROR] aiogram.dispatcher: Failed to fetch updates - TelegramNetworkError: HTTP Client says - ClientConnectorDNSError: Cannot connect to host api.telegram.org:443 ssl:default [getaddrinfo failed]
2026-03-19 09:43:47,980 [WARNING] aiogram.dispatcher: Sleep for 5.040397 seconds and try again... (tryings = 757, bot id = 8749354405)
2026-03-19 09:43:48,952 [ERROR] data.orderflow_ws: WS error: [Errno 11001] getaddrinfo failed — reconnect in 10s
2026-03-19 09:43:53,035 [ERROR] aiogram.dispatcher: Failed to fetch updates - TelegramNetworkError: HTTP Client says - ClientConnectorDNSError: Cannot connect to host api.telegram.org:443 ssl:default [getaddrinfo failed]
2026-03-19 09:43:53,036 [WARNING] aiogram.dispatcher: Sleep for 5.097474 seconds and try again... (tryings = 758, bot id = 8749354405)
2026-03-19 09:43:58,149 [ERROR] aiogram.dispatcher: Failed to fetch updates - TelegramNetworkError: HTTP Client says - ClientConnectorDNSError: Cannot connect to host api.telegram.org:443 ssl:default [getaddrinfo failed]
2026-03-19 09:43:58,150 [WARNING] aiogram.dispatcher: Sleep for 5.130372 seconds and try again... (tryings = 759, bot id = 8749354405)
2026-03-19 09:43:58,965 [ERROR] data.orderflow_ws: WS error: [Errno 11001] getaddrinfo failed — reconnect in 10s
2026-03-19 09:44:08,978 [ERROR] data.orderflow_ws: WS error: [Errno 11001] getaddrinfo failed — reconnect in 10s
2026-03-19 09:44:15,356 [ERROR] aiogram.dispatcher: Failed to fetch updates - TelegramNetworkError: HTTP Client says - ClientConnectorDNSError: Cannot connect to host api.telegram.org:443 ssl:default [getaddrinfo failed]
2026-03-19 09:44:15,358 [WARNING] aiogram.dispatcher: Sleep for 5.195929 seconds and try again... (tryings = 760, bot id = 8749354405)
2026-03-19 09:44:18,986 [ERROR] data.orderflow_ws: WS error: [Errno 11001] getaddrinfo failed — reconnect in 10s
2026-03-19 09:44:20,564 [ERROR] aiogram.dispatcher: Failed to fetch updates - TelegramNetworkError: HTTP Client says - ClientConnectorDNSError: Cannot connect to host api.telegram.org:443 ssl:default [getaddrinfo failed]
2026-03-19 09:44:20,565 [WARNING] aiogram.dispatcher: Sleep for 4.929918 seconds and try again... (tryings = 761, bot id = 8749354405)
2026-03-19 09:44:28,991 [ERROR] data.orderflow_ws: WS error: [Errno 11001] getaddrinfo failed — reconnect in 10s
2026-03-19 09:44:37,553 [ERROR] aiogram.dispatcher: Failed to fetch updates - TelegramNetworkError: HTTP Client says - ClientConnectorDNSError: Cannot connect to host api.telegram.org:443 ssl:default [getaddrinfo failed]
2026-03-19 09:44:37,554 [WARNING] aiogram.dispatcher: Sleep for 5.069312 seconds and try again... (tryings = 762, bot id = 8749354405)
2026-03-19 09:44:38,997 [ERROR] data.orderflow_ws: WS error: [Errno 11001] getaddrinfo failed — reconnect in 10s
2026-03-19 09:44:42,643 [ERROR] aiogram.dispatcher: Failed to fetch updates - TelegramNetworkError: HTTP Client says - ClientConnectorDNSError: Cannot connect to host api.telegram.org:443 ssl:default [getaddrinfo failed]
2026-03-19 09:44:42,644 [WARNING] aiogram.dispatcher: Sleep for 5.242621 seconds and try again... (tryings = 763, bot id = 8749354405)
2026-03-19 09:44:59,016 [ERROR] data.orderflow_ws: WS error: timed out during opening handshake — reconnect in 10s
2026-03-19 09:44:59,935 [ERROR] aiogram.dispatcher: Failed to fetch updates - TelegramNetworkError: HTTP Client says - ClientConnectorDNSError: Cannot connect to host api.telegram.org:443 ssl:default [getaddrinfo failed]
2026-03-19 09:44:59,936 [WARNING] aiogram.dispatcher: Sleep for 4.868848 seconds and try again... (tryings = 764, bot id = 8749354405)
2026-03-19 09:45:03,009 [INFO] apscheduler.executors.default: Running job "analysis_cycle (trigger: cron[minute='*/15', second='3'], next run at: 2026-03-19 10:00:03 MSK)" (scheduled at 2026-03-19 09:45:03+03:00)
2026-03-19 09:45:03,010 [INFO] __main__: ── Analysis cycle start ──────────────────
2026-03-19 09:45:04,809 [ERROR] aiogram.dispatcher: Failed to fetch updates - TelegramNetworkError: HTTP Client says - ClientConnectorDNSError: Cannot connect to host api.telegram.org:443 ssl:default [getaddrinfo failed]
2026-03-19 09:45:04,810 [WARNING] aiogram.dispatcher: Sleep for 4.916832 seconds and try again... (tryings = 765, bot id = 8749354405)
2026-03-19 09:45:15,051 [ERROR] engine.pipeline: Candle load failed: Binance request failed: Cannot connect to host testnet.binancefuture.com:443 ssl:default [getaddrinfo failed]
2026-03-19 09:45:15,052 [INFO] apscheduler.executors.default: Job "analysis_cycle (trigger: cron[minute='*/15', second='3'], next run at: 2026-03-19 10:00:03 MSK)" executed successfully
2026-03-19 09:45:19,032 [ERROR] data.orderflow_ws: WS error: timed out during opening handshake — reconnect in 10s
2026-03-19 09:45:21,786 [ERROR] aiogram.dispatcher: Failed to fetch updates - TelegramNetworkError: HTTP Client says - ClientConnectorDNSError: Cannot connect to host api.telegram.org:443 ssl:default [getaddrinfo failed]
2026-03-19 09:45:21,787 [WARNING] aiogram.dispatcher: Sleep for 4.886964 seconds and try again... (tryings = 766, bot id = 8749354405)
2026-03-19 09:45:26,689 [ERROR] aiogram.dispatcher: Failed to fetch updates - TelegramNetworkError: HTTP Client says - ClientConnectorDNSError: Cannot connect to host api.telegram.org:443 ssl:default [getaddrinfo failed]
2026-03-19 09:45:26,691 [WARNING] aiogram.dispatcher: Sleep for 5.136136 seconds and try again... (tryings = 767, bot id = 8749354405)
2026-03-19 09:45:29,048 [ERROR] data.orderflow_ws: WS error: [Errno 11001] getaddrinfo failed — reconnect in 10s
2026-03-19 09:45:31,840 [ERROR] aiogram.dispatcher: Failed to fetch updates - TelegramNetworkError: HTTP Client says - ClientConnectorDNSError: Cannot connect to host api.telegram.org:443 ssl:default [getaddrinfo failed]
2026-03-19 09:45:31,841 [WARNING] aiogram.dispatcher: Sleep for 4.977009 seconds and try again... (tryings = 768, bot id = 8749354405)
2026-03-19 09:45:48,853 [ERROR] aiogram.dispatcher: Failed to fetch updates - TelegramNetworkError: HTTP Client says - ClientConnectorDNSError: Cannot connect to host api.telegram.org:443 ssl:default [getaddrinfo failed]
2026-03-19 09:45:48,854 [WARNING] aiogram.dispatcher: Sleep for 4.928760 seconds and try again... (tryings = 769, bot id = 8749354405)
2026-03-19 09:45:49,067 [ERROR] data.orderflow_ws: WS error: timed out during opening handshake — reconnect in 10s
2026-03-19 09:45:53,787 [ERROR] aiogram.dispatcher: Failed to fetch updates - TelegramNetworkError: HTTP Client says - ClientConnectorDNSError: Cannot connect to host api.telegram.org:443 ssl:default [getaddrinfo failed]
2026-03-19 09:45:53,788 [WARNING] aiogram.dispatcher: Sleep for 5.055895 seconds and try again... (tryings = 770, bot id = 8749354405)
2026-03-19 09:46:09,092 [ERROR] data.orderflow_ws: WS error: timed out during opening handshake — reconnect in 10s
2026-03-19 09:46:10,890 [ERROR] aiogram.dispatcher: Failed to fetch updates - TelegramNetworkError: HTTP Client says - ClientConnectorDNSError: Cannot connect to host api.telegram.org:443 ssl:default [getaddrinfo failed]
2026-03-19 09:46:10,891 [WARNING] aiogram.dispatcher: Sleep for 4.985088 seconds and try again... (tryings = 771, bot id = 8749354405)
2026-03-19 09:46:15,891 [ERROR] aiogram.dispatcher: Failed to fetch updates - TelegramNetworkError: HTTP Client says - ClientConnectorDNSError: Cannot connect to host api.telegram.org:443 ssl:default [getaddrinfo failed]
2026-03-19 09:46:15,892 [WARNING] aiogram.dispatcher: Sleep for 4.906950 seconds and try again... (tryings = 772, bot id = 8749354405)
2026-03-19 09:46:19,104 [ERROR] data.orderflow_ws: WS error: [Errno 11001] getaddrinfo failed — reconnect in 10s
2026-03-19 09:46:20,819 [ERROR] aiogram.dispatcher: Failed to fetch updates - TelegramNetworkError: HTTP Client says - ClientConnectorDNSError: Cannot connect to host api.telegram.org:443 ssl:default [getaddrinfo failed]
2026-03-19 09:46:20,820 [WARNING] aiogram.dispatcher: Sleep for 5.062188 seconds and try again... (tryings = 773, bot id = 8749354405)
2026-03-19 09:46:37,929 [ERROR] aiogram.dispatcher: Failed to fetch updates - TelegramNetworkError: HTTP Client says - ClientConnectorDNSError: Cannot connect to host api.telegram.org:443 ssl:default [getaddrinfo failed]
2026-03-19 09:46:37,930 [WARNING] aiogram.dispatcher: Sleep for 5.006415 seconds and try again... (tryings = 774, bot id = 8749354405)
2026-03-19 09:46:39,119 [ERROR] data.orderflow_ws: WS error: timed out during opening handshake — reconnect in 10s
2026-03-19 09:46:42,948 [ERROR] aiogram.dispatcher: Failed to fetch updates - TelegramNetworkError: HTTP Client says - ClientConnectorDNSError: Cannot connect to host api.telegram.org:443 ssl:default [getaddrinfo failed]
2026-03-19 09:46:42,949 [WARNING] aiogram.dispatcher: Sleep for 4.917394 seconds and try again... (tryings = 775, bot id = 8749354405)
2026-03-19 09:46:47,881 [ERROR] aiogram.dispatcher: Failed to fetch updates - TelegramNetworkError: HTTP Client says - ClientConnectorDNSError: Cannot connect to host api.telegram.org:443 ssl:default [getaddrinfo failed]
2026-03-19 09:46:47,882 [WARNING] aiogram.dispatcher: Sleep for 4.904026 seconds and try again... (tryings = 776, bot id = 8749354405)
2026-03-19 09:46:49,133 [ERROR] data.orderflow_ws: WS error: [Errno 11001] getaddrinfo failed — reconnect in 10s
2026-03-19 09:47:04,842 [ERROR] aiogram.dispatcher: Failed to fetch updates - TelegramNetworkError: HTTP Client says - ClientConnectorDNSError: Cannot connect to host api.telegram.org:443 ssl:default [getaddrinfo failed]
2026-03-19 09:47:04,843 [WARNING] aiogram.dispatcher: Sleep for 5.049092 seconds and try again... (tryings = 777, bot id = 8749354405)
2026-03-19 09:47:09,162 [ERROR] data.orderflow_ws: WS error: timed out during opening handshake — reconnect in 10s
2026-03-19 09:47:09,912 [ERROR] aiogram.dispatcher: Failed to fetch updates - TelegramNetworkError: HTTP Client says - ClientConnectorDNSError: Cannot connect to host api.telegram.org:443 ssl:default [getaddrinfo failed]
2026-03-19 09:47:09,913 [WARNING] aiogram.dispatcher: Sleep for 4.830448 seconds and try again... (tryings = 778, bot id = 8749354405)
2026-03-19 09:47:14,758 [ERROR] aiogram.dispatcher: Failed to fetch updates - TelegramNetworkError: HTTP Client says - ClientConnectorDNSError: Cannot connect to host api.telegram.org:443 ssl:default [getaddrinfo failed]
2026-03-19 09:47:14,759 [WARNING] aiogram.dispatcher: Sleep for 4.976750 seconds and try again... (tryings = 779, bot id = 8749354405)
2026-03-19 09:47:19,177 [ERROR] data.orderflow_ws: WS error: [Errno 11001] getaddrinfo failed — reconnect in 10s
2026-03-19 09:47:19,770 [ERROR] aiogram.dispatcher: Failed to fetch updates - TelegramNetworkError: HTTP Client says - ClientConnectorDNSError: Cannot connect to host api.telegram.org:443 ssl:default [getaddrinfo failed]
2026-03-19 09:47:19,771 [WARNING] aiogram.dispatcher: Sleep for 5.057347 seconds and try again... (tryings = 780, bot id = 8749354405)
2026-03-19 09:47:31,209 [ERROR] data.orderflow_ws: WS error: [Errno 11001] getaddrinfo failed — reconnect in 10s
2026-03-19 09:47:36,899 [ERROR] aiogram.dispatcher: Failed to fetch updates - TelegramNetworkError: HTTP Client says - ClientConnectorDNSError: Cannot connect to host api.telegram.org:443 ssl:default [getaddrinfo failed]
2026-03-19 09:47:36,900 [WARNING] aiogram.dispatcher: Sleep for 5.086099 seconds and try again... (tryings = 781, bot id = 8749354405)
2026-03-19 09:47:41,222 [ERROR] data.orderflow_ws: WS error: [Errno 11001] getaddrinfo failed — reconnect in 10s
2026-03-19 09:47:54,022 [ERROR] aiogram.dispatcher: Failed to fetch updates - TelegramNetworkError: HTTP Client says - ClientConnectorDNSError: Cannot connect to host api.telegram.org:443 ssl:default [getaddrinfo failed]
2026-03-19 09:47:54,023 [WARNING] aiogram.dispatcher: Sleep for 4.904850 seconds and try again... (tryings = 782, bot id = 8749354405)
2026-03-19 09:47:58,932 [ERROR] aiogram.dispatcher: Failed to fetch updates - TelegramNetworkError: HTTP Client says - ClientConnectorDNSError: Cannot connect to host api.telegram.org:443 ssl:default [getaddrinfo failed]
2026-03-19 09:47:58,934 [WARNING] aiogram.dispatcher: Sleep for 4.975920 seconds and try again... (tryings = 783, bot id = 8749354405)
2026-03-19 09:48:01,231 [ERROR] data.orderflow_ws: WS error: timed out during opening handshake — reconnect in 10s
2026-03-19 09:48:03,921 [ERROR] aiogram.dispatcher: Failed to fetch updates - TelegramNetworkError: HTTP Client says - ClientConnectorDNSError: Cannot connect to host api.telegram.org:443 ssl:default [getaddrinfo failed]
2026-03-19 09:48:03,922 [WARNING] aiogram.dispatcher: Sleep for 5.064109 seconds and try again... (tryings = 784, bot id = 8749354405)
2026-03-19 09:48:09,001 [ERROR] aiogram.dispatcher: Failed to fetch updates - TelegramNetworkError: HTTP Client says - ClientConnectorDNSError: Cannot connect to host api.telegram.org:443 ssl:default [getaddrinfo failed]
2026-03-19 09:48:09,002 [WARNING] aiogram.dispatcher: Sleep for 5.004286 seconds and try again... (tryings = 785, bot id = 8749354405)
2026-03-19 09:48:11,246 [ERROR] data.orderflow_ws: WS error: [Errno 11001] getaddrinfo failed — reconnect in 10s
2026-03-19 09:48:21,265 [ERROR] data.orderflow_ws: WS error: [Errno 11001] getaddrinfo failed — reconnect in 10s
2026-03-19 09:48:26,063 [ERROR] aiogram.dispatcher: Failed to fetch updates - TelegramNetworkError: HTTP Client says - ClientConnectorDNSError: Cannot connect to host api.telegram.org:443 ssl:default [getaddrinfo failed]
2026-03-19 09:48:26,064 [WARNING] aiogram.dispatcher: Sleep for 5.098662 seconds and try again... (tryings = 786, bot id = 8749354405)
2026-03-19 09:48:31,170 [ERROR] aiogram.dispatcher: Failed to fetch updates - TelegramNetworkError: HTTP Client says - ClientConnectorDNSError: Cannot connect to host api.telegram.org:443 ssl:default [getaddrinfo failed]
2026-03-19 09:48:31,171 [WARNING] aiogram.dispatcher: Sleep for 4.983082 seconds and try again... (tryings = 787, bot id = 8749354405)
2026-03-19 09:48:31,281 [ERROR] data.orderflow_ws: WS error: [Errno 11001] getaddrinfo failed — reconnect in 10s
2026-03-19 09:48:36,169 [ERROR] aiogram.dispatcher: Failed to fetch updates - TelegramNetworkError: HTTP Client says - ClientConnectorDNSError: Cannot connect to host api.telegram.org:443 ssl:default [getaddrinfo failed]
2026-03-19 09:48:36,170 [WARNING] aiogram.dispatcher: Sleep for 5.088012 seconds and try again... (tryings = 788, bot id = 8749354405)
2026-03-19 09:48:51,302 [ERROR] data.orderflow_ws: WS error: timed out during opening handshake — reconnect in 10s
2026-03-19 09:48:53,307 [ERROR] aiogram.dispatcher: Failed to fetch updates - TelegramNetworkError: HTTP Client says - ClientConnectorDNSError: Cannot connect to host api.telegram.org:443 ssl:default [getaddrinfo failed]
2026-03-19 09:48:53,308 [WARNING] aiogram.dispatcher: Sleep for 5.049443 seconds and try again... (tryings = 789, bot id = 8749354405)
2026-03-19 09:48:58,366 [ERROR] aiogram.dispatcher: Failed to fetch updates - TelegramNetworkError: HTTP Client says - ClientConnectorDNSError: Cannot connect to host api.telegram.org:443 ssl:default [getaddrinfo failed]
2026-03-19 09:48:58,367 [WARNING] aiogram.dispatcher: Sleep for 5.218014 seconds and try again... (tryings = 790, bot id = 8749354405)
2026-03-19 09:49:01,313 [ERROR] data.orderflow_ws: WS error: [Errno 11001] getaddrinfo failed — reconnect in 10s
2026-03-19 09:49:10,390 [ERROR] aiogram.dispatcher: Failed to fetch updates - TelegramNetworkError: HTTP Client says - ClientConnectorDNSError: Cannot connect to host api.telegram.org:443 ssl:default [getaddrinfo failed]
2026-03-19 09:49:10,391 [WARNING] aiogram.dispatcher: Sleep for 4.896141 seconds and try again... (tryings = 791, bot id = 8749354405)
2026-03-19 09:49:11,322 [ERROR] data.orderflow_ws: WS error: [Errno 11001] getaddrinfo failed — reconnect in 10s
2026-03-19 09:49:15,307 [ERROR] aiogram.dispatcher: Failed to fetch updates - TelegramNetworkError: HTTP Client says - ClientConnectorDNSError: Cannot connect to host api.telegram.org:443 ssl:default [getaddrinfo failed]
2026-03-19 09:49:15,308 [WARNING] aiogram.dispatcher: Sleep for 4.958325 seconds and try again... (tryings = 792, bot id = 8749354405)
2026-03-19 09:49:20,277 [ERROR] aiogram.dispatcher: Failed to fetch updates - TelegramNetworkError: HTTP Client says - ClientConnectorDNSError: Cannot connect to host api.telegram.org:443 ssl:default [getaddrinfo failed]
2026-03-19 09:49:20,278 [WARNING] aiogram.dispatcher: Sleep for 4.954764 seconds and try again... (tryings = 793, bot id = 8749354405)
2026-03-19 09:49:21,333 [ERROR] data.orderflow_ws: WS error: [Errno 11001] getaddrinfo failed — reconnect in 10s
2026-03-19 09:49:25,246 [ERROR] aiogram.dispatcher: Failed to fetch updates - TelegramNetworkError: HTTP Client says - ClientConnectorDNSError: Cannot connect to host api.telegram.org:443 ssl:default [getaddrinfo failed]
2026-03-19 09:49:25,248 [WARNING] aiogram.dispatcher: Sleep for 5.053781 seconds and try again... (tryings = 794, bot id = 8749354405)
2026-03-19 09:49:37,303 [ERROR] aiogram.dispatcher: Failed to fetch updates - TelegramNetworkError: HTTP Client says - ClientConnectorDNSError: Cannot connect to host api.telegram.org:443 ssl:default [getaddrinfo failed]
2026-03-19 09:49:37,304 [WARNING] aiogram.dispatcher: Sleep for 5.109794 seconds and try again... (tryings = 795, bot id = 8749354405)
2026-03-19 09:49:41,358 [ERROR] data.orderflow_ws: WS error: timed out during opening handshake — reconnect in 10s
2026-03-19 09:49:42,426 [ERROR] aiogram.dispatcher: Failed to fetch updates - TelegramNetworkError: HTTP Client says - ClientConnectorDNSError: Cannot connect to host api.telegram.org:443 ssl:default [getaddrinfo failed]
2026-03-19 09:49:42,427 [WARNING] aiogram.dispatcher: Sleep for 4.897710 seconds and try again... (tryings = 796, bot id = 8749354405)
2026-03-19 09:49:47,357 [ERROR] aiogram.dispatcher: Failed to fetch updates - TelegramNetworkError: HTTP Client says - ClientConnectorDNSError: Cannot connect to host api.telegram.org:443 ssl:default [getaddrinfo failed]
2026-03-19 09:49:47,358 [WARNING] aiogram.dispatcher: Sleep for 5.104940 seconds and try again... (tryings = 797, bot id = 8749354405)
2026-03-19 09:49:51,367 [ERROR] data.orderflow_ws: WS error: [Errno 11001] getaddrinfo failed — reconnect in 10s
2026-03-19 09:49:52,474 [ERROR] aiogram.dispatcher: Failed to fetch updates - TelegramNetworkError: HTTP Client says - ClientConnectorDNSError: Cannot connect to host api.telegram.org:443 ssl:default [getaddrinfo failed]
2026-03-19 09:49:52,476 [WARNING] aiogram.dispatcher: Sleep for 5.061234 seconds and try again... (tryings = 798, bot id = 8749354405)
2026-03-19 09:49:57,540 [ERROR] aiogram.dispatcher: Failed to fetch updates - TelegramNetworkError: HTTP Client says - ClientConnectorDNSError: Cannot connect to host api.telegram.org:443 ssl:default [getaddrinfo failed]
2026-03-19 09:49:57,541 [WARNING] aiogram.dispatcher: Sleep for 5.118455 seconds and try again... (tryings = 799, bot id = 8749354405)
2026-03-19 09:50:11,396 [ERROR] data.orderflow_ws: WS error: timed out during opening handshake — reconnect in 10s
2026-03-19 09:50:14,716 [ERROR] aiogram.dispatcher: Failed to fetch updates - TelegramNetworkError: HTTP Client says - ClientConnectorDNSError: Cannot connect to host api.telegram.org:443 ssl:default [getaddrinfo failed]
2026-03-19 09:50:14,717 [WARNING] aiogram.dispatcher: Sleep for 5.064567 seconds and try again... (tryings = 800, bot id = 8749354405)
2026-03-19 09:50:19,800 [ERROR] aiogram.dispatcher: Failed to fetch updates - TelegramNetworkError: HTTP Client says - ClientConnectorDNSError: Cannot connect to host api.telegram.org:443 ssl:default [getaddrinfo failed]
2026-03-19 09:50:19,801 [WARNING] aiogram.dispatcher: Sleep for 4.975534 seconds and try again... (tryings = 801, bot id = 8749354405)
2026-03-19 09:50:21,406 [ERROR] data.orderflow_ws: WS error: [Errno 11001] getaddrinfo failed — reconnect in 10s
2026-03-19 09:50:24,790 [ERROR] aiogram.dispatcher: Failed to fetch updates - TelegramNetworkError: HTTP Client says - ClientConnectorDNSError: Cannot connect to host api.telegram.org:443 ssl:default [getaddrinfo failed]
2026-03-19 09:50:24,791 [WARNING] aiogram.dispatcher: Sleep for 4.976156 seconds and try again... (tryings = 802, bot id = 8749354405)
2026-03-19 09:50:29,781 [ERROR] aiogram.dispatcher: Failed to fetch updates - TelegramNetworkError: HTTP Client says - ClientConnectorDNSError: Cannot connect to host api.telegram.org:443 ssl:default [getaddrinfo failed]
2026-03-19 09:50:29,782 [WARNING] aiogram.dispatcher: Sleep for 5.104655 seconds and try again... (tryings = 803, bot id = 8749354405)
2026-03-19 09:50:31,419 [ERROR] data.orderflow_ws: WS error: [Errno 11001] getaddrinfo failed — reconnect in 10s
2026-03-19 09:50:34,903 [ERROR] aiogram.dispatcher: Failed to fetch updates - TelegramNetworkError: HTTP Client says - ClientConnectorDNSError: Cannot connect to host api.telegram.org:443 ssl:default [getaddrinfo failed]
2026-03-19 09:50:34,904 [WARNING] aiogram.dispatcher: Sleep for 5.057966 seconds and try again... (tryings = 804, bot id = 8749354405)
2026-03-19 09:50:51,449 [ERROR] data.orderflow_ws: WS error: timed out during opening handshake — reconnect in 10s
2026-03-19 09:50:52,016 [ERROR] aiogram.dispatcher: Failed to fetch updates - TelegramNetworkError: HTTP Client says - ClientConnectorDNSError: Cannot connect to host api.telegram.org:443 ssl:default [getaddrinfo failed]
2026-03-19 09:50:52,017 [WARNING] aiogram.dispatcher: Sleep for 5.039471 seconds and try again... (tryings = 805, bot id = 8749354405)
2026-03-19 09:50:57,068 [ERROR] aiogram.dispatcher: Failed to fetch updates - TelegramNetworkError: HTTP Client says - ClientConnectorDNSError: Cannot connect to host api.telegram.org:443 ssl:default [getaddrinfo failed]
2026-03-19 09:50:57,069 [WARNING] aiogram.dispatcher: Sleep for 5.062906 seconds and try again... (tryings = 806, bot id = 8749354405)
2026-03-19 09:51:02,149 [ERROR] aiogram.dispatcher: Failed to fetch updates - TelegramNetworkError: HTTP Client says - ClientConnectorDNSError: Cannot connect to host api.telegram.org:443 ssl:default [getaddrinfo failed]
2026-03-19 09:51:02,150 [WARNING] aiogram.dispatcher: Sleep for 5.079926 seconds and try again... (tryings = 807, bot id = 8749354405)
2026-03-19 09:51:11,456 [ERROR] data.orderflow_ws: WS error: timed out during opening handshake — reconnect in 10s
2026-03-19 09:51:19,263 [ERROR] aiogram.dispatcher: Failed to fetch updates - TelegramNetworkError: HTTP Client says - ClientConnectorDNSError: Cannot connect to host api.telegram.org:443 ssl:default [getaddrinfo failed]
2026-03-19 09:51:19,264 [WARNING] aiogram.dispatcher: Sleep for 4.941619 seconds and try again... (tryings = 808, bot id = 8749354405)
2026-03-19 09:51:21,469 [ERROR] data.orderflow_ws: WS error: [Errno 11001] getaddrinfo failed — reconnect in 10s
2026-03-19 09:51:24,214 [ERROR] aiogram.dispatcher: Failed to fetch updates - TelegramNetworkError: HTTP Client says - ClientConnectorDNSError: Cannot connect to host api.telegram.org:443 ssl:default [getaddrinfo failed]
2026-03-19 09:51:24,216 [WARNING] aiogram.dispatcher: Sleep for 5.046132 seconds and try again... (tryings = 809, bot id = 8749354405)
2026-03-19 09:51:29,267 [ERROR] aiogram.dispatcher: Failed to fetch updates - TelegramNetworkError: HTTP Client says - ClientConnectorDNSError: Cannot connect to host api.telegram.org:443 ssl:default [getaddrinfo failed]
2026-03-19 09:51:29,268 [WARNING] aiogram.dispatcher: Sleep for 5.127674 seconds and try again... (tryings = 810, bot id = 8749354405)
2026-03-19 09:51:41,482 [ERROR] data.orderflow_ws: WS error: timed out during opening handshake — reconnect in 10s
2026-03-19 09:51:46,466 [ERROR] aiogram.dispatcher: Failed to fetch updates - TelegramNetworkError: HTTP Client says - ClientConnectorDNSError: Cannot connect to host api.telegram.org:443 ssl:default [getaddrinfo failed]
2026-03-19 09:51:46,467 [WARNING] aiogram.dispatcher: Sleep for 4.983222 seconds and try again... (tryings = 811, bot id = 8749354405)
2026-03-19 09:51:51,461 [ERROR] aiogram.dispatcher: Failed to fetch updates - TelegramNetworkError: HTTP Client says - ClientConnectorDNSError: Cannot connect to host api.telegram.org:443 ssl:default [getaddrinfo failed]
2026-03-19 09:51:51,462 [WARNING] aiogram.dispatcher: Sleep for 4.987654 seconds and try again... (tryings = 812, bot id = 8749354405)
2026-03-19 09:51:51,486 [ERROR] data.orderflow_ws: WS error: [Errno 11001] getaddrinfo failed — reconnect in 10s
2026-03-19 09:52:08,499 [ERROR] aiogram.dispatcher: Failed to fetch updates - TelegramNetworkError: HTTP Client says - ClientConnectorDNSError: Cannot connect to host api.telegram.org:443 ssl:default [getaddrinfo failed]
2026-03-19 09:52:08,500 [WARNING] aiogram.dispatcher: Sleep for 4.910706 seconds and try again... (tryings = 813, bot id = 8749354405)
2026-03-19 09:52:11,505 [ERROR] data.orderflow_ws: WS error: timed out during opening handshake — reconnect in 10s
2026-03-19 09:52:13,418 [ERROR] aiogram.dispatcher: Failed to fetch updates - TelegramNetworkError: HTTP Client says - ClientConnectorDNSError: Cannot connect to host api.telegram.org:443 ssl:default [getaddrinfo failed]
2026-03-19 09:52:13,420 [WARNING] aiogram.dispatcher: Sleep for 5.118401 seconds and try again... (tryings = 814, bot id = 8749354405)
2026-03-19 09:52:18,550 [ERROR] aiogram.dispatcher: Failed to fetch updates - TelegramNetworkError: HTTP Client says - ClientConnectorDNSError: Cannot connect to host api.telegram.org:443 ssl:default [getaddrinfo failed]
2026-03-19 09:52:18,551 [WARNING] aiogram.dispatcher: Sleep for 5.033391 seconds and try again... (tryings = 815, bot id = 8749354405)
2026-03-19 09:52:21,522 [ERROR] data.orderflow_ws: WS error: [Errno 11001] getaddrinfo failed — reconnect in 10s
2026-03-19 09:52:23,591 [ERROR] aiogram.dispatcher: Failed to fetch updates - TelegramNetworkError: HTTP Client says - ClientConnectorDNSError: Cannot connect to host api.telegram.org:443 ssl:default [getaddrinfo failed]
2026-03-19 09:52:23,592 [WARNING] aiogram.dispatcher: Sleep for 5.173258 seconds and try again... (tryings = 816, bot id = 8749354405)
2026-03-19 09:52:28,777 [ERROR] aiogram.dispatcher: Failed to fetch updates - TelegramNetworkError: HTTP Client says - ClientConnectorDNSError: Cannot connect to host api.telegram.org:443 ssl:default [getaddrinfo failed]
2026-03-19 09:52:28,778 [WARNING] aiogram.dispatcher: Sleep for 4.900795 seconds and try again... (tryings = 817, bot id = 8749354405)
2026-03-19 09:52:31,531 [ERROR] data.orderflow_ws: WS error: [Errno 11001] getaddrinfo failed — reconnect in 10s
2026-03-19 09:52:41,543 [ERROR] data.orderflow_ws: WS error: [Errno 11001] getaddrinfo failed — reconnect in 10s
2026-03-19 09:52:45,739 [ERROR] aiogram.dispatcher: Failed to fetch updates - TelegramNetworkError: HTTP Client says - ClientConnectorDNSError: Cannot connect to host api.telegram.org:443 ssl:default [getaddrinfo failed]
2026-03-19 09:52:45,740 [WARNING] aiogram.dispatcher: Sleep for 4.957275 seconds and try again... (tryings = 818, bot id = 8749354405)
2026-03-19 09:52:50,711 [ERROR] aiogram.dispatcher: Failed to fetch updates - TelegramNetworkError: HTTP Client says - ClientConnectorDNSError: Cannot connect to host api.telegram.org:443 ssl:default [getaddrinfo failed]
2026-03-19 09:52:50,712 [WARNING] aiogram.dispatcher: Sleep for 4.835373 seconds and try again... (tryings = 819, bot id = 8749354405)
2026-03-19 09:52:51,557 [ERROR] data.orderflow_ws: WS error: [Errno 11001] getaddrinfo failed — reconnect in 10s
2026-03-19 09:52:55,566 [ERROR] aiogram.dispatcher: Failed to fetch updates - TelegramNetworkError: HTTP Client says - ClientConnectorDNSError: Cannot connect to host api.telegram.org:443 ssl:default [getaddrinfo failed]
2026-03-19 09:52:55,567 [WARNING] aiogram.dispatcher: Sleep for 4.924306 seconds and try again... (tryings = 820, bot id = 8749354405)
2026-03-19 09:53:00,508 [ERROR] aiogram.dispatcher: Failed to fetch updates - TelegramNetworkError: HTTP Client says - ClientConnectorDNSError: Cannot connect to host api.telegram.org:443 ssl:default [getaddrinfo failed]
2026-03-19 09:53:00,509 [WARNING] aiogram.dispatcher: Sleep for 4.965901 seconds and try again... (tryings = 821, bot id = 8749354405)
2026-03-19 09:53:01,570 [ERROR] data.orderflow_ws: WS error: [Errno 11001] getaddrinfo failed — reconnect in 10s
2026-03-19 09:53:05,491 [ERROR] aiogram.dispatcher: Failed to fetch updates - TelegramNetworkError: HTTP Client says - ClientConnectorDNSError: Cannot connect to host api.telegram.org:443 ssl:default [getaddrinfo failed]
2026-03-19 09:53:05,492 [WARNING] aiogram.dispatcher: Sleep for 5.078041 seconds and try again... (tryings = 822, bot id = 8749354405)
2026-03-19 09:53:10,576 [ERROR] aiogram.dispatcher: Failed to fetch updates - TelegramNetworkError: HTTP Client says - ClientConnectorDNSError: Cannot connect to host api.telegram.org:443 ssl:default [getaddrinfo failed]
2026-03-19 09:53:10,577 [WARNING] aiogram.dispatcher: Sleep for 5.078683 seconds and try again... (tryings = 823, bot id = 8749354405)
2026-03-19 09:53:11,575 [ERROR] data.orderflow_ws: WS error: [Errno 11001] getaddrinfo failed — reconnect in 10s
2026-03-19 09:53:15,668 [ERROR] aiogram.dispatcher: Failed to fetch updates - TelegramNetworkError: HTTP Client says - ClientConnectorDNSError: Cannot connect to host api.telegram.org:443 ssl:default [getaddrinfo failed]
2026-03-19 09:53:15,670 [WARNING] aiogram.dispatcher: Sleep for 5.032624 seconds and try again... (tryings = 824, bot id = 8749354405)
2026-03-19 09:53:20,716 [ERROR] aiogram.dispatcher: Failed to fetch updates - TelegramNetworkError: HTTP Client says - ClientConnectorDNSError: Cannot connect to host api.telegram.org:443 ssl:default [getaddrinfo failed]
2026-03-19 09:53:20,718 [WARNING] aiogram.dispatcher: Sleep for 5.087365 seconds and try again... (tryings = 825, bot id = 8749354405)
2026-03-19 09:53:21,592 [ERROR] data.orderflow_ws: WS error: [Errno 11001] getaddrinfo failed — reconnect in 10s
2026-03-19 09:53:25,809 [ERROR] aiogram.dispatcher: Failed to fetch updates - TelegramNetworkError: HTTP Client says - ClientConnectorDNSError: Cannot connect to host api.telegram.org:443 ssl:default [getaddrinfo failed]
2026-03-19 09:53:25,810 [WARNING] aiogram.dispatcher: Sleep for 5.004333 seconds and try again... (tryings = 826, bot id = 8749354405)
2026-03-19 09:53:31,604 [ERROR] data.orderflow_ws: WS error: [Errno 11001] getaddrinfo failed — reconnect in 10s
2026-03-19 09:53:42,869 [ERROR] aiogram.dispatcher: Failed to fetch updates - TelegramNetworkError: HTTP Client says - ClientConnectorDNSError: Cannot connect to host api.telegram.org:443 ssl:default [getaddrinfo failed]
2026-03-19 09:53:42,870 [WARNING] aiogram.dispatcher: Sleep for 4.995516 seconds and try again... (tryings = 827, bot id = 8749354405)
2026-03-19 09:53:43,653 [ERROR] data.orderflow_ws: WS error: [Errno 11001] getaddrinfo failed — reconnect in 10s
2026-03-19 09:53:47,871 [ERROR] aiogram.dispatcher: Failed to fetch updates - TelegramNetworkError: HTTP Client says - ClientConnectorDNSError: Cannot connect to host api.telegram.org:443 ssl:default [getaddrinfo failed]
2026-03-19 09:53:47,872 [WARNING] aiogram.dispatcher: Sleep for 4.829119 seconds and try again... (tryings = 828, bot id = 8749354405)
2026-03-19 09:54:03,682 [ERROR] data.orderflow_ws: WS error: timed out during opening handshake — reconnect in 10s
2026-03-19 09:54:04,737 [ERROR] aiogram.dispatcher: Failed to fetch updates - TelegramNetworkError: HTTP Client says - ClientConnectorDNSError: Cannot connect to host api.telegram.org:443 ssl:default [getaddrinfo failed]
2026-03-19 09:54:04,738 [WARNING] aiogram.dispatcher: Sleep for 4.910732 seconds and try again... (tryings = 829, bot id = 8749354405)
2026-03-19 09:54:09,662 [ERROR] aiogram.dispatcher: Failed to fetch updates - TelegramNetworkError: HTTP Client says - ClientConnectorDNSError: Cannot connect to host api.telegram.org:443 ssl:default [getaddrinfo failed]
2026-03-19 09:54:09,663 [WARNING] aiogram.dispatcher: Sleep for 4.859291 seconds and try again... (tryings = 830, bot id = 8749354405)
2026-03-19 09:54:13,695 [ERROR] data.orderflow_ws: WS error: [Errno 11001] getaddrinfo failed — reconnect in 10s
2026-03-19 09:54:14,546 [ERROR] aiogram.dispatcher: Failed to fetch updates - TelegramNetworkError: HTTP Client says - ClientConnectorDNSError: Cannot connect to host api.telegram.org:443 ssl:default [getaddrinfo failed]
2026-03-19 09:54:14,547 [WARNING] aiogram.dispatcher: Sleep for 4.969753 seconds and try again... (tryings = 831, bot id = 8749354405)
2026-03-19 09:54:23,706 [ERROR] data.orderflow_ws: WS error: [Errno 11001] getaddrinfo failed — reconnect in 10s
2026-03-19 09:54:31,591 [ERROR] aiogram.dispatcher: Failed to fetch updates - TelegramNetworkError: HTTP Client says - ClientConnectorDNSError: Cannot connect to host api.telegram.org:443 ssl:default [getaddrinfo failed]
2026-03-19 09:54:31,592 [WARNING] aiogram.dispatcher: Sleep for 4.920981 seconds and try again... (tryings = 832, bot id = 8749354405)
2026-03-19 09:54:33,721 [ERROR] data.orderflow_ws: WS error: [Errno 11001] getaddrinfo failed — reconnect in 10s
2026-03-19 09:54:36,519 [ERROR] aiogram.dispatcher: Failed to fetch updates - TelegramNetworkError: HTTP Client says - ClientConnectorDNSError: Cannot connect to host api.telegram.org:443 ssl:default [getaddrinfo failed]
2026-03-19 09:54:36,520 [WARNING] aiogram.dispatcher: Sleep for 5.026548 seconds and try again... (tryings = 833, bot id = 8749354405)
2026-03-19 09:54:53,573 [ERROR] aiogram.dispatcher: Failed to fetch updates - TelegramNetworkError: HTTP Client says - ClientConnectorDNSError: Cannot connect to host api.telegram.org:443 ssl:default [getaddrinfo failed]
2026-03-19 09:54:53,574 [WARNING] aiogram.dispatcher: Sleep for 5.003938 seconds and try again... (tryings = 834, bot id = 8749354405)
2026-03-19 09:54:53,743 [ERROR] data.orderflow_ws: WS error: timed out during opening handshake — reconnect in 10s
2026-03-19 09:54:58,595 [ERROR] aiogram.dispatcher: Failed to fetch updates - TelegramNetworkError: HTTP Client says - ClientConnectorDNSError: Cannot connect to host api.telegram.org:443 ssl:default [getaddrinfo failed]
2026-03-19 09:54:58,596 [WARNING] aiogram.dispatcher: Sleep for 4.837590 seconds and try again... (tryings = 835, bot id = 8749354405)
2026-03-19 09:55:13,784 [ERROR] data.orderflow_ws: WS error: timed out during opening handshake — reconnect in 10s
2026-03-19 09:55:15,501 [ERROR] aiogram.dispatcher: Failed to fetch updates - TelegramNetworkError: HTTP Client says - ClientConnectorDNSError: Cannot connect to host api.telegram.org:443 ssl:default [getaddrinfo failed]
2026-03-19 09:55:15,502 [WARNING] aiogram.dispatcher: Sleep for 5.046131 seconds and try again... (tryings = 836, bot id = 8749354405)
2026-03-19 09:55:20,565 [ERROR] aiogram.dispatcher: Failed to fetch updates - TelegramNetworkError: HTTP Client says - ClientConnectorDNSError: Cannot connect to host api.telegram.org:443 ssl:default [getaddrinfo failed]
2026-03-19 09:55:20,567 [WARNING] aiogram.dispatcher: Sleep for 4.942737 seconds and try again... (tryings = 837, bot id = 8749354405)
2026-03-19 09:55:23,790 [ERROR] data.orderflow_ws: WS error: [Errno 11001] getaddrinfo failed — reconnect in 10s
2026-03-19 09:55:25,519 [ERROR] aiogram.dispatcher: Failed to fetch updates - TelegramNetworkError: HTTP Client says - ClientConnectorDNSError: Cannot connect to host api.telegram.org:443 ssl:default [getaddrinfo failed]
2026-03-19 09:55:25,520 [WARNING] aiogram.dispatcher: Sleep for 4.976247 seconds and try again... (tryings = 838, bot id = 8749354405)
2026-03-19 09:55:42,574 [ERROR] aiogram.dispatcher: Failed to fetch updates - TelegramNetworkError: HTTP Client says - ClientConnectorDNSError: Cannot connect to host api.telegram.org:443 ssl:default [getaddrinfo failed]
2026-03-19 09:55:42,575 [WARNING] aiogram.dispatcher: Sleep for 5.210226 seconds and try again... (tryings = 839, bot id = 8749354405)
2026-03-19 09:55:43,799 [ERROR] data.orderflow_ws: WS error: timed out during opening handshake — reconnect in 10s
2026-03-19 09:55:47,801 [ERROR] aiogram.dispatcher: Failed to fetch updates - TelegramNetworkError: HTTP Client says - ClientConnectorDNSError: Cannot connect to host api.telegram.org:443 ssl:default [getaddrinfo failed]
2026-03-19 09:55:47,802 [WARNING] aiogram.dispatcher: Sleep for 5.140151 seconds and try again... (tryings = 840, bot id = 8749354405)
2026-03-19 09:55:52,956 [ERROR] aiogram.dispatcher: Failed to fetch updates - TelegramNetworkError: HTTP Client says - ClientConnectorDNSError: Cannot connect to host api.telegram.org:443 ssl:default [getaddrinfo failed]
2026-03-19 09:55:52,957 [WARNING] aiogram.dispatcher: Sleep for 4.927099 seconds and try again... (tryings = 841, bot id = 8749354405)
2026-03-19 09:55:53,814 [ERROR] data.orderflow_ws: WS error: [Errno 11001] getaddrinfo failed — reconnect in 10s
2026-03-19 09:56:03,830 [ERROR] data.orderflow_ws: WS error: [Errno 11001] getaddrinfo failed — reconnect in 10s
2026-03-19 09:56:09,923 [ERROR] aiogram.dispatcher: Failed to fetch updates - TelegramNetworkError: HTTP Client says - ClientConnectorDNSError: Cannot connect to host api.telegram.org:443 ssl:default [getaddrinfo failed]
2026-03-19 09:56:09,924 [WARNING] aiogram.dispatcher: Sleep for 4.920696 seconds and try again... (tryings = 842, bot id = 8749354405)
2026-03-19 09:56:13,855 [ERROR] data.orderflow_ws: WS error: [Errno 11001] getaddrinfo failed — reconnect in 10s
2026-03-19 09:56:14,863 [ERROR] aiogram.dispatcher: Failed to fetch updates - TelegramNetworkError: HTTP Client says - ClientConnectorDNSError: Cannot connect to host api.telegram.org:443 ssl:default [getaddrinfo failed]
2026-03-19 09:56:14,864 [WARNING] aiogram.dispatcher: Sleep for 4.960003 seconds and try again... (tryings = 843, bot id = 8749354405)
2026-03-19 09:56:19,847 [ERROR] aiogram.dispatcher: Failed to fetch updates - TelegramNetworkError: HTTP Client says - ClientConnectorDNSError: Cannot connect to host api.telegram.org:443 ssl:default [getaddrinfo failed]
2026-03-19 09:56:19,848 [WARNING] aiogram.dispatcher: Sleep for 5.065215 seconds and try again... (tryings = 844, bot id = 8749354405)
2026-03-19 09:56:24,929 [ERROR] aiogram.dispatcher: Failed to fetch updates - TelegramNetworkError: HTTP Client says - ClientConnectorDNSError: Cannot connect to host api.telegram.org:443 ssl:default [getaddrinfo failed]
2026-03-19 09:56:24,930 [WARNING] aiogram.dispatcher: Sleep for 4.865846 seconds and try again... (tryings = 845, bot id = 8749354405)
2026-03-19 09:56:29,804 [ERROR] aiogram.dispatcher: Failed to fetch updates - TelegramNetworkError: HTTP Client says - ClientConnectorDNSError: Cannot connect to host api.telegram.org:443 ssl:default [getaddrinfo failed]
2026-03-19 09:56:29,805 [WARNING] aiogram.dispatcher: Sleep for 4.894573 seconds and try again... (tryings = 846, bot id = 8749354405)
2026-03-19 09:56:33,881 [ERROR] data.orderflow_ws: WS error: timed out during opening handshake — reconnect in 10s
2026-03-19 09:56:46,768 [ERROR] aiogram.dispatcher: Failed to fetch updates - TelegramNetworkError: HTTP Client says - ClientConnectorDNSError: Cannot connect to host api.telegram.org:443 ssl:default [getaddrinfo failed]
2026-03-19 09:56:46,769 [WARNING] aiogram.dispatcher: Sleep for 5.005206 seconds and try again... (tryings = 847, bot id = 8749354405)
2026-03-19 09:56:51,782 [ERROR] aiogram.dispatcher: Failed to fetch updates - TelegramNetworkError: HTTP Client says - ClientConnectorDNSError: Cannot connect to host api.telegram.org:443 ssl:default [getaddrinfo failed]
2026-03-19 09:56:51,783 [WARNING] aiogram.dispatcher: Sleep for 5.163118 seconds and try again... (tryings = 848, bot id = 8749354405)
2026-03-19 09:56:53,897 [ERROR] data.orderflow_ws: WS error: timed out during opening handshake — reconnect in 10s
2026-03-19 09:56:56,965 [ERROR] aiogram.dispatcher: Failed to fetch updates - TelegramNetworkError: HTTP Client says - ClientConnectorDNSError: Cannot connect to host api.telegram.org:443 ssl:default [getaddrinfo failed]
2026-03-19 09:56:56,966 [WARNING] aiogram.dispatcher: Sleep for 5.060820 seconds and try again... (tryings = 849, bot id = 8749354405)
2026-03-19 09:57:02,040 [ERROR] aiogram.dispatcher: Failed to fetch updates - TelegramNetworkError: HTTP Client says - ClientConnectorDNSError: Cannot connect to host api.telegram.org:443 ssl:default [getaddrinfo failed]
2026-03-19 09:57:02,042 [WARNING] aiogram.dispatcher: Sleep for 5.005304 seconds and try again... (tryings = 850, bot id = 8749354405)
2026-03-19 09:57:03,908 [ERROR] data.orderflow_ws: WS error: [Errno 11001] getaddrinfo failed — reconnect in 10s
2026-03-19 09:57:13,922 [ERROR] data.orderflow_ws: WS error: [Errno 11001] getaddrinfo failed — reconnect in 10s
2026-03-19 09:57:19,084 [ERROR] aiogram.dispatcher: Failed to fetch updates - TelegramNetworkError: HTTP Client says - ClientConnectorDNSError: Cannot connect to host api.telegram.org:443 ssl:default [getaddrinfo failed]
2026-03-19 09:57:19,086 [WARNING] aiogram.dispatcher: Sleep for 5.023811 seconds and try again... (tryings = 851, bot id = 8749354405)
2026-03-19 09:57:23,934 [ERROR] data.orderflow_ws: WS error: [Errno 11001] getaddrinfo failed — reconnect in 10s
2026-03-19 09:57:24,128 [ERROR] aiogram.dispatcher: Failed to fetch updates - TelegramNetworkError: HTTP Client says - ClientConnectorDNSError: Cannot connect to host api.telegram.org:443 ssl:default [getaddrinfo failed]
2026-03-19 09:57:24,129 [WARNING] aiogram.dispatcher: Sleep for 4.898916 seconds and try again... (tryings = 852, bot id = 8749354405)
2026-03-19 09:57:29,047 [ERROR] aiogram.dispatcher: Failed to fetch updates - TelegramNetworkError: HTTP Client says - ClientConnectorDNSError: Cannot connect to host api.telegram.org:443 ssl:default [getaddrinfo failed]
2026-03-19 09:57:29,048 [WARNING] aiogram.dispatcher: Sleep for 5.015150 seconds and try again... (tryings = 853, bot id = 8749354405)
2026-03-19 09:57:43,948 [ERROR] data.orderflow_ws: WS error: timed out during opening handshake — reconnect in 10s
2026-03-19 09:57:46,112 [ERROR] aiogram.dispatcher: Failed to fetch updates - TelegramNetworkError: HTTP Client says - ClientConnectorDNSError: Cannot connect to host api.telegram.org:443 ssl:default [getaddrinfo failed]
2026-03-19 09:57:46,113 [WARNING] aiogram.dispatcher: Sleep for 4.935597 seconds and try again... (tryings = 854, bot id = 8749354405)
2026-03-19 09:57:51,054 [ERROR] aiogram.dispatcher: Failed to fetch updates - TelegramNetworkError: HTTP Client says - ClientConnectorDNSError: Cannot connect to host api.telegram.org:443 ssl:default [getaddrinfo failed]
2026-03-19 09:57:51,055 [WARNING] aiogram.dispatcher: Sleep for 4.904540 seconds and try again... (tryings = 855, bot id = 8749354405)
2026-03-19 09:57:53,953 [ERROR] data.orderflow_ws: WS error: [Errno 11001] getaddrinfo failed — reconnect in 10s
2026-03-19 09:58:03,103 [ERROR] aiogram.dispatcher: Failed to fetch updates - TelegramNetworkError: HTTP Client says - ClientConnectorDNSError: Cannot connect to host api.telegram.org:443 ssl:default [getaddrinfo failed]
2026-03-19 09:58:03,104 [WARNING] aiogram.dispatcher: Sleep for 5.054534 seconds and try again... (tryings = 856, bot id = 8749354405)
2026-03-19 09:58:03,966 [ERROR] data.orderflow_ws: WS error: [Errno 11001] getaddrinfo failed — reconnect in 10s
2026-03-19 09:58:08,171 [ERROR] aiogram.dispatcher: Failed to fetch updates - TelegramNetworkError: HTTP Client says - ClientConnectorDNSError: Cannot connect to host api.telegram.org:443 ssl:default [getaddrinfo failed]
2026-03-19 09:58:08,172 [WARNING] aiogram.dispatcher: Sleep for 4.917668 seconds and try again... (tryings = 857, bot id = 8749354405)
2026-03-19 09:58:16,004 [ERROR] data.orderflow_ws: WS error: [Errno 11001] getaddrinfo failed — reconnect in 10s
2026-03-19 09:58:25,135 [ERROR] aiogram.dispatcher: Failed to fetch updates - TelegramNetworkError: HTTP Client says - ClientConnectorDNSError: Cannot connect to host api.telegram.org:443 ssl:default [getaddrinfo failed]
2026-03-19 09:58:25,136 [WARNING] aiogram.dispatcher: Sleep for 4.856690 seconds and try again... (tryings = 858, bot id = 8749354405)
2026-03-19 09:58:26,017 [ERROR] data.orderflow_ws: WS error: [Errno 11001] getaddrinfo failed — reconnect in 10s
2026-03-19 09:58:30,000 [ERROR] aiogram.dispatcher: Failed to fetch updates - TelegramNetworkError: HTTP Client says - ClientConnectorDNSError: Cannot connect to host api.telegram.org:443 ssl:default [getaddrinfo failed]
2026-03-19 09:58:30,001 [WARNING] aiogram.dispatcher: Sleep for 5.051292 seconds and try again... (tryings = 859, bot id = 8749354405)
2026-03-19 09:58:46,029 [ERROR] data.orderflow_ws: WS error: timed out during opening handshake — reconnect in 10s
2026-03-19 09:58:47,101 [ERROR] aiogram.dispatcher: Failed to fetch updates - TelegramNetworkError: HTTP Client says - ClientConnectorDNSError: Cannot connect to host api.telegram.org:443 ssl:default [getaddrinfo failed]
2026-03-19 09:58:47,102 [WARNING] aiogram.dispatcher: Sleep for 5.024360 seconds and try again... (tryings = 860, bot id = 8749354405)
2026-03-19 09:58:52,132 [ERROR] aiogram.dispatcher: Failed to fetch updates - TelegramNetworkError: HTTP Client says - ClientConnectorDNSError: Cannot connect to host api.telegram.org:443 ssl:default [getaddrinfo failed]
2026-03-19 09:58:52,133 [WARNING] aiogram.dispatcher: Sleep for 4.947429 seconds and try again... (tryings = 861, bot id = 8749354405)
2026-03-19 09:58:56,055 [ERROR] data.orderflow_ws: WS error: [Errno 11001] getaddrinfo failed — reconnect in 10s
2026-03-19 09:58:57,088 [ERROR] aiogram.dispatcher: Failed to fetch updates - TelegramNetworkError: HTTP Client says - ClientConnectorDNSError: Cannot connect to host api.telegram.org:443 ssl:default [getaddrinfo failed]
2026-03-19 09:58:57,089 [WARNING] aiogram.dispatcher: Sleep for 4.903959 seconds and try again... (tryings = 862, bot id = 8749354405)
2026-03-19 09:59:06,063 [ERROR] data.orderflow_ws: WS error: [Errno 11001] getaddrinfo failed — reconnect in 10s
2026-03-19 09:59:14,028 [ERROR] aiogram.dispatcher: Failed to fetch updates - TelegramNetworkError: HTTP Client says - ClientConnectorDNSError: Cannot connect to host api.telegram.org:443 ssl:default [getaddrinfo failed]
2026-03-19 09:59:14,029 [WARNING] aiogram.dispatcher: Sleep for 4.881358 seconds and try again... (tryings = 863, bot id = 8749354405)
2026-03-19 09:59:16,067 [ERROR] data.orderflow_ws: WS error: [Errno 11001] getaddrinfo failed — reconnect in 10s
2026-03-19 09:59:18,922 [ERROR] aiogram.dispatcher: Failed to fetch updates - TelegramNetworkError: HTTP Client says - ClientConnectorDNSError: Cannot connect to host api.telegram.org:443 ssl:default [getaddrinfo failed]
2026-03-19 09:59:18,923 [WARNING] aiogram.dispatcher: Sleep for 5.180980 seconds and try again... (tryings = 864, bot id = 8749354405)
2026-03-19 09:59:24,108 [ERROR] aiogram.dispatcher: Failed to fetch updates - TelegramNetworkError: HTTP Client says - ClientConnectorDNSError: Cannot connect to host api.telegram.org:443 ssl:default [getaddrinfo failed]
2026-03-19 09:59:24,109 [WARNING] aiogram.dispatcher: Sleep for 4.966739 seconds and try again... (tryings = 865, bot id = 8749354405)
2026-03-19 09:59:26,079 [ERROR] data.orderflow_ws: WS error: [Errno 11001] getaddrinfo failed — reconnect in 10s
2026-03-19 09:59:30,955 [ERROR] aiogram.dispatcher: Failed to fetch updates - TelegramNetworkError: HTTP Client says - ClientConnectorDNSError: Cannot connect to host api.telegram.org:443 ssl:default [getaddrinfo failed]
2026-03-19 09:59:30,956 [WARNING] aiogram.dispatcher: Sleep for 5.067678 seconds and try again... (tryings = 866, bot id = 8749354405)
2026-03-19 09:59:46,089 [ERROR] data.orderflow_ws: WS error: timed out during opening handshake — reconnect in 10s
2026-03-19 09:59:48,054 [ERROR] aiogram.dispatcher: Failed to fetch updates - TelegramNetworkError: HTTP Client says - ClientConnectorDNSError: Cannot connect to host api.telegram.org:443 ssl:default [getaddrinfo failed]
2026-03-19 09:59:48,055 [WARNING] aiogram.dispatcher: Sleep for 5.139277 seconds and try again... (tryings = 867, bot id = 8749354405)
2026-03-19 09:59:53,203 [ERROR] aiogram.dispatcher: Failed to fetch updates - TelegramNetworkError: HTTP Client says - ClientConnectorDNSError: Cannot connect to host api.telegram.org:443 ssl:default [getaddrinfo failed]
2026-03-19 09:59:53,204 [WARNING] aiogram.dispatcher: Sleep for 5.063436 seconds and try again... (tryings = 868, bot id = 8749354405)
2026-03-19 09:59:56,098 [ERROR] data.orderflow_ws: WS error: [Errno 11001] getaddrinfo failed — reconnect in 10s
2026-03-19 09:59:58,273 [ERROR] aiogram.dispatcher: Failed to fetch updates - TelegramNetworkError: HTTP Client says - ClientConnectorDNSError: Cannot connect to host api.telegram.org:443 ssl:default [getaddrinfo failed]
2026-03-19 09:59:58,274 [WARNING] aiogram.dispatcher: Sleep for 5.092581 seconds and try again... (tryings = 869, bot id = 8749354405)
2026-03-19 10:00:03,006 [INFO] apscheduler.executors.default: Running job "analysis_cycle (trigger: cron[minute='*/15', second='3'], next run at: 2026-03-19 10:15:03 MSK)" (scheduled at 2026-03-19 10:00:03+03:00)
2026-03-19 10:00:03,007 [INFO] __main__: ── Analysis cycle start ──────────────────
2026-03-19 10:00:05,242 [ERROR] aiogram.dispatcher: Failed to fetch updates - TelegramNetworkError: HTTP Client says - ClientConnectorDNSError: Cannot connect to host api.telegram.org:443 ssl:default [getaddrinfo failed]
2026-03-19 10:00:05,243 [WARNING] aiogram.dispatcher: Sleep for 5.021462 seconds and try again... (tryings = 870, bot id = 8749354405)
2026-03-19 10:00:06,101 [ERROR] data.orderflow_ws: WS error: [Errno 11001] getaddrinfo failed — reconnect in 10s
2026-03-19 10:00:10,269 [ERROR] aiogram.dispatcher: Failed to fetch updates - TelegramNetworkError: HTTP Client says - ClientConnectorDNSError: Cannot connect to host api.telegram.org:443 ssl:default [getaddrinfo failed]
2026-03-19 10:00:10,270 [WARNING] aiogram.dispatcher: Sleep for 5.088803 seconds and try again... (tryings = 871, bot id = 8749354405)
2026-03-19 10:00:13,294 [ERROR] engine.pipeline: Candle load failed: 
2026-03-19 10:00:13,295 [INFO] apscheduler.executors.default: Job "analysis_cycle (trigger: cron[minute='*/15', second='3'], next run at: 2026-03-19 10:15:03 MSK)" executed successfully
2026-03-19 10:00:15,067 [ERROR] asyncio: gaierror exception in shielded future
future: <Task finished name='Task-962' coro=<TCPConnector._resolve_host_with_throttle() done, defined at C:\Users\89118\AppData\Roaming\Python\Python314\site-packages\aiohttp\connector.py:1188> exception=gaierror(11001, 'getaddrinfo failed')>
Traceback (most recent call last):
  File "C:\Users\89118\AppData\Roaming\Python\Python314\site-packages\aiohttp\connector.py", line 1209, in _resolve_host_with_throttle
    addrs = await self._resolver.resolve(host, port, family=self._family)
            ^^^^^^^^^^^^^^^^^^^^^^^^^^^^^^^^^^^^^^^^^^^^^^^^^^^^^^^^^^^^^
  File "C:\Users\89118\AppData\Roaming\Python\Python314\site-packages\aiohttp\resolver.py", line 40, in resolve
    infos = await self._loop.getaddrinfo(
            ^^^^^^^^^^^^^^^^^^^^^^^^^^^^^
    ...<5 lines>...
    )
    ^
  File "C:\Python314\Lib\asyncio\base_events.py", line 936, in getaddrinfo
    return await self.run_in_executor(
           ^^^^^^^^^^^^^^^^^^^^^^^^^^^
        None, getaddr_func, host, port, family, type, proto, flags)
        ^^^^^^^^^^^^^^^^^^^^^^^^^^^^^^^^^^^^^^^^^^^^^^^^^^^^^^^^^^^
  File "C:\Python314\Lib\concurrent\futures\thread.py", line 86, in run
    result = ctx.run(self.task)
  File "C:\Python314\Lib\concurrent\futures\thread.py", line 73, in run
    return fn(*args, **kwargs)
  File "C:\Python314\Lib\socket.py", line 983, in getaddrinfo
    for res in _socket.getaddrinfo(host, port, family, type, proto, flags):
               ~~~~~~~~~~~~~~~~~~~^^^^^^^^^^^^^^^^^^^^^^^^^^^^^^^^^^^^^^^^
socket.gaierror: [Errno 11001] getaddrinfo failed
2026-03-19 10:00:15,384 [ERROR] aiogram.dispatcher: Failed to fetch updates - TelegramNetworkError: HTTP Client says - ClientConnectorDNSError: Cannot connect to host api.telegram.org:443 ssl:default [getaddrinfo failed]
2026-03-19 10:00:15,385 [WARNING] aiogram.dispatcher: Sleep for 5.053522 seconds and try again... (tryings = 872, bot id = 8749354405)
2026-03-19 10:00:16,111 [ERROR] data.orderflow_ws: WS error: [Errno 11001] getaddrinfo failed — reconnect in 10s
2026-03-19 10:00:20,444 [ERROR] aiogram.dispatcher: Failed to fetch updates - TelegramNetworkError: HTTP Client says - ClientConnectorDNSError: Cannot connect to host api.telegram.org:443 ssl:default [getaddrinfo failed]
2026-03-19 10:00:20,445 [WARNING] aiogram.dispatcher: Sleep for 5.156130 seconds and try again... (tryings = 873, bot id = 8749354405)
2026-03-19 10:00:36,126 [ERROR] data.orderflow_ws: WS error: timed out during opening handshake — reconnect in 10s
2026-03-19 10:00:37,660 [ERROR] aiogram.dispatcher: Failed to fetch updates - TelegramNetworkError: HTTP Client says - ClientConnectorDNSError: Cannot connect to host api.telegram.org:443 ssl:default [getaddrinfo failed]
2026-03-19 10:00:37,661 [WARNING] aiogram.dispatcher: Sleep for 5.111354 seconds and try again... (tryings = 874, bot id = 8749354405)
2026-03-19 10:00:42,781 [ERROR] aiogram.dispatcher: Failed to fetch updates - TelegramNetworkError: HTTP Client says - ClientConnectorDNSError: Cannot connect to host api.telegram.org:443 ssl:default [getaddrinfo failed]
2026-03-19 10:00:42,782 [WARNING] aiogram.dispatcher: Sleep for 5.104696 seconds and try again... (tryings = 875, bot id = 8749354405)
2026-03-19 10:00:56,149 [ERROR] data.orderflow_ws: WS error: timed out during opening handshake — reconnect in 10s
2026-03-19 10:00:59,924 [ERROR] aiogram.dispatcher: Failed to fetch updates - TelegramNetworkError: HTTP Client says - ClientConnectorDNSError: Cannot connect to host api.telegram.org:443 ssl:default [getaddrinfo failed]
2026-03-19 10:00:59,925 [WARNING] aiogram.dispatcher: Sleep for 5.097317 seconds and try again... (tryings = 876, bot id = 8749354405)
2026-03-19 10:01:05,037 [ERROR] aiogram.dispatcher: Failed to fetch updates - TelegramNetworkError: HTTP Client says - ClientConnectorDNSError: Cannot connect to host api.telegram.org:443 ssl:default [getaddrinfo failed]
2026-03-19 10:01:05,038 [WARNING] aiogram.dispatcher: Sleep for 4.808949 seconds and try again... (tryings = 877, bot id = 8749354405)
2026-03-19 10:01:06,163 [ERROR] data.orderflow_ws: WS error: [Errno 11001] getaddrinfo failed — reconnect in 10s
2026-03-19 10:01:09,862 [ERROR] aiogram.dispatcher: Failed to fetch updates - TelegramNetworkError: HTTP Client says - ClientConnectorDNSError: Cannot connect to host api.telegram.org:443 ssl:default [getaddrinfo failed]
2026-03-19 10:01:09,864 [WARNING] aiogram.dispatcher: Sleep for 5.033741 seconds and try again... (tryings = 878, bot id = 8749354405)
2026-03-19 10:01:18,226 [ERROR] data.orderflow_ws: WS error: [Errno 11001] getaddrinfo failed — reconnect in 10s
2026-03-19 10:01:26,948 [ERROR] aiogram.dispatcher: Failed to fetch updates - TelegramNetworkError: HTTP Client says - ClientConnectorDNSError: Cannot connect to host api.telegram.org:443 ssl:default [getaddrinfo failed]
2026-03-19 10:01:26,949 [WARNING] aiogram.dispatcher: Sleep for 5.053959 seconds and try again... (tryings = 879, bot id = 8749354405)
2026-03-19 10:01:28,239 [ERROR] data.orderflow_ws: WS error: [Errno 11001] getaddrinfo failed — reconnect in 10s
2026-03-19 10:01:32,022 [ERROR] aiogram.dispatcher: Failed to fetch updates - TelegramNetworkError: HTTP Client says - ClientConnectorDNSError: Cannot connect to host api.telegram.org:443 ssl:default [getaddrinfo failed]
2026-03-19 10:01:32,023 [WARNING] aiogram.dispatcher: Sleep for 5.122403 seconds and try again... (tryings = 880, bot id = 8749354405)
2026-03-19 10:01:37,161 [ERROR] aiogram.dispatcher: Failed to fetch updates - TelegramNetworkError: HTTP Client says - ClientConnectorDNSError: Cannot connect to host api.telegram.org:443 ssl:default [getaddrinfo failed]
2026-03-19 10:01:37,163 [WARNING] aiogram.dispatcher: Sleep for 5.112390 seconds and try again... (tryings = 881, bot id = 8749354405)
2026-03-19 10:01:48,265 [ERROR] data.orderflow_ws: WS error: timed out during opening handshake — reconnect in 10s
2026-03-19 10:01:54,337 [ERROR] aiogram.dispatcher: Failed to fetch updates - TelegramNetworkError: HTTP Client says - ClientConnectorDNSError: Cannot connect to host api.telegram.org:443 ssl:default [getaddrinfo failed]
2026-03-19 10:01:54,338 [WARNING] aiogram.dispatcher: Sleep for 4.930537 seconds and try again... (tryings = 882, bot id = 8749354405)
2026-03-19 10:01:58,270 [ERROR] data.orderflow_ws: WS error: [Errno 11001] getaddrinfo failed — reconnect in 10s
2026-03-19 10:01:59,279 [ERROR] aiogram.dispatcher: Failed to fetch updates - TelegramNetworkError: HTTP Client says - ClientConnectorDNSError: Cannot connect to host api.telegram.org:443 ssl:default [getaddrinfo failed]
2026-03-19 10:01:59,280 [WARNING] aiogram.dispatcher: Sleep for 5.114056 seconds and try again... (tryings = 883, bot id = 8749354405)
2026-03-19 10:02:16,428 [ERROR] aiogram.dispatcher: Failed to fetch updates - TelegramNetworkError: HTTP Client says - ClientConnectorDNSError: Cannot connect to host api.telegram.org:443 ssl:default [getaddrinfo failed]
2026-03-19 10:02:16,429 [WARNING] aiogram.dispatcher: Sleep for 4.966407 seconds and try again... (tryings = 884, bot id = 8749354405)
2026-03-19 10:02:18,287 [ERROR] data.orderflow_ws: WS error: timed out during opening handshake — reconnect in 10s
2026-03-19 10:02:21,418 [ERROR] aiogram.dispatcher: Failed to fetch updates - TelegramNetworkError: HTTP Client says - ClientConnectorDNSError: Cannot connect to host api.telegram.org:443 ssl:default [getaddrinfo failed]
2026-03-19 10:02:21,419 [WARNING] aiogram.dispatcher: Sleep for 5.044396 seconds and try again... (tryings = 885, bot id = 8749354405)
2026-03-19 10:02:26,475 [ERROR] aiogram.dispatcher: Failed to fetch updates - TelegramNetworkError: HTTP Client says - ClientConnectorDNSError: Cannot connect to host api.telegram.org:443 ssl:default [getaddrinfo failed]
2026-03-19 10:02:26,476 [WARNING] aiogram.dispatcher: Sleep for 5.041447 seconds and try again... (tryings = 886, bot id = 8749354405)
2026-03-19 10:02:38,313 [ERROR] data.orderflow_ws: WS error: timed out during opening handshake — reconnect in 10s
2026-03-19 10:02:43,569 [ERROR] aiogram.dispatcher: Failed to fetch updates - TelegramNetworkError: HTTP Client says - ClientConnectorDNSError: Cannot connect to host api.telegram.org:443 ssl:default [getaddrinfo failed]
2026-03-19 10:02:43,570 [WARNING] aiogram.dispatcher: Sleep for 5.089879 seconds and try again... (tryings = 887, bot id = 8749354405)
2026-03-19 10:02:48,335 [ERROR] data.orderflow_ws: WS error: [Errno 11001] getaddrinfo failed — reconnect in 10s
2026-03-19 10:02:48,680 [ERROR] aiogram.dispatcher: Failed to fetch updates - TelegramNetworkError: HTTP Client says - ClientConnectorDNSError: Cannot connect to host api.telegram.org:443 ssl:default [getaddrinfo failed]
2026-03-19 10:02:48,681 [WARNING] aiogram.dispatcher: Sleep for 5.062419 seconds and try again... (tryings = 888, bot id = 8749354405)
2026-03-19 10:02:58,341 [ERROR] data.orderflow_ws: WS error: [Errno 11001] getaddrinfo failed — reconnect in 10s
2026-03-19 10:03:05,793 [ERROR] aiogram.dispatcher: Failed to fetch updates - TelegramNetworkError: HTTP Client says - ClientConnectorDNSError: Cannot connect to host api.telegram.org:443 ssl:default [getaddrinfo failed]
2026-03-19 10:03:05,794 [WARNING] aiogram.dispatcher: Sleep for 4.843872 seconds and try again... (tryings = 889, bot id = 8749354405)
2026-03-19 10:03:08,348 [ERROR] data.orderflow_ws: WS error: [Errno 11001] getaddrinfo failed — reconnect in 10s
2026-03-19 10:03:10,653 [ERROR] aiogram.dispatcher: Failed to fetch updates - TelegramNetworkError: HTTP Client says - ClientConnectorDNSError: Cannot connect to host api.telegram.org:443 ssl:default [getaddrinfo failed]
2026-03-19 10:03:10,655 [WARNING] aiogram.dispatcher: Sleep for 5.085072 seconds and try again... (tryings = 890, bot id = 8749354405)
2026-03-19 10:03:27,801 [ERROR] aiogram.dispatcher: Failed to fetch updates - TelegramNetworkError: HTTP Client says - ClientConnectorDNSError: Cannot connect to host api.telegram.org:443 ssl:default [getaddrinfo failed]
2026-03-19 10:03:27,802 [WARNING] aiogram.dispatcher: Sleep for 5.015010 seconds and try again... (tryings = 891, bot id = 8749354405)
2026-03-19 10:03:28,384 [ERROR] data.orderflow_ws: WS error: timed out during opening handshake — reconnect in 10s
2026-03-19 10:03:32,830 [ERROR] aiogram.dispatcher: Failed to fetch updates - TelegramNetworkError: HTTP Client says - ClientConnectorDNSError: Cannot connect to host api.telegram.org:443 ssl:default [getaddrinfo failed]
2026-03-19 10:03:32,831 [WARNING] aiogram.dispatcher: Sleep for 4.906359 seconds and try again... (tryings = 892, bot id = 8749354405)
2026-03-19 10:03:37,743 [ERROR] aiogram.dispatcher: Failed to fetch updates - TelegramNetworkError: HTTP Client says - ClientConnectorDNSError: Cannot connect to host api.telegram.org:443 ssl:default [getaddrinfo failed]
2026-03-19 10:03:37,744 [WARNING] aiogram.dispatcher: Sleep for 4.973837 seconds and try again... (tryings = 893, bot id = 8749354405)
2026-03-19 10:03:38,394 [ERROR] data.orderflow_ws: WS error: [Errno 11001] getaddrinfo failed — reconnect in 10s
2026-03-19 10:03:48,399 [ERROR] data.orderflow_ws: WS error: [Errno 11001] getaddrinfo failed — reconnect in 10s
2026-03-19 10:03:54,774 [ERROR] aiogram.dispatcher: Failed to fetch updates - TelegramNetworkError: HTTP Client says - ClientConnectorDNSError: Cannot connect to host api.telegram.org:443 ssl:default [getaddrinfo failed]
2026-03-19 10:03:54,775 [WARNING] aiogram.dispatcher: Sleep for 4.930309 seconds and try again... (tryings = 894, bot id = 8749354405)
2026-03-19 10:03:58,403 [ERROR] data.orderflow_ws: WS error: [Errno 11001] getaddrinfo failed — reconnect in 10s
2026-03-19 10:03:59,710 [ERROR] aiogram.dispatcher: Failed to fetch updates - TelegramNetworkError: HTTP Client says - ClientConnectorDNSError: Cannot connect to host api.telegram.org:443 ssl:default [getaddrinfo failed]
2026-03-19 10:03:59,711 [WARNING] aiogram.dispatcher: Sleep for 4.722884 seconds and try again... (tryings = 895, bot id = 8749354405)
2026-03-19 10:04:16,519 [ERROR] aiogram.dispatcher: Failed to fetch updates - TelegramNetworkError: HTTP Client says - ClientConnectorDNSError: Cannot connect to host api.telegram.org:443 ssl:default [getaddrinfo failed]
2026-03-19 10:04:16,520 [WARNING] aiogram.dispatcher: Sleep for 5.029370 seconds and try again... (tryings = 896, bot id = 8749354405)
2026-03-19 10:04:18,415 [ERROR] data.orderflow_ws: WS error: timed out during opening handshake — reconnect in 10s
2026-03-19 10:04:21,564 [ERROR] aiogram.dispatcher: Failed to fetch updates - TelegramNetworkError: HTTP Client says - ClientConnectorDNSError: Cannot connect to host api.telegram.org:443 ssl:default [getaddrinfo failed]
2026-03-19 10:04:21,565 [WARNING] aiogram.dispatcher: Sleep for 4.866663 seconds and try again... (tryings = 897, bot id = 8749354405)
2026-03-19 10:04:26,449 [ERROR] aiogram.dispatcher: Failed to fetch updates - TelegramNetworkError: HTTP Client says - ClientConnectorDNSError: Cannot connect to host api.telegram.org:443 ssl:default [getaddrinfo failed]
2026-03-19 10:04:26,450 [WARNING] aiogram.dispatcher: Sleep for 5.118430 seconds and try again... (tryings = 898, bot id = 8749354405)
2026-03-19 10:04:38,438 [ERROR] data.orderflow_ws: WS error: timed out during opening handshake — reconnect in 10s
2026-03-19 10:04:43,627 [ERROR] aiogram.dispatcher: Failed to fetch updates - TelegramNetworkError: HTTP Client says - ClientConnectorDNSError: Cannot connect to host api.telegram.org:443 ssl:default [getaddrinfo failed]
2026-03-19 10:04:43,628 [WARNING] aiogram.dispatcher: Sleep for 4.971198 seconds and try again... (tryings = 899, bot id = 8749354405)
2026-03-19 10:04:48,450 [ERROR] data.orderflow_ws: WS error: [Errno 11001] getaddrinfo failed — reconnect in 10s
2026-03-19 10:04:48,616 [ERROR] aiogram.dispatcher: Failed to fetch updates - TelegramNetworkError: HTTP Client says - ClientConnectorDNSError: Cannot connect to host api.telegram.org:443 ssl:default [getaddrinfo failed]
2026-03-19 10:04:48,617 [WARNING] aiogram.dispatcher: Sleep for 5.008753 seconds and try again... (tryings = 900, bot id = 8749354405)
2026-03-19 10:05:00,501 [ERROR] data.orderflow_ws: WS error: [Errno 11001] getaddrinfo failed — reconnect in 10s
2026-03-19 10:05:05,672 [ERROR] aiogram.dispatcher: Failed to fetch updates - TelegramNetworkError: HTTP Client says - ClientConnectorDNSError: Cannot connect to host api.telegram.org:443 ssl:default [getaddrinfo failed]
2026-03-19 10:05:05,673 [WARNING] aiogram.dispatcher: Sleep for 5.054066 seconds and try again... (tryings = 901, bot id = 8749354405)
2026-03-19 10:05:10,519 [ERROR] data.orderflow_ws: WS error: [Errno 11001] getaddrinfo failed — reconnect in 10s
2026-03-19 10:05:10,744 [ERROR] aiogram.dispatcher: Failed to fetch updates - TelegramNetworkError: HTTP Client says - ClientConnectorDNSError: Cannot connect to host api.telegram.org:443 ssl:default [getaddrinfo failed]
2026-03-19 10:05:10,745 [WARNING] aiogram.dispatcher: Sleep for 4.926159 seconds and try again... (tryings = 902, bot id = 8749354405)
2026-03-19 10:05:22,596 [ERROR] data.orderflow_ws: WS error: [Errno 11001] getaddrinfo failed — reconnect in 10s
2026-03-19 10:05:27,710 [ERROR] aiogram.dispatcher: Failed to fetch updates - TelegramNetworkError: HTTP Client says - ClientConnectorDNSError: Cannot connect to host api.telegram.org:443 ssl:default [getaddrinfo failed]
2026-03-19 10:05:27,711 [WARNING] aiogram.dispatcher: Sleep for 4.934006 seconds and try again... (tryings = 903, bot id = 8749354405)
2026-03-19 10:05:32,627 [ERROR] data.orderflow_ws: WS error: [Errno 11001] getaddrinfo failed — reconnect in 10s
2026-03-19 10:05:32,653 [ERROR] aiogram.dispatcher: Failed to fetch updates - TelegramNetworkError: HTTP Client says - ClientConnectorDNSError: Cannot connect to host api.telegram.org:443 ssl:default [getaddrinfo failed]
2026-03-19 10:05:32,654 [WARNING] aiogram.dispatcher: Sleep for 5.000121 seconds and try again... (tryings = 904, bot id = 8749354405)
2026-03-19 10:05:37,671 [ERROR] aiogram.dispatcher: Failed to fetch updates - TelegramNetworkError: HTTP Client says - ClientConnectorDNSError: Cannot connect to host api.telegram.org:443 ssl:default [getaddrinfo failed]
2026-03-19 10:05:37,673 [WARNING] aiogram.dispatcher: Sleep for 5.157109 seconds and try again... (tryings = 905, bot id = 8749354405)
2026-03-19 10:05:52,644 [ERROR] data.orderflow_ws: WS error: timed out during opening handshake — reconnect in 10s
2026-03-19 10:05:54,869 [ERROR] aiogram.dispatcher: Failed to fetch updates - TelegramNetworkError: HTTP Client says - ClientConnectorDNSError: Cannot connect to host api.telegram.org:443 ssl:default [getaddrinfo failed]
2026-03-19 10:05:54,870 [WARNING] aiogram.dispatcher: Sleep for 4.919014 seconds and try again... (tryings = 906, bot id = 8749354405)
2026-03-19 10:05:59,795 [ERROR] aiogram.dispatcher: Failed to fetch updates - TelegramNetworkError: HTTP Client says - ClientConnectorDNSError: Cannot connect to host api.telegram.org:443 ssl:default [getaddrinfo failed]
2026-03-19 10:05:59,796 [WARNING] aiogram.dispatcher: Sleep for 5.092703 seconds and try again... (tryings = 907, bot id = 8749354405)
2026-03-19 10:06:02,649 [ERROR] data.orderflow_ws: WS error: [Errno 11001] getaddrinfo failed — reconnect in 10s
2026-03-19 10:06:04,897 [ERROR] aiogram.dispatcher: Failed to fetch updates - TelegramNetworkError: HTTP Client says - ClientConnectorDNSError: Cannot connect to host api.telegram.org:443 ssl:default [getaddrinfo failed]
2026-03-19 10:06:04,898 [WARNING] aiogram.dispatcher: Sleep for 5.004461 seconds and try again... (tryings = 908, bot id = 8749354405)
2026-03-19 10:06:09,919 [ERROR] aiogram.dispatcher: Failed to fetch updates - TelegramNetworkError: HTTP Client says - ClientConnectorDNSError: Cannot connect to host api.telegram.org:443 ssl:default [getaddrinfo failed]
2026-03-19 10:06:09,920 [WARNING] aiogram.dispatcher: Sleep for 5.011916 seconds and try again... (tryings = 909, bot id = 8749354405)
2026-03-19 10:06:12,661 [ERROR] data.orderflow_ws: WS error: [Errno 11001] getaddrinfo failed — reconnect in 10s
2026-03-19 10:06:22,674 [ERROR] data.orderflow_ws: WS error: [Errno 11001] getaddrinfo failed — reconnect in 10s
2026-03-19 10:06:26,963 [ERROR] aiogram.dispatcher: Failed to fetch updates - TelegramNetworkError: HTTP Client says - ClientConnectorDNSError: Cannot connect to host api.telegram.org:443 ssl:default [getaddrinfo failed]
2026-03-19 10:06:26,964 [WARNING] aiogram.dispatcher: Sleep for 5.108358 seconds and try again... (tryings = 910, bot id = 8749354405)
2026-03-19 10:06:32,081 [ERROR] aiogram.dispatcher: Failed to fetch updates - TelegramNetworkError: HTTP Client says - ClientConnectorDNSError: Cannot connect to host api.telegram.org:443 ssl:default [getaddrinfo failed]
2026-03-19 10:06:32,082 [WARNING] aiogram.dispatcher: Sleep for 4.912453 seconds and try again... (tryings = 911, bot id = 8749354405)
2026-03-19 10:06:32,678 [ERROR] data.orderflow_ws: WS error: [Errno 11001] getaddrinfo failed — reconnect in 10s
2026-03-19 10:06:37,010 [ERROR] aiogram.dispatcher: Failed to fetch updates - TelegramNetworkError: HTTP Client says - ClientConnectorDNSError: Cannot connect to host api.telegram.org:443 ssl:default [getaddrinfo failed]
2026-03-19 10:06:37,011 [WARNING] aiogram.dispatcher: Sleep for 4.876152 seconds and try again... (tryings = 912, bot id = 8749354405)
2026-03-19 10:06:52,706 [ERROR] data.orderflow_ws: WS error: timed out during opening handshake — reconnect in 10s
2026-03-19 10:06:53,935 [ERROR] aiogram.dispatcher: Failed to fetch updates - TelegramNetworkError: HTTP Client says - ClientConnectorDNSError: Cannot connect to host api.telegram.org:443 ssl:default [getaddrinfo failed]
2026-03-19 10:06:53,936 [WARNING] aiogram.dispatcher: Sleep for 4.943447 seconds and try again... (tryings = 913, bot id = 8749354405)
2026-03-19 10:06:58,895 [ERROR] aiogram.dispatcher: Failed to fetch updates - TelegramNetworkError: HTTP Client says - ClientConnectorDNSError: Cannot connect to host api.telegram.org:443 ssl:default [getaddrinfo failed]
2026-03-19 10:06:58,897 [WARNING] aiogram.dispatcher: Sleep for 4.889106 seconds and try again... (tryings = 914, bot id = 8749354405)
2026-03-19 10:07:02,725 [ERROR] data.orderflow_ws: WS error: [Errno 11001] getaddrinfo failed — reconnect in 10s
2026-03-19 10:07:03,795 [ERROR] aiogram.dispatcher: Failed to fetch updates - TelegramNetworkError: HTTP Client says - ClientConnectorDNSError: Cannot connect to host api.telegram.org:443 ssl:default [getaddrinfo failed]
2026-03-19 10:07:03,796 [WARNING] aiogram.dispatcher: Sleep for 4.895767 seconds and try again... (tryings = 915, bot id = 8749354405)
2026-03-19 10:07:12,756 [ERROR] data.orderflow_ws: WS error: [Errno 11001] getaddrinfo failed — reconnect in 10s
2026-03-19 10:07:20,729 [ERROR] aiogram.dispatcher: Failed to fetch updates - TelegramNetworkError: HTTP Client says - ClientConnectorDNSError: Cannot connect to host api.telegram.org:443 ssl:default [getaddrinfo failed]
2026-03-19 10:07:20,730 [WARNING] aiogram.dispatcher: Sleep for 5.009772 seconds and try again... (tryings = 916, bot id = 8749354405)
2026-03-19 10:07:22,759 [ERROR] data.orderflow_ws: WS error: [Errno 11001] getaddrinfo failed — reconnect in 10s
2026-03-19 10:07:25,754 [ERROR] aiogram.dispatcher: Failed to fetch updates - TelegramNetworkError: HTTP Client says - ClientConnectorDNSError: Cannot connect to host api.telegram.org:443 ssl:default [getaddrinfo failed]
2026-03-19 10:07:25,755 [WARNING] aiogram.dispatcher: Sleep for 5.066569 seconds and try again... (tryings = 917, bot id = 8749354405)
2026-03-19 10:07:30,831 [ERROR] aiogram.dispatcher: Failed to fetch updates - TelegramNetworkError: HTTP Client says - ClientConnectorDNSError: Cannot connect to host api.telegram.org:443 ssl:default [getaddrinfo failed]
2026-03-19 10:07:30,832 [WARNING] aiogram.dispatcher: Sleep for 5.030966 seconds and try again... (tryings = 918, bot id = 8749354405)
2026-03-19 10:07:32,764 [ERROR] data.orderflow_ws: WS error: [Errno 11001] getaddrinfo failed — reconnect in 10s
2026-03-19 10:07:47,930 [ERROR] aiogram.dispatcher: Failed to fetch updates - TelegramNetworkError: HTTP Client says - ClientConnectorDNSError: Cannot connect to host api.telegram.org:443 ssl:default [getaddrinfo failed]
2026-03-19 10:07:47,931 [WARNING] aiogram.dispatcher: Sleep for 5.157686 seconds and try again... (tryings = 919, bot id = 8749354405)
2026-03-19 10:07:52,782 [ERROR] data.orderflow_ws: WS error: timed out during opening handshake — reconnect in 10s
2026-03-19 10:07:53,106 [ERROR] aiogram.dispatcher: Failed to fetch updates - TelegramNetworkError: HTTP Client says - ClientConnectorDNSError: Cannot connect to host api.telegram.org:443 ssl:default [getaddrinfo failed]
2026-03-19 10:07:53,107 [WARNING] aiogram.dispatcher: Sleep for 5.018616 seconds and try again... (tryings = 920, bot id = 8749354405)
2026-03-19 10:07:58,135 [ERROR] aiogram.dispatcher: Failed to fetch updates - TelegramNetworkError: HTTP Client says - ClientConnectorDNSError: Cannot connect to host api.telegram.org:443 ssl:default [getaddrinfo failed]
2026-03-19 10:07:58,136 [WARNING] aiogram.dispatcher: Sleep for 5.026435 seconds and try again... (tryings = 921, bot id = 8749354405)
2026-03-19 10:08:10,174 [ERROR] aiogram.dispatcher: Failed to fetch updates - TelegramNetworkError: HTTP Client says - ClientConnectorDNSError: Cannot connect to host api.telegram.org:443 ssl:default [getaddrinfo failed]
2026-03-19 10:08:10,175 [WARNING] aiogram.dispatcher: Sleep for 4.887759 seconds and try again... (tryings = 922, bot id = 8749354405)
2026-03-19 10:08:12,810 [ERROR] data.orderflow_ws: WS error: timed out during opening handshake — reconnect in 10s
2026-03-19 10:08:15,075 [ERROR] aiogram.dispatcher: Failed to fetch updates - TelegramNetworkError: HTTP Client says - ClientConnectorDNSError: Cannot connect to host api.telegram.org:443 ssl:default [getaddrinfo failed]
2026-03-19 10:08:15,076 [WARNING] aiogram.dispatcher: Sleep for 4.945864 seconds and try again... (tryings = 923, bot id = 8749354405)
2026-03-19 10:08:22,827 [ERROR] data.orderflow_ws: WS error: [Errno 11001] getaddrinfo failed — reconnect in 10s
2026-03-19 10:08:32,115 [ERROR] aiogram.dispatcher: Failed to fetch updates - TelegramNetworkError: HTTP Client says - ClientConnectorDNSError: Cannot connect to host api.telegram.org:443 ssl:default [getaddrinfo failed]
2026-03-19 10:08:32,116 [WARNING] aiogram.dispatcher: Sleep for 4.974825 seconds and try again... (tryings = 924, bot id = 8749354405)
2026-03-19 10:08:32,837 [ERROR] data.orderflow_ws: WS error: [Errno 11001] getaddrinfo failed — reconnect in 10s
2026-03-19 10:08:37,106 [ERROR] aiogram.dispatcher: Failed to fetch updates - TelegramNetworkError: HTTP Client says - ClientConnectorDNSError: Cannot connect to host api.telegram.org:443 ssl:default [getaddrinfo failed]
2026-03-19 10:08:37,107 [WARNING] aiogram.dispatcher: Sleep for 4.976141 seconds and try again... (tryings = 925, bot id = 8749354405)
2026-03-19 10:08:52,853 [ERROR] data.orderflow_ws: WS error: timed out during opening handshake — reconnect in 10s
2026-03-19 10:08:54,136 [ERROR] aiogram.dispatcher: Failed to fetch updates - TelegramNetworkError: HTTP Client says - ClientConnectorDNSError: Cannot connect to host api.telegram.org:443 ssl:default [getaddrinfo failed]
2026-03-19 10:08:54,138 [WARNING] aiogram.dispatcher: Sleep for 5.046221 seconds and try again... (tryings = 926, bot id = 8749354405)
2026-03-19 10:08:59,196 [ERROR] aiogram.dispatcher: Failed to fetch updates - TelegramNetworkError: HTTP Client says - ClientConnectorDNSError: Cannot connect to host api.telegram.org:443 ssl:default [getaddrinfo failed]
2026-03-19 10:08:59,197 [WARNING] aiogram.dispatcher: Sleep for 5.071069 seconds and try again... (tryings = 927, bot id = 8749354405)
2026-03-19 10:09:02,871 [ERROR] data.orderflow_ws: WS error: [Errno 11001] getaddrinfo failed — reconnect in 10s
2026-03-19 10:09:04,280 [ERROR] aiogram.dispatcher: Failed to fetch updates - TelegramNetworkError: HTTP Client says - ClientConnectorDNSError: Cannot connect to host api.telegram.org:443 ssl:default [getaddrinfo failed]
2026-03-19 10:09:04,281 [WARNING] aiogram.dispatcher: Sleep for 4.986680 seconds and try again... (tryings = 928, bot id = 8749354405)
2026-03-19 10:09:14,914 [ERROR] data.orderflow_ws: WS error: [Errno 11001] getaddrinfo failed — reconnect in 10s
2026-03-19 10:09:21,342 [ERROR] aiogram.dispatcher: Failed to fetch updates - TelegramNetworkError: HTTP Client says - ClientConnectorDNSError: Cannot connect to host api.telegram.org:443 ssl:default [getaddrinfo failed]
2026-03-19 10:09:21,344 [WARNING] aiogram.dispatcher: Sleep for 5.003934 seconds and try again... (tryings = 929, bot id = 8749354405)
2026-03-19 10:09:24,919 [ERROR] data.orderflow_ws: WS error: [Errno 11001] getaddrinfo failed — reconnect in 10s
2026-03-19 10:09:38,395 [ERROR] aiogram.dispatcher: Failed to fetch updates - TelegramNetworkError: HTTP Client says - ClientConnectorDNSError: Cannot connect to host api.telegram.org:443 ssl:default [getaddrinfo failed]
2026-03-19 10:09:38,396 [WARNING] aiogram.dispatcher: Sleep for 5.012280 seconds and try again... (tryings = 930, bot id = 8749354405)
2026-03-19 10:09:43,420 [ERROR] aiogram.dispatcher: Failed to fetch updates - TelegramNetworkError: HTTP Client says - ClientConnectorDNSError: Cannot connect to host api.telegram.org:443 ssl:default [getaddrinfo failed]
2026-03-19 10:09:43,421 [WARNING] aiogram.dispatcher: Sleep for 4.879123 seconds and try again... (tryings = 931, bot id = 8749354405)
2026-03-19 10:09:44,936 [ERROR] data.orderflow_ws: WS error: timed out during opening handshake — reconnect in 10s
2026-03-19 10:09:48,308 [ERROR] aiogram.dispatcher: Failed to fetch updates - TelegramNetworkError: HTTP Client says - ClientConnectorDNSError: Cannot connect to host api.telegram.org:443 ssl:default [getaddrinfo failed]
2026-03-19 10:09:48,310 [WARNING] aiogram.dispatcher: Sleep for 5.046007 seconds and try again... (tryings = 932, bot id = 8749354405)
2026-03-19 10:09:54,952 [ERROR] data.orderflow_ws: WS error: [Errno 11001] getaddrinfo failed — reconnect in 10s
2026-03-19 10:10:05,435 [ERROR] aiogram.dispatcher: Failed to fetch updates - TelegramNetworkError: HTTP Client says - ClientConnectorDNSError: Cannot connect to host api.telegram.org:443 ssl:default [getaddrinfo failed]
2026-03-19 10:10:05,436 [WARNING] aiogram.dispatcher: Sleep for 4.953248 seconds and try again... (tryings = 933, bot id = 8749354405)
2026-03-19 10:10:10,406 [ERROR] aiogram.dispatcher: Failed to fetch updates - TelegramNetworkError: HTTP Client says - ClientConnectorDNSError: Cannot connect to host api.telegram.org:443 ssl:default [getaddrinfo failed]
2026-03-19 10:10:10,407 [WARNING] aiogram.dispatcher: Sleep for 4.934064 seconds and try again... (tryings = 934, bot id = 8749354405)
2026-03-19 10:10:14,970 [ERROR] data.orderflow_ws: WS error: timed out during opening handshake — reconnect in 10s
2026-03-19 10:10:15,350 [ERROR] aiogram.dispatcher: Failed to fetch updates - TelegramNetworkError: HTTP Client says - ClientConnectorDNSError: Cannot connect to host api.telegram.org:443 ssl:default [getaddrinfo failed]
2026-03-19 10:10:15,351 [WARNING] aiogram.dispatcher: Sleep for 4.906263 seconds and try again... (tryings = 935, bot id = 8749354405)
2026-03-19 10:10:20,264 [ERROR] aiogram.dispatcher: Failed to fetch updates - TelegramNetworkError: HTTP Client says - ClientConnectorDNSError: Cannot connect to host api.telegram.org:443 ssl:default [getaddrinfo failed]
2026-03-19 10:10:20,265 [WARNING] aiogram.dispatcher: Sleep for 4.914063 seconds and try again... (tryings = 936, bot id = 8749354405)
2026-03-19 10:10:35,003 [ERROR] data.orderflow_ws: WS error: timed out during opening handshake — reconnect in 10s
2026-03-19 10:10:37,237 [ERROR] aiogram.dispatcher: Failed to fetch updates - TelegramNetworkError: HTTP Client says - ClientConnectorDNSError: Cannot connect to host api.telegram.org:443 ssl:default [getaddrinfo failed]
2026-03-19 10:10:37,238 [WARNING] aiogram.dispatcher: Sleep for 5.076814 seconds and try again... (tryings = 937, bot id = 8749354405)
2026-03-19 10:10:45,009 [ERROR] data.orderflow_ws: WS error: [Errno 11001] getaddrinfo failed — reconnect in 10s
2026-03-19 10:10:54,372 [ERROR] aiogram.dispatcher: Failed to fetch updates - TelegramNetworkError: HTTP Client says - ClientConnectorDNSError: Cannot connect to host api.telegram.org:443 ssl:default [getaddrinfo failed]
2026-03-19 10:10:54,373 [WARNING] aiogram.dispatcher: Sleep for 5.137208 seconds and try again... (tryings = 938, bot id = 8749354405)
2026-03-19 10:10:55,015 [ERROR] data.orderflow_ws: WS error: [Errno 11001] getaddrinfo failed — reconnect in 10s
2026-03-19 10:10:59,519 [ERROR] aiogram.dispatcher: Failed to fetch updates - TelegramNetworkError: HTTP Client says - ClientConnectorDNSError: Cannot connect to host api.telegram.org:443 ssl:default [getaddrinfo failed]
2026-03-19 10:10:59,520 [WARNING] aiogram.dispatcher: Sleep for 5.008586 seconds and try again... (tryings = 939, bot id = 8749354405)
2026-03-19 10:11:15,021 [ERROR] data.orderflow_ws: WS error: timed out during opening handshake — reconnect in 10s
2026-03-19 10:11:16,573 [ERROR] aiogram.dispatcher: Failed to fetch updates - TelegramNetworkError: HTTP Client says - ClientConnectorDNSError: Cannot connect to host api.telegram.org:443 ssl:default [getaddrinfo failed]
2026-03-19 10:11:16,574 [WARNING] aiogram.dispatcher: Sleep for 4.849170 seconds and try again... (tryings = 940, bot id = 8749354405)
2026-03-19 10:11:21,442 [ERROR] aiogram.dispatcher: Failed to fetch updates - TelegramNetworkError: HTTP Client says - ClientConnectorDNSError: Cannot connect to host api.telegram.org:443 ssl:default [getaddrinfo failed]
2026-03-19 10:11:21,443 [WARNING] aiogram.dispatcher: Sleep for 4.965810 seconds and try again... (tryings = 941, bot id = 8749354405)
2026-03-19 10:11:35,033 [ERROR] data.orderflow_ws: WS error: timed out during opening handshake — reconnect in 10s
2026-03-19 10:11:38,464 [ERROR] aiogram.dispatcher: Failed to fetch updates - TelegramNetworkError: HTTP Client says - ClientConnectorDNSError: Cannot connect to host api.telegram.org:443 ssl:default [getaddrinfo failed]
2026-03-19 10:11:38,465 [WARNING] aiogram.dispatcher: Sleep for 5.010030 seconds and try again... (tryings = 942, bot id = 8749354405)
2026-03-19 10:11:45,057 [ERROR] data.orderflow_ws: WS error: [Errno 11001] getaddrinfo failed — reconnect in 10s
2026-03-19 10:11:55,533 [ERROR] aiogram.dispatcher: Failed to fetch updates - TelegramNetworkError: HTTP Client says - ClientConnectorDNSError: Cannot connect to host api.telegram.org:443 ssl:default [getaddrinfo failed]
2026-03-19 10:11:55,534 [WARNING] aiogram.dispatcher: Sleep for 4.993362 seconds and try again... (tryings = 943, bot id = 8749354405)
2026-03-19 10:12:00,546 [ERROR] aiogram.dispatcher: Failed to fetch updates - TelegramNetworkError: HTTP Client says - ClientConnectorDNSError: Cannot connect to host api.telegram.org:443 ssl:default [getaddrinfo failed]
2026-03-19 10:12:00,547 [WARNING] aiogram.dispatcher: Sleep for 5.001245 seconds and try again... (tryings = 944, bot id = 8749354405)
2026-03-19 10:12:05,082 [ERROR] data.orderflow_ws: WS error: timed out during opening handshake — reconnect in 10s
2026-03-19 10:12:17,649 [ERROR] aiogram.dispatcher: Failed to fetch updates - TelegramNetworkError: HTTP Client says - ClientConnectorDNSError: Cannot connect to host api.telegram.org:443 ssl:default [getaddrinfo failed]
2026-03-19 10:12:17,651 [WARNING] aiogram.dispatcher: Sleep for 5.094468 seconds and try again... (tryings = 945, bot id = 8749354405)
2026-03-19 10:12:22,758 [ERROR] aiogram.dispatcher: Failed to fetch updates - TelegramNetworkError: HTTP Client says - ClientConnectorDNSError: Cannot connect to host api.telegram.org:443 ssl:default [getaddrinfo failed]
2026-03-19 10:12:22,759 [WARNING] aiogram.dispatcher: Sleep for 4.932157 seconds and try again... (tryings = 946, bot id = 8749354405)
2026-03-19 10:12:25,119 [ERROR] data.orderflow_ws: WS error: timed out during opening handshake — reconnect in 10s
2026-03-19 10:12:27,701 [ERROR] aiogram.dispatcher: Failed to fetch updates - TelegramNetworkError: HTTP Client says - ClientConnectorDNSError: Cannot connect to host api.telegram.org:443 ssl:default [getaddrinfo failed]
2026-03-19 10:12:27,703 [WARNING] aiogram.dispatcher: Sleep for 4.987799 seconds and try again... (tryings = 947, bot id = 8749354405)
2026-03-19 10:12:34,803 [ERROR] aiogram.dispatcher: Failed to fetch updates - TelegramNetworkError: HTTP Client says - ClientConnectorDNSError: Cannot connect to host api.telegram.org:443 ssl:default [getaddrinfo failed]
2026-03-19 10:12:34,804 [WARNING] aiogram.dispatcher: Sleep for 4.912519 seconds and try again... (tryings = 948, bot id = 8749354405)
2026-03-19 10:12:35,132 [ERROR] data.orderflow_ws: WS error: [Errno 11001] getaddrinfo failed — reconnect in 10s
2026-03-19 10:12:39,734 [ERROR] aiogram.dispatcher: Failed to fetch updates - TelegramNetworkError: HTTP Client says - ClientConnectorDNSError: Cannot connect to host api.telegram.org:443 ssl:default [getaddrinfo failed]
2026-03-19 10:12:39,736 [WARNING] aiogram.dispatcher: Sleep for 4.985810 seconds and try again... (tryings = 949, bot id = 8749354405)
2026-03-19 10:12:47,192 [ERROR] data.orderflow_ws: WS error: [Errno 11001] getaddrinfo failed — reconnect in 10s
2026-03-19 10:12:56,785 [ERROR] aiogram.dispatcher: Failed to fetch updates - TelegramNetworkError: HTTP Client says - ClientConnectorDNSError: Cannot connect to host api.telegram.org:443 ssl:default [getaddrinfo failed]
2026-03-19 10:12:56,786 [WARNING] aiogram.dispatcher: Sleep for 4.906678 seconds and try again... (tryings = 950, bot id = 8749354405)
2026-03-19 10:12:57,197 [ERROR] data.orderflow_ws: WS error: [Errno 11001] getaddrinfo failed — reconnect in 10s
2026-03-19 10:13:01,706 [ERROR] aiogram.dispatcher: Failed to fetch updates - TelegramNetworkError: HTTP Client says - ClientConnectorDNSError: Cannot connect to host api.telegram.org:443 ssl:default [getaddrinfo failed]
2026-03-19 10:13:01,707 [WARNING] aiogram.dispatcher: Sleep for 4.963202 seconds and try again... (tryings = 951, bot id = 8749354405)
2026-03-19 10:13:06,675 [ERROR] aiogram.dispatcher: Failed to fetch updates - TelegramNetworkError: HTTP Client says - ClientConnectorDNSError: Cannot connect to host api.telegram.org:443 ssl:default [getaddrinfo failed]
2026-03-19 10:13:06,676 [WARNING] aiogram.dispatcher: Sleep for 4.925563 seconds and try again... (tryings = 952, bot id = 8749354405)
2026-03-19 10:13:07,201 [ERROR] data.orderflow_ws: WS error: [Errno 11001] getaddrinfo failed — reconnect in 10s
2026-03-19 10:13:17,215 [ERROR] data.orderflow_ws: WS error: [Errno 11001] getaddrinfo failed — reconnect in 10s
2026-03-19 10:13:23,652 [ERROR] aiogram.dispatcher: Failed to fetch updates - TelegramNetworkError: HTTP Client says - ClientConnectorDNSError: Cannot connect to host api.telegram.org:443 ssl:default [getaddrinfo failed]
2026-03-19 10:13:23,653 [WARNING] aiogram.dispatcher: Sleep for 4.948245 seconds and try again... (tryings = 953, bot id = 8749354405)
2026-03-19 10:13:27,220 [ERROR] data.orderflow_ws: WS error: [Errno 11001] getaddrinfo failed — reconnect in 10s
2026-03-19 10:13:28,613 [ERROR] aiogram.dispatcher: Failed to fetch updates - TelegramNetworkError: HTTP Client says - ClientConnectorDNSError: Cannot connect to host api.telegram.org:443 ssl:default [getaddrinfo failed]
2026-03-19 10:13:28,614 [WARNING] aiogram.dispatcher: Sleep for 5.044920 seconds and try again... (tryings = 954, bot id = 8749354405)
2026-03-19 10:13:37,235 [ERROR] data.orderflow_ws: WS error: [Errno 11001] getaddrinfo failed — reconnect in 10s
2026-03-19 10:13:45,717 [ERROR] aiogram.dispatcher: Failed to fetch updates - TelegramNetworkError: HTTP Client says - ClientConnectorDNSError: Cannot connect to host api.telegram.org:443 ssl:default [getaddrinfo failed]
2026-03-19 10:13:45,718 [WARNING] aiogram.dispatcher: Sleep for 4.966289 seconds and try again... (tryings = 955, bot id = 8749354405)
2026-03-19 10:13:47,251 [ERROR] data.orderflow_ws: WS error: [Errno 11001] getaddrinfo failed — reconnect in 10s
2026-03-19 10:13:50,691 [ERROR] aiogram.dispatcher: Failed to fetch updates - TelegramNetworkError: HTTP Client says - ClientConnectorDNSError: Cannot connect to host api.telegram.org:443 ssl:default [getaddrinfo failed]
2026-03-19 10:13:50,692 [WARNING] aiogram.dispatcher: Sleep for 4.942001 seconds and try again... (tryings = 956, bot id = 8749354405)
2026-03-19 10:13:55,651 [ERROR] aiogram.dispatcher: Failed to fetch updates - TelegramNetworkError: HTTP Client says - ClientConnectorDNSError: Cannot connect to host api.telegram.org:443 ssl:default [getaddrinfo failed]
2026-03-19 10:13:55,652 [WARNING] aiogram.dispatcher: Sleep for 5.065244 seconds and try again... (tryings = 957, bot id = 8749354405)
2026-03-19 10:13:57,266 [ERROR] data.orderflow_ws: WS error: [Errno 11001] getaddrinfo failed — reconnect in 10s
2026-03-19 10:14:07,283 [ERROR] data.orderflow_ws: WS error: [Errno 11001] getaddrinfo failed — reconnect in 10s
2026-03-19 10:14:12,773 [ERROR] aiogram.dispatcher: Failed to fetch updates - TelegramNetworkError: HTTP Client says - ClientConnectorDNSError: Cannot connect to host api.telegram.org:443 ssl:default [getaddrinfo failed]
2026-03-19 10:14:12,774 [WARNING] aiogram.dispatcher: Sleep for 5.031403 seconds and try again... (tryings = 958, bot id = 8749354405)
2026-03-19 10:14:17,296 [ERROR] data.orderflow_ws: WS error: [Errno 11001] getaddrinfo failed — reconnect in 10s
2026-03-19 10:14:27,302 [ERROR] data.orderflow_ws: WS error: [Errno 11001] getaddrinfo failed — reconnect in 10s
2026-03-19 10:14:29,863 [ERROR] aiogram.dispatcher: Failed to fetch updates - TelegramNetworkError: HTTP Client says - ClientConnectorDNSError: Cannot connect to host api.telegram.org:443 ssl:default [getaddrinfo failed]
2026-03-19 10:14:29,864 [WARNING] aiogram.dispatcher: Sleep for 4.890579 seconds and try again... (tryings = 959, bot id = 8749354405)
2026-03-19 10:14:34,767 [ERROR] aiogram.dispatcher: Failed to fetch updates - TelegramNetworkError: HTTP Client says - ClientConnectorDNSError: Cannot connect to host api.telegram.org:443 ssl:default [getaddrinfo failed]
2026-03-19 10:14:34,768 [WARNING] aiogram.dispatcher: Sleep for 4.811250 seconds and try again... (tryings = 960, bot id = 8749354405)
2026-03-19 10:14:47,315 [ERROR] data.orderflow_ws: WS error: timed out during opening handshake — reconnect in 10s
2026-03-19 10:14:51,654 [ERROR] aiogram.dispatcher: Failed to fetch updates - TelegramNetworkError: HTTP Client says - ClientConnectorDNSError: Cannot connect to host api.telegram.org:443 ssl:default [getaddrinfo failed]
2026-03-19 10:14:51,655 [WARNING] aiogram.dispatcher: Sleep for 4.944575 seconds and try again... (tryings = 961, bot id = 8749354405)
2026-03-19 10:14:56,628 [ERROR] aiogram.dispatcher: Failed to fetch updates - TelegramNetworkError: HTTP Client says - ClientConnectorDNSError: Cannot connect to host api.telegram.org:443 ssl:default [getaddrinfo failed]
2026-03-19 10:14:56,629 [WARNING] aiogram.dispatcher: Sleep for 5.038841 seconds and try again... (tryings = 962, bot id = 8749354405)
2026-03-19 10:14:57,321 [ERROR] data.orderflow_ws: WS error: [Errno 11001] getaddrinfo failed — reconnect in 10s
2026-03-19 10:15:01,677 [ERROR] aiogram.dispatcher: Failed to fetch updates - TelegramNetworkError: HTTP Client says - ClientConnectorDNSError: Cannot connect to host api.telegram.org:443 ssl:default [getaddrinfo failed]
2026-03-19 10:15:01,678 [WARNING] aiogram.dispatcher: Sleep for 5.052292 seconds and try again... (tryings = 963, bot id = 8749354405)
2026-03-19 10:15:03,011 [INFO] apscheduler.executors.default: Running job "analysis_cycle (trigger: cron[minute='*/15', second='3'], next run at: 2026-03-19 10:30:03 MSK)" (scheduled at 2026-03-19 10:15:03+03:00)
2026-03-19 10:15:03,013 [INFO] __main__: ── Analysis cycle start ──────────────────
2026-03-19 10:15:16,290 [ERROR] engine.pipeline: Candle load failed: 
2026-03-19 10:15:16,290 [INFO] apscheduler.executors.default: Job "analysis_cycle (trigger: cron[minute='*/15', second='3'], next run at: 2026-03-19 10:30:03 MSK)" executed successfully
2026-03-19 10:15:17,337 [ERROR] data.orderflow_ws: WS error: timed out during opening handshake — reconnect in 10s
2026-03-19 10:15:18,071 [ERROR] asyncio: gaierror exception in shielded future
future: <Task finished name='Task-1063' coro=<TCPConnector._resolve_host_with_throttle() done, defined at C:\Users\89118\AppData\Roaming\Python\Python314\site-packages\aiohttp\connector.py:1188> exception=gaierror(11001, 'getaddrinfo failed')>
Traceback (most recent call last):
  File "C:\Users\89118\AppData\Roaming\Python\Python314\site-packages\aiohttp\connector.py", line 1209, in _resolve_host_with_throttle
    addrs = await self._resolver.resolve(host, port, family=self._family)
            ^^^^^^^^^^^^^^^^^^^^^^^^^^^^^^^^^^^^^^^^^^^^^^^^^^^^^^^^^^^^^
  File "C:\Users\89118\AppData\Roaming\Python\Python314\site-packages\aiohttp\resolver.py", line 40, in resolve
    infos = await self._loop.getaddrinfo(
            ^^^^^^^^^^^^^^^^^^^^^^^^^^^^^
    ...<5 lines>...
    )
    ^
  File "C:\Python314\Lib\asyncio\base_events.py", line 936, in getaddrinfo
    return await self.run_in_executor(
           ^^^^^^^^^^^^^^^^^^^^^^^^^^^
        None, getaddr_func, host, port, family, type, proto, flags)
        ^^^^^^^^^^^^^^^^^^^^^^^^^^^^^^^^^^^^^^^^^^^^^^^^^^^^^^^^^^^
  File "C:\Python314\Lib\concurrent\futures\thread.py", line 86, in run
    result = ctx.run(self.task)
  File "C:\Python314\Lib\concurrent\futures\thread.py", line 73, in run
    return fn(*args, **kwargs)
  File "C:\Python314\Lib\socket.py", line 983, in getaddrinfo
    for res in _socket.getaddrinfo(host, port, family, type, proto, flags):
               ~~~~~~~~~~~~~~~~~~~^^^^^^^^^^^^^^^^^^^^^^^^^^^^^^^^^^^^^^^^
socket.gaierror: [Errno 11001] getaddrinfo failed
2026-03-19 10:15:18,814 [ERROR] aiogram.dispatcher: Failed to fetch updates - TelegramNetworkError: HTTP Client says - ClientConnectorDNSError: Cannot connect to host api.telegram.org:443 ssl:default [getaddrinfo failed]
2026-03-19 10:15:18,815 [WARNING] aiogram.dispatcher: Sleep for 4.900931 seconds and try again... (tryings = 964, bot id = 8749354405)
2026-03-19 10:15:23,725 [ERROR] aiogram.dispatcher: Failed to fetch updates - TelegramNetworkError: HTTP Client says - ClientConnectorDNSError: Cannot connect to host api.telegram.org:443 ssl:default [getaddrinfo failed]
2026-03-19 10:15:23,727 [WARNING] aiogram.dispatcher: Sleep for 4.914636 seconds and try again... (tryings = 965, bot id = 8749354405)
2026-03-19 10:15:27,355 [ERROR] data.orderflow_ws: WS error: [Errno 11001] getaddrinfo failed — reconnect in 10s
2026-03-19 10:15:37,361 [ERROR] data.orderflow_ws: WS error: [Errno 11001] getaddrinfo failed — reconnect in 10s
2026-03-19 10:15:40,681 [ERROR] aiogram.dispatcher: Failed to fetch updates - TelegramNetworkError: HTTP Client says - ClientConnectorDNSError: Cannot connect to host api.telegram.org:443 ssl:default [getaddrinfo failed]
2026-03-19 10:15:40,682 [WARNING] aiogram.dispatcher: Sleep for 4.926640 seconds and try again... (tryings = 966, bot id = 8749354405)
2026-03-19 10:15:45,618 [ERROR] aiogram.dispatcher: Failed to fetch updates - TelegramNetworkError: HTTP Client says - ClientConnectorDNSError: Cannot connect to host api.telegram.org:443 ssl:default [getaddrinfo failed]
2026-03-19 10:15:45,619 [WARNING] aiogram.dispatcher: Sleep for 4.920050 seconds and try again... (tryings = 967, bot id = 8749354405)
2026-03-19 10:15:47,377 [ERROR] data.orderflow_ws: WS error: [Errno 11001] getaddrinfo failed — reconnect in 10s
2026-03-19 10:15:50,546 [ERROR] aiogram.dispatcher: Failed to fetch updates - TelegramNetworkError: HTTP Client says - ClientConnectorDNSError: Cannot connect to host api.telegram.org:443 ssl:default [getaddrinfo failed]
2026-03-19 10:15:50,547 [WARNING] aiogram.dispatcher: Sleep for 5.053403 seconds and try again... (tryings = 968, bot id = 8749354405)
2026-03-19 10:16:07,392 [ERROR] data.orderflow_ws: WS error: timed out during opening handshake — reconnect in 10s
2026-03-19 10:16:07,639 [ERROR] aiogram.dispatcher: Failed to fetch updates - TelegramNetworkError: HTTP Client says - ClientConnectorDNSError: Cannot connect to host api.telegram.org:443 ssl:default [getaddrinfo failed]
2026-03-19 10:16:07,639 [WARNING] aiogram.dispatcher: Sleep for 5.048346 seconds and try again... (tryings = 969, bot id = 8749354405)
2026-03-19 10:16:12,691 [ERROR] aiogram.dispatcher: Failed to fetch updates - TelegramNetworkError: HTTP Client says - ClientConnectorDNSError: Cannot connect to host api.telegram.org:443 ssl:default [getaddrinfo failed]
2026-03-19 10:16:12,692 [WARNING] aiogram.dispatcher: Sleep for 4.937143 seconds and try again... (tryings = 970, bot id = 8749354405)
2026-03-19 10:16:17,407 [ERROR] data.orderflow_ws: WS error: [Errno 11001] getaddrinfo failed — reconnect in 10s
2026-03-19 10:16:17,638 [ERROR] aiogram.dispatcher: Failed to fetch updates - TelegramNetworkError: HTTP Client says - ClientConnectorDNSError: Cannot connect to host api.telegram.org:443 ssl:default [getaddrinfo failed]
2026-03-19 10:16:17,639 [WARNING] aiogram.dispatcher: Sleep for 4.976603 seconds and try again... (tryings = 971, bot id = 8749354405)
2026-03-19 10:16:27,417 [ERROR] data.orderflow_ws: WS error: [Errno 11001] getaddrinfo failed — reconnect in 10s
2026-03-19 10:16:34,650 [ERROR] aiogram.dispatcher: Failed to fetch updates - TelegramNetworkError: HTTP Client says - ClientConnectorDNSError: Cannot connect to host api.telegram.org:443 ssl:default [getaddrinfo failed]
2026-03-19 10:16:34,651 [WARNING] aiogram.dispatcher: Sleep for 4.904682 seconds and try again... (tryings = 972, bot id = 8749354405)
2026-03-19 10:16:37,426 [ERROR] data.orderflow_ws: WS error: [Errno 11001] getaddrinfo failed — reconnect in 10s
2026-03-19 10:16:39,564 [ERROR] aiogram.dispatcher: Failed to fetch updates - TelegramNetworkError: HTTP Client says - ClientConnectorDNSError: Cannot connect to host api.telegram.org:443 ssl:default [getaddrinfo failed]
2026-03-19 10:16:39,565 [WARNING] aiogram.dispatcher: Sleep for 5.090534 seconds and try again... (tryings = 973, bot id = 8749354405)
2026-03-19 10:16:56,706 [ERROR] aiogram.dispatcher: Failed to fetch updates - TelegramNetworkError: HTTP Client says - ClientConnectorDNSError: Cannot connect to host api.telegram.org:443 ssl:default [getaddrinfo failed]
2026-03-19 10:16:56,707 [WARNING] aiogram.dispatcher: Sleep for 4.927425 seconds and try again... (tryings = 974, bot id = 8749354405)
2026-03-19 10:16:57,440 [ERROR] data.orderflow_ws: WS error: timed out during opening handshake — reconnect in 10s
2026-03-19 10:17:01,641 [ERROR] aiogram.dispatcher: Failed to fetch updates - TelegramNetworkError: HTTP Client says - ClientConnectorDNSError: Cannot connect to host api.telegram.org:443 ssl:default [getaddrinfo failed]
2026-03-19 10:17:01,647 [WARNING] aiogram.dispatcher: Sleep for 4.877474 seconds and try again... (tryings = 975, bot id = 8749354405)
2026-03-19 10:17:06,541 [ERROR] aiogram.dispatcher: Failed to fetch updates - TelegramNetworkError: HTTP Client says - ClientConnectorDNSError: Cannot connect to host api.telegram.org:443 ssl:default [getaddrinfo failed]
2026-03-19 10:17:06,544 [WARNING] aiogram.dispatcher: Sleep for 5.010061 seconds and try again... (tryings = 976, bot id = 8749354405)
2026-03-19 10:17:13,684 [ERROR] aiogram.dispatcher: Failed to fetch updates - TelegramNetworkError: HTTP Client says - ClientConnectorDNSError: Cannot connect to host api.telegram.org:443 ssl:default [getaddrinfo failed]
2026-03-19 10:17:13,685 [WARNING] aiogram.dispatcher: Sleep for 5.038038 seconds and try again... (tryings = 977, bot id = 8749354405)
2026-03-19 10:17:17,472 [ERROR] data.orderflow_ws: WS error: timed out during opening handshake — reconnect in 10s
2026-03-19 10:17:27,495 [ERROR] data.orderflow_ws: WS error: [Errno 11001] getaddrinfo failed — reconnect in 10s
2026-03-19 10:17:30,796 [ERROR] aiogram.dispatcher: Failed to fetch updates - TelegramNetworkError: HTTP Client says - ClientConnectorDNSError: Cannot connect to host api.telegram.org:443 ssl:default [getaddrinfo failed]
2026-03-19 10:17:30,797 [WARNING] aiogram.dispatcher: Sleep for 5.113774 seconds and try again... (tryings = 978, bot id = 8749354405)
2026-03-19 10:17:37,515 [ERROR] data.orderflow_ws: WS error: [Errno 11001] getaddrinfo failed — reconnect in 10s
2026-03-19 10:17:47,982 [ERROR] aiogram.dispatcher: Failed to fetch updates - TelegramNetworkError: HTTP Client says - ClientConnectorDNSError: Cannot connect to host api.telegram.org:443 ssl:default [getaddrinfo failed]
2026-03-19 10:17:47,983 [WARNING] aiogram.dispatcher: Sleep for 5.042789 seconds and try again... (tryings = 979, bot id = 8749354405)
2026-03-19 10:17:53,036 [ERROR] aiogram.dispatcher: Failed to fetch updates - TelegramNetworkError: HTTP Client says - ClientConnectorDNSError: Cannot connect to host api.telegram.org:443 ssl:default [getaddrinfo failed]
2026-03-19 10:17:53,037 [WARNING] aiogram.dispatcher: Sleep for 5.048214 seconds and try again... (tryings = 980, bot id = 8749354405)
2026-03-19 10:17:57,538 [ERROR] data.orderflow_ws: WS error: timed out during opening handshake — reconnect in 10s
2026-03-19 10:18:07,545 [ERROR] data.orderflow_ws: WS error: [Errno 11001] getaddrinfo failed — reconnect in 10s
2026-03-19 10:18:10,170 [ERROR] aiogram.dispatcher: Failed to fetch updates - TelegramNetworkError: HTTP Client says - ClientConnectorDNSError: Cannot connect to host api.telegram.org:443 ssl:default [getaddrinfo failed]
2026-03-19 10:18:10,172 [WARNING] aiogram.dispatcher: Sleep for 5.073759 seconds and try again... (tryings = 981, bot id = 8749354405)
2026-03-19 10:18:17,568 [ERROR] data.orderflow_ws: WS error: [Errno 11001] getaddrinfo failed — reconnect in 10s
2026-03-19 10:18:27,315 [ERROR] aiogram.dispatcher: Failed to fetch updates - TelegramNetworkError: HTTP Client says - ClientConnectorDNSError: Cannot connect to host api.telegram.org:443 ssl:default [getaddrinfo failed]
2026-03-19 10:18:27,322 [WARNING] aiogram.dispatcher: Sleep for 4.949957 seconds and try again... (tryings = 982, bot id = 8749354405)
2026-03-19 10:18:27,587 [ERROR] data.orderflow_ws: WS error: [Errno 11001] getaddrinfo failed — reconnect in 10s
2026-03-19 10:18:32,293 [ERROR] aiogram.dispatcher: Failed to fetch updates - TelegramNetworkError: HTTP Client says - ClientConnectorDNSError: Cannot connect to host api.telegram.org:443 ssl:default [getaddrinfo failed]
2026-03-19 10:18:32,296 [WARNING] aiogram.dispatcher: Sleep for 4.960816 seconds and try again... (tryings = 983, bot id = 8749354405)
2026-03-19 10:18:44,332 [ERROR] aiogram.dispatcher: Failed to fetch updates - TelegramNetworkError: HTTP Client says - ClientConnectorDNSError: Cannot connect to host api.telegram.org:443 ssl:default [getaddrinfo failed]
2026-03-19 10:18:44,339 [WARNING] aiogram.dispatcher: Sleep for 5.041374 seconds and try again... (tryings = 984, bot id = 8749354405)
2026-03-19 10:18:47,597 [ERROR] data.orderflow_ws: WS error: timed out during opening handshake — reconnect in 10s
2026-03-19 10:18:57,604 [ERROR] data.orderflow_ws: WS error: [Errno 11001] getaddrinfo failed — reconnect in 10s
2026-03-19 10:19:01,491 [ERROR] aiogram.dispatcher: Failed to fetch updates - TelegramNetworkError: HTTP Client says - ClientConnectorDNSError: Cannot connect to host api.telegram.org:443 ssl:default [getaddrinfo failed]
2026-03-19 10:19:01,492 [WARNING] aiogram.dispatcher: Sleep for 4.907940 seconds and try again... (tryings = 985, bot id = 8749354405)
2026-03-19 10:19:06,413 [ERROR] aiogram.dispatcher: Failed to fetch updates - TelegramNetworkError: HTTP Client says - ClientConnectorDNSError: Cannot connect to host api.telegram.org:443 ssl:default [getaddrinfo failed]
2026-03-19 10:19:06,414 [WARNING] aiogram.dispatcher: Sleep for 5.034762 seconds and try again... (tryings = 986, bot id = 8749354405)
2026-03-19 10:19:11,468 [ERROR] aiogram.dispatcher: Failed to fetch updates - TelegramNetworkError: HTTP Client says - ClientConnectorDNSError: Cannot connect to host api.telegram.org:443 ssl:default [getaddrinfo failed]
2026-03-19 10:19:11,473 [WARNING] aiogram.dispatcher: Sleep for 5.023235 seconds and try again... (tryings = 987, bot id = 8749354405)
2026-03-19 10:19:17,619 [ERROR] data.orderflow_ws: WS error: timed out during opening handshake — reconnect in 10s
2026-03-19 10:19:28,561 [ERROR] aiogram.dispatcher: Failed to fetch updates - TelegramNetworkError: HTTP Client says - ClientConnectorDNSError: Cannot connect to host api.telegram.org:443 ssl:default [getaddrinfo failed]
2026-03-19 10:19:28,568 [WARNING] aiogram.dispatcher: Sleep for 4.789054 seconds and try again... (tryings = 988, bot id = 8749354405)
2026-03-19 10:19:33,366 [ERROR] aiogram.dispatcher: Failed to fetch updates - TelegramNetworkError: HTTP Client says - ClientConnectorDNSError: Cannot connect to host api.telegram.org:443 ssl:default [getaddrinfo failed]
2026-03-19 10:19:33,367 [WARNING] aiogram.dispatcher: Sleep for 5.086751 seconds and try again... (tryings = 989, bot id = 8749354405)
2026-03-19 10:19:37,642 [ERROR] data.orderflow_ws: WS error: timed out during opening handshake — reconnect in 10s
2026-03-19 10:19:38,461 [ERROR] aiogram.dispatcher: Failed to fetch updates - TelegramNetworkError: HTTP Client says - ClientConnectorDNSError: Cannot connect to host api.telegram.org:443 ssl:default [getaddrinfo failed]
2026-03-19 10:19:38,462 [WARNING] aiogram.dispatcher: Sleep for 5.006044 seconds and try again... (tryings = 990, bot id = 8749354405)
2026-03-19 10:19:43,482 [ERROR] aiogram.dispatcher: Failed to fetch updates - TelegramNetworkError: HTTP Client says - ClientConnectorDNSError: Cannot connect to host api.telegram.org:443 ssl:default [getaddrinfo failed]
2026-03-19 10:19:43,483 [WARNING] aiogram.dispatcher: Sleep for 4.978973 seconds and try again... (tryings = 991, bot id = 8749354405)
2026-03-19 10:19:47,651 [ERROR] data.orderflow_ws: WS error: [Errno 11001] getaddrinfo failed — reconnect in 10s
2026-03-19 10:19:48,479 [ERROR] aiogram.dispatcher: Failed to fetch updates - TelegramNetworkError: HTTP Client says - ClientConnectorDNSError: Cannot connect to host api.telegram.org:443 ssl:default [getaddrinfo failed]
2026-03-19 10:19:48,480 [WARNING] aiogram.dispatcher: Sleep for 5.079816 seconds and try again... (tryings = 992, bot id = 8749354405)
2026-03-19 10:19:57,678 [ERROR] data.orderflow_ws: WS error: [Errno 11001] getaddrinfo failed — reconnect in 10s
2026-03-19 10:20:05,604 [ERROR] aiogram.dispatcher: Failed to fetch updates - TelegramNetworkError: HTTP Client says - ClientConnectorDNSError: Cannot connect to host api.telegram.org:443 ssl:default [getaddrinfo failed]
2026-03-19 10:20:05,605 [WARNING] aiogram.dispatcher: Sleep for 5.144834 seconds and try again... (tryings = 993, bot id = 8749354405)
2026-03-19 10:20:07,696 [ERROR] data.orderflow_ws: WS error: [Errno 11001] getaddrinfo failed — reconnect in 10s
2026-03-19 10:20:22,827 [ERROR] aiogram.dispatcher: Failed to fetch updates - TelegramNetworkError: HTTP Client says - ClientConnectorDNSError: Cannot connect to host api.telegram.org:443 ssl:default [getaddrinfo failed]
2026-03-19 10:20:22,833 [WARNING] aiogram.dispatcher: Sleep for 4.999675 seconds and try again... (tryings = 994, bot id = 8749354405)
2026-03-19 10:20:27,721 [ERROR] data.orderflow_ws: WS error: timed out during opening handshake — reconnect in 10s
2026-03-19 10:20:27,847 [ERROR] aiogram.dispatcher: Failed to fetch updates - TelegramNetworkError: HTTP Client says - ClientConnectorDNSError: Cannot connect to host api.telegram.org:443 ssl:default [getaddrinfo failed]
2026-03-19 10:20:27,850 [WARNING] aiogram.dispatcher: Sleep for 5.056066 seconds and try again... (tryings = 995, bot id = 8749354405)
2026-03-19 10:20:32,930 [ERROR] aiogram.dispatcher: Failed to fetch updates - TelegramNetworkError: HTTP Client says - ClientConnectorDNSError: Cannot connect to host api.telegram.org:443 ssl:default [getaddrinfo failed]
2026-03-19 10:20:32,934 [WARNING] aiogram.dispatcher: Sleep for 5.049279 seconds and try again... (tryings = 996, bot id = 8749354405)
2026-03-19 10:20:37,745 [ERROR] data.orderflow_ws: WS error: [Errno 11001] getaddrinfo failed — reconnect in 10s
2026-03-19 10:20:38,006 [ERROR] aiogram.dispatcher: Failed to fetch updates - TelegramNetworkError: HTTP Client says - ClientConnectorDNSError: Cannot connect to host api.telegram.org:443 ssl:default [getaddrinfo failed]
2026-03-19 10:20:38,011 [WARNING] aiogram.dispatcher: Sleep for 5.065771 seconds and try again... (tryings = 997, bot id = 8749354405)
2026-03-19 10:20:55,162 [ERROR] aiogram.dispatcher: Failed to fetch updates - TelegramNetworkError: HTTP Client says - ClientConnectorDNSError: Cannot connect to host api.telegram.org:443 ssl:default [getaddrinfo failed]
2026-03-19 10:20:55,163 [WARNING] aiogram.dispatcher: Sleep for 4.879527 seconds and try again... (tryings = 998, bot id = 8749354405)
2026-03-19 10:20:57,767 [ERROR] data.orderflow_ws: WS error: timed out during opening handshake — reconnect in 10s
2026-03-19 10:21:00,056 [ERROR] aiogram.dispatcher: Failed to fetch updates - TelegramNetworkError: HTTP Client says - ClientConnectorDNSError: Cannot connect to host api.telegram.org:443 ssl:default [getaddrinfo failed]
2026-03-19 10:21:00,060 [WARNING] aiogram.dispatcher: Sleep for 4.838355 seconds and try again... (tryings = 999, bot id = 8749354405)
2026-03-19 10:21:04,917 [ERROR] aiogram.dispatcher: Failed to fetch updates - TelegramNetworkError: HTTP Client says - ClientConnectorDNSError: Cannot connect to host api.telegram.org:443 ssl:default [getaddrinfo failed]
2026-03-19 10:21:04,918 [WARNING] aiogram.dispatcher: Sleep for 5.200818 seconds and try again... (tryings = 1000, bot id = 8749354405)
2026-03-19 10:21:07,792 [ERROR] data.orderflow_ws: WS error: [Errno 11001] getaddrinfo failed — reconnect in 10s
2026-03-19 10:21:10,123 [ERROR] aiogram.dispatcher: Failed to fetch updates - TelegramNetworkError: HTTP Client says - ClientConnectorDNSError: Cannot connect to host api.telegram.org:443 ssl:default [getaddrinfo failed]
2026-03-19 10:21:10,126 [WARNING] aiogram.dispatcher: Sleep for 5.121501 seconds and try again... (tryings = 1001, bot id = 8749354405)
2026-03-19 10:21:17,799 [ERROR] data.orderflow_ws: WS error: [Errno 11001] getaddrinfo failed — reconnect in 10s
2026-03-19 10:21:27,347 [ERROR] aiogram.dispatcher: Failed to fetch updates - TelegramNetworkError: HTTP Client says - ClientConnectorDNSError: Cannot connect to host api.telegram.org:443 ssl:default [getaddrinfo failed]
2026-03-19 10:21:27,348 [WARNING] aiogram.dispatcher: Sleep for 4.916816 seconds and try again... (tryings = 1002, bot id = 8749354405)
2026-03-19 10:21:27,803 [ERROR] data.orderflow_ws: WS error: [Errno 11001] getaddrinfo failed — reconnect in 10s
2026-03-19 10:21:32,278 [ERROR] aiogram.dispatcher: Failed to fetch updates - TelegramNetworkError: HTTP Client says - ClientConnectorDNSError: Cannot connect to host api.telegram.org:443 ssl:default [getaddrinfo failed]
2026-03-19 10:21:32,279 [WARNING] aiogram.dispatcher: Sleep for 5.287260 seconds and try again... (tryings = 1003, bot id = 8749354405)
2026-03-19 10:21:37,592 [ERROR] aiogram.dispatcher: Failed to fetch updates - TelegramNetworkError: HTTP Client says - ClientConnectorDNSError: Cannot connect to host api.telegram.org:443 ssl:default [getaddrinfo failed]
2026-03-19 10:21:37,593 [WARNING] aiogram.dispatcher: Sleep for 4.937022 seconds and try again... (tryings = 1004, bot id = 8749354405)
2026-03-19 10:21:37,815 [ERROR] data.orderflow_ws: WS error: [Errno 11001] getaddrinfo failed — reconnect in 10s
2026-03-19 10:21:47,823 [ERROR] data.orderflow_ws: WS error: [Errno 11001] getaddrinfo failed — reconnect in 10s
2026-03-19 10:21:54,605 [ERROR] aiogram.dispatcher: Failed to fetch updates - TelegramNetworkError: HTTP Client says - ClientConnectorDNSError: Cannot connect to host api.telegram.org:443 ssl:default [getaddrinfo failed]
2026-03-19 10:21:54,606 [WARNING] aiogram.dispatcher: Sleep for 4.983384 seconds and try again... (tryings = 1005, bot id = 8749354405)
2026-03-19 10:21:57,839 [ERROR] data.orderflow_ws: WS error: [Errno 11001] getaddrinfo failed — reconnect in 10s
2026-03-19 10:21:59,594 [ERROR] aiogram.dispatcher: Failed to fetch updates - TelegramNetworkError: HTTP Client says - ClientConnectorDNSError: Cannot connect to host api.telegram.org:443 ssl:default [getaddrinfo failed]
2026-03-19 10:21:59,595 [WARNING] aiogram.dispatcher: Sleep for 4.905865 seconds and try again... (tryings = 1006, bot id = 8749354405)
2026-03-19 10:22:04,521 [ERROR] aiogram.dispatcher: Failed to fetch updates - TelegramNetworkError: HTTP Client says - ClientConnectorDNSError: Cannot connect to host api.telegram.org:443 ssl:default [getaddrinfo failed]
2026-03-19 10:22:04,522 [WARNING] aiogram.dispatcher: Sleep for 4.919038 seconds and try again... (tryings = 1007, bot id = 8749354405)
2026-03-19 10:22:07,846 [ERROR] data.orderflow_ws: WS error: [Errno 11001] getaddrinfo failed — reconnect in 10s
2026-03-19 10:22:09,458 [ERROR] aiogram.dispatcher: Failed to fetch updates - TelegramNetworkError: HTTP Client says - ClientConnectorDNSError: Cannot connect to host api.telegram.org:443 ssl:default [getaddrinfo failed]
2026-03-19 10:22:09,464 [WARNING] aiogram.dispatcher: Sleep for 5.017547 seconds and try again... (tryings = 1008, bot id = 8749354405)
2026-03-19 10:22:14,500 [ERROR] aiogram.dispatcher: Failed to fetch updates - TelegramNetworkError: HTTP Client says - ClientConnectorDNSError: Cannot connect to host api.telegram.org:443 ssl:default [getaddrinfo failed]
2026-03-19 10:22:14,511 [WARNING] aiogram.dispatcher: Sleep for 5.077151 seconds and try again... (tryings = 1009, bot id = 8749354405)
2026-03-19 10:22:17,855 [ERROR] data.orderflow_ws: WS error: [Errno 11001] getaddrinfo failed — reconnect in 10s
2026-03-19 10:22:27,871 [ERROR] data.orderflow_ws: WS error: [Errno 11001] getaddrinfo failed — reconnect in 10s
2026-03-19 10:22:31,656 [ERROR] aiogram.dispatcher: Failed to fetch updates - TelegramNetworkError: HTTP Client says - ClientConnectorDNSError: Cannot connect to host api.telegram.org:443 ssl:default [getaddrinfo failed]
2026-03-19 10:22:31,657 [WARNING] aiogram.dispatcher: Sleep for 4.887415 seconds and try again... (tryings = 1010, bot id = 8749354405)
2026-03-19 10:22:36,571 [ERROR] aiogram.dispatcher: Failed to fetch updates - TelegramNetworkError: HTTP Client says - ClientConnectorDNSError: Cannot connect to host api.telegram.org:443 ssl:default [getaddrinfo failed]
2026-03-19 10:22:36,575 [WARNING] aiogram.dispatcher: Sleep for 5.053513 seconds and try again... (tryings = 1011, bot id = 8749354405)
2026-03-19 10:22:41,634 [ERROR] aiogram.dispatcher: Failed to fetch updates - TelegramNetworkError: HTTP Client says - ClientConnectorDNSError: Cannot connect to host api.telegram.org:443 ssl:default [getaddrinfo failed]
2026-03-19 10:22:41,636 [WARNING] aiogram.dispatcher: Sleep for 4.977495 seconds and try again... (tryings = 1012, bot id = 8749354405)
2026-03-19 10:22:47,897 [ERROR] data.orderflow_ws: WS error: timed out during opening handshake — reconnect in 10s
2026-03-19 10:22:58,669 [ERROR] aiogram.dispatcher: Failed to fetch updates - TelegramNetworkError: HTTP Client says - ClientConnectorDNSError: Cannot connect to host api.telegram.org:443 ssl:default [getaddrinfo failed]
2026-03-19 10:22:58,670 [WARNING] aiogram.dispatcher: Sleep for 5.003028 seconds and try again... (tryings = 1013, bot id = 8749354405)
2026-03-19 10:23:03,687 [ERROR] aiogram.dispatcher: Failed to fetch updates - TelegramNetworkError: HTTP Client says - ClientConnectorDNSError: Cannot connect to host api.telegram.org:443 ssl:default [getaddrinfo failed]
2026-03-19 10:23:03,687 [WARNING] aiogram.dispatcher: Sleep for 4.900330 seconds and try again... (tryings = 1014, bot id = 8749354405)
2026-03-19 10:23:07,923 [ERROR] data.orderflow_ws: WS error: timed out during opening handshake — reconnect in 10s
2026-03-19 10:23:17,945 [ERROR] data.orderflow_ws: WS error: [Errno 11001] getaddrinfo failed — reconnect in 10s
2026-03-19 10:23:20,642 [ERROR] aiogram.dispatcher: Failed to fetch updates - TelegramNetworkError: HTTP Client says - ClientConnectorDNSError: Cannot connect to host api.telegram.org:443 ssl:default [getaddrinfo failed]
2026-03-19 10:23:20,648 [WARNING] aiogram.dispatcher: Sleep for 4.837713 seconds and try again... (tryings = 1015, bot id = 8749354405)
2026-03-19 10:23:25,496 [ERROR] aiogram.dispatcher: Failed to fetch updates - TelegramNetworkError: HTTP Client says - ClientConnectorDNSError: Cannot connect to host api.telegram.org:443 ssl:default [getaddrinfo failed]
2026-03-19 10:23:25,498 [WARNING] aiogram.dispatcher: Sleep for 5.138252 seconds and try again... (tryings = 1016, bot id = 8749354405)
2026-03-19 10:23:27,960 [ERROR] data.orderflow_ws: WS error: [Errno 11001] getaddrinfo failed — reconnect in 10s
2026-03-19 10:23:30,651 [ERROR] aiogram.dispatcher: Failed to fetch updates - TelegramNetworkError: HTTP Client says - ClientConnectorDNSError: Cannot connect to host api.telegram.org:443 ssl:default [getaddrinfo failed]
2026-03-19 10:23:30,653 [WARNING] aiogram.dispatcher: Sleep for 4.956547 seconds and try again... (tryings = 1017, bot id = 8749354405)
2026-03-19 10:23:47,666 [ERROR] aiogram.dispatcher: Failed to fetch updates - TelegramNetworkError: HTTP Client says - ClientConnectorDNSError: Cannot connect to host api.telegram.org:443 ssl:default [getaddrinfo failed]
2026-03-19 10:23:47,667 [WARNING] aiogram.dispatcher: Sleep for 5.014257 seconds and try again... (tryings = 1018, bot id = 8749354405)
2026-03-19 10:23:47,976 [ERROR] data.orderflow_ws: WS error: timed out during opening handshake — reconnect in 10s
2026-03-19 10:23:52,690 [ERROR] aiogram.dispatcher: Failed to fetch updates - TelegramNetworkError: HTTP Client says - ClientConnectorDNSError: Cannot connect to host api.telegram.org:443 ssl:default [getaddrinfo failed]
2026-03-19 10:23:52,695 [WARNING] aiogram.dispatcher: Sleep for 5.003631 seconds and try again... (tryings = 1019, bot id = 8749354405)
2026-03-19 10:24:07,999 [ERROR] data.orderflow_ws: WS error: timed out during opening handshake — reconnect in 10s
2026-03-19 10:24:09,785 [ERROR] aiogram.dispatcher: Failed to fetch updates - TelegramNetworkError: HTTP Client says - ClientConnectorDNSError: Cannot connect to host api.telegram.org:443 ssl:default [getaddrinfo failed]
2026-03-19 10:24:09,786 [WARNING] aiogram.dispatcher: Sleep for 5.007661 seconds and try again... (tryings = 1020, bot id = 8749354405)
2026-03-19 10:24:14,817 [ERROR] aiogram.dispatcher: Failed to fetch updates - TelegramNetworkError: HTTP Client says - ClientConnectorDNSError: Cannot connect to host api.telegram.org:443 ssl:default [getaddrinfo failed]
2026-03-19 10:24:14,819 [WARNING] aiogram.dispatcher: Sleep for 5.103408 seconds and try again... (tryings = 1021, bot id = 8749354405)
2026-03-19 10:24:18,018 [ERROR] data.orderflow_ws: WS error: [Errno 11001] getaddrinfo failed — reconnect in 10s
2026-03-19 10:24:19,940 [ERROR] aiogram.dispatcher: Failed to fetch updates - TelegramNetworkError: HTTP Client says - ClientConnectorDNSError: Cannot connect to host api.telegram.org:443 ssl:default [getaddrinfo failed]
2026-03-19 10:24:19,941 [WARNING] aiogram.dispatcher: Sleep for 4.991528 seconds and try again... (tryings = 1022, bot id = 8749354405)
2026-03-19 10:24:37,009 [ERROR] aiogram.dispatcher: Failed to fetch updates - TelegramNetworkError: HTTP Client says - ClientConnectorDNSError: Cannot connect to host api.telegram.org:443 ssl:default [getaddrinfo failed]
2026-03-19 10:24:37,014 [WARNING] aiogram.dispatcher: Sleep for 4.850651 seconds and try again... (tryings = 1023, bot id = 8749354405)
2026-03-19 10:24:38,060 [ERROR] data.orderflow_ws: WS error: timed out during opening handshake — reconnect in 10s
2026-03-19 10:24:41,886 [ERROR] aiogram.dispatcher: Failed to fetch updates - TelegramNetworkError: HTTP Client says - ClientConnectorDNSError: Cannot connect to host api.telegram.org:443 ssl:default [getaddrinfo failed]
2026-03-19 10:24:41,889 [WARNING] aiogram.dispatcher: Sleep for 5.053838 seconds and try again... (tryings = 1024, bot id = 8749354405)
2026-03-19 10:24:53,940 [ERROR] aiogram.dispatcher: Failed to fetch updates - TelegramNetworkError: HTTP Client says - ClientConnectorDNSError: Cannot connect to host api.telegram.org:443 ssl:default [getaddrinfo failed]
2026-03-19 10:24:53,941 [WARNING] aiogram.dispatcher: Sleep for 5.119662 seconds and try again... (tryings = 1025, bot id = 8749354405)
2026-03-19 10:24:58,067 [ERROR] data.orderflow_ws: WS error: timed out during opening handshake — reconnect in 10s
2026-03-19 10:24:59,084 [ERROR] aiogram.dispatcher: Failed to fetch updates - TelegramNetworkError: HTTP Client says - ClientConnectorDNSError: Cannot connect to host api.telegram.org:443 ssl:default [getaddrinfo failed]
2026-03-19 10:24:59,085 [WARNING] aiogram.dispatcher: Sleep for 5.015260 seconds and try again... (tryings = 1026, bot id = 8749354405)
2026-03-19 10:25:04,129 [ERROR] aiogram.dispatcher: Failed to fetch updates - TelegramNetworkError: HTTP Client says - ClientConnectorDNSError: Cannot connect to host api.telegram.org:443 ssl:default [getaddrinfo failed]
2026-03-19 10:25:04,130 [WARNING] aiogram.dispatcher: Sleep for 5.030902 seconds and try again... (tryings = 1027, bot id = 8749354405)
2026-03-19 10:25:08,085 [ERROR] data.orderflow_ws: WS error: [Errno 11001] getaddrinfo failed — reconnect in 10s
2026-03-19 10:25:09,175 [ERROR] aiogram.dispatcher: Failed to fetch updates - TelegramNetworkError: HTTP Client says - ClientConnectorDNSError: Cannot connect to host api.telegram.org:443 ssl:default [getaddrinfo failed]
2026-03-19 10:25:09,177 [WARNING] aiogram.dispatcher: Sleep for 5.121542 seconds and try again... (tryings = 1028, bot id = 8749354405)
2026-03-19 10:25:26,386 [ERROR] aiogram.dispatcher: Failed to fetch updates - TelegramNetworkError: HTTP Client says - ClientConnectorDNSError: Cannot connect to host api.telegram.org:443 ssl:default [getaddrinfo failed]
2026-03-19 10:25:26,393 [WARNING] aiogram.dispatcher: Sleep for 5.062042 seconds and try again... (tryings = 1029, bot id = 8749354405)
2026-03-19 10:25:28,119 [ERROR] data.orderflow_ws: WS error: timed out during opening handshake — reconnect in 10s
2026-03-19 10:25:31,461 [ERROR] aiogram.dispatcher: Failed to fetch updates - TelegramNetworkError: HTTP Client says - ClientConnectorDNSError: Cannot connect to host api.telegram.org:443 ssl:default [getaddrinfo failed]
2026-03-19 10:25:31,463 [WARNING] aiogram.dispatcher: Sleep for 5.083615 seconds and try again... (tryings = 1030, bot id = 8749354405)
2026-03-19 10:25:36,556 [ERROR] aiogram.dispatcher: Failed to fetch updates - TelegramNetworkError: HTTP Client says - ClientConnectorDNSError: Cannot connect to host api.telegram.org:443 ssl:default [getaddrinfo failed]
2026-03-19 10:25:36,560 [WARNING] aiogram.dispatcher: Sleep for 4.948700 seconds and try again... (tryings = 1031, bot id = 8749354405)
2026-03-19 10:25:38,127 [ERROR] data.orderflow_ws: WS error: [Errno 11001] getaddrinfo failed — reconnect in 10s
2026-03-19 10:25:41,524 [ERROR] aiogram.dispatcher: Failed to fetch updates - TelegramNetworkError: HTTP Client says - ClientConnectorDNSError: Cannot connect to host api.telegram.org:443 ssl:default [getaddrinfo failed]
2026-03-19 10:25:41,530 [WARNING] aiogram.dispatcher: Sleep for 5.068008 seconds and try again... (tryings = 1032, bot id = 8749354405)
2026-03-19 10:25:46,616 [ERROR] aiogram.dispatcher: Failed to fetch updates - TelegramNetworkError: HTTP Client says - ClientConnectorDNSError: Cannot connect to host api.telegram.org:443 ssl:default [getaddrinfo failed]
2026-03-19 10:25:46,617 [WARNING] aiogram.dispatcher: Sleep for 4.853669 seconds and try again... (tryings = 1033, bot id = 8749354405)
2026-03-19 10:25:48,146 [ERROR] data.orderflow_ws: WS error: [Errno 11001] getaddrinfo failed — reconnect in 10s
2026-03-19 10:25:58,158 [ERROR] data.orderflow_ws: WS error: [Errno 11001] getaddrinfo failed — reconnect in 10s
2026-03-19 10:26:03,527 [ERROR] aiogram.dispatcher: Failed to fetch updates - TelegramNetworkError: HTTP Client says - ClientConnectorDNSError: Cannot connect to host api.telegram.org:443 ssl:default [getaddrinfo failed]
2026-03-19 10:26:03,532 [WARNING] aiogram.dispatcher: Sleep for 5.144419 seconds and try again... (tryings = 1034, bot id = 8749354405)
2026-03-19 10:26:08,180 [ERROR] data.orderflow_ws: WS error: [Errno 11001] getaddrinfo failed — reconnect in 10s
2026-03-19 10:26:08,699 [ERROR] aiogram.dispatcher: Failed to fetch updates - TelegramNetworkError: HTTP Client says - ClientConnectorDNSError: Cannot connect to host api.telegram.org:443 ssl:default [getaddrinfo failed]
2026-03-19 10:26:08,701 [WARNING] aiogram.dispatcher: Sleep for 4.959745 seconds and try again... (tryings = 1035, bot id = 8749354405)
2026-03-19 10:26:13,673 [ERROR] aiogram.dispatcher: Failed to fetch updates - TelegramNetworkError: HTTP Client says - ClientConnectorDNSError: Cannot connect to host api.telegram.org:443 ssl:default [getaddrinfo failed]
2026-03-19 10:26:13,678 [WARNING] aiogram.dispatcher: Sleep for 5.080391 seconds and try again... (tryings = 1036, bot id = 8749354405)
2026-03-19 10:26:28,201 [ERROR] data.orderflow_ws: WS error: timed out during opening handshake — reconnect in 10s
2026-03-19 10:26:30,863 [ERROR] aiogram.dispatcher: Failed to fetch updates - TelegramNetworkError: HTTP Client says - ClientConnectorDNSError: Cannot connect to host api.telegram.org:443 ssl:default [getaddrinfo failed]
2026-03-19 10:26:30,864 [WARNING] aiogram.dispatcher: Sleep for 5.047993 seconds and try again... (tryings = 1037, bot id = 8749354405)
2026-03-19 10:26:35,927 [ERROR] aiogram.dispatcher: Failed to fetch updates - TelegramNetworkError: HTTP Client says - ClientConnectorDNSError: Cannot connect to host api.telegram.org:443 ssl:default [getaddrinfo failed]
2026-03-19 10:26:35,935 [WARNING] aiogram.dispatcher: Sleep for 4.975378 seconds and try again... (tryings = 1038, bot id = 8749354405)
2026-03-19 10:26:38,228 [ERROR] data.orderflow_ws: WS error: [Errno 11001] getaddrinfo failed — reconnect in 10s
2026-03-19 10:26:48,238 [ERROR] data.orderflow_ws: WS error: [Errno 11001] getaddrinfo failed — reconnect in 10s
2026-03-19 10:26:52,985 [ERROR] aiogram.dispatcher: Failed to fetch updates - TelegramNetworkError: HTTP Client says - ClientConnectorDNSError: Cannot connect to host api.telegram.org:443 ssl:default [getaddrinfo failed]
2026-03-19 10:26:52,990 [WARNING] aiogram.dispatcher: Sleep for 5.106225 seconds and try again... (tryings = 1039, bot id = 8749354405)
2026-03-19 10:26:58,117 [ERROR] aiogram.dispatcher: Failed to fetch updates - TelegramNetworkError: HTTP Client says - ClientConnectorDNSError: Cannot connect to host api.telegram.org:443 ssl:default [getaddrinfo failed]
2026-03-19 10:26:58,123 [WARNING] aiogram.dispatcher: Sleep for 5.017603 seconds and try again... (tryings = 1040, bot id = 8749354405)
2026-03-19 10:26:58,255 [ERROR] data.orderflow_ws: WS error: [Errno 11001] getaddrinfo failed — reconnect in 10s
2026-03-19 10:27:03,158 [ERROR] aiogram.dispatcher: Failed to fetch updates - TelegramNetworkError: HTTP Client says - ClientConnectorDNSError: Cannot connect to host api.telegram.org:443 ssl:default [getaddrinfo failed]
2026-03-19 10:27:03,162 [WARNING] aiogram.dispatcher: Sleep for 4.936647 seconds and try again... (tryings = 1041, bot id = 8749354405)
2026-03-19 10:27:18,277 [ERROR] data.orderflow_ws: WS error: timed out during opening handshake — reconnect in 10s
2026-03-19 10:27:20,167 [ERROR] aiogram.dispatcher: Failed to fetch updates - TelegramNetworkError: HTTP Client says - ClientConnectorDNSError: Cannot connect to host api.telegram.org:443 ssl:default [getaddrinfo failed]
2026-03-19 10:27:20,168 [WARNING] aiogram.dispatcher: Sleep for 5.001141 seconds and try again... (tryings = 1042, bot id = 8749354405)
2026-03-19 10:27:25,189 [ERROR] aiogram.dispatcher: Failed to fetch updates - TelegramNetworkError: HTTP Client says - ClientConnectorDNSError: Cannot connect to host api.telegram.org:443 ssl:default [getaddrinfo failed]
2026-03-19 10:27:25,190 [WARNING] aiogram.dispatcher: Sleep for 4.861737 seconds and try again... (tryings = 1043, bot id = 8749354405)
2026-03-19 10:27:28,297 [ERROR] data.orderflow_ws: WS error: [Errno 11001] getaddrinfo failed — reconnect in 10s
2026-03-19 10:27:37,233 [ERROR] aiogram.dispatcher: Failed to fetch updates - TelegramNetworkError: HTTP Client says - ClientConnectorDNSError: Cannot connect to host api.telegram.org:443 ssl:default [getaddrinfo failed]
2026-03-19 10:27:37,234 [WARNING] aiogram.dispatcher: Sleep for 4.867410 seconds and try again... (tryings = 1044, bot id = 8749354405)
2026-03-19 10:27:38,318 [ERROR] data.orderflow_ws: WS error: [Errno 11001] getaddrinfo failed — reconnect in 10s
2026-03-19 10:27:42,115 [ERROR] aiogram.dispatcher: Failed to fetch updates - TelegramNetworkError: HTTP Client says - ClientConnectorDNSError: Cannot connect to host api.telegram.org:443 ssl:default [getaddrinfo failed]
2026-03-19 10:27:42,126 [WARNING] aiogram.dispatcher: Sleep for 4.857930 seconds and try again... (tryings = 1045, bot id = 8749354405)
2026-03-19 10:27:46,989 [ERROR] aiogram.dispatcher: Failed to fetch updates - TelegramNetworkError: HTTP Client says - ClientConnectorDNSError: Cannot connect to host api.telegram.org:443 ssl:default [getaddrinfo failed]
2026-03-19 10:27:46,991 [WARNING] aiogram.dispatcher: Sleep for 4.899725 seconds and try again... (tryings = 1046, bot id = 8749354405)
2026-03-19 10:27:48,337 [ERROR] data.orderflow_ws: WS error: [Errno 11001] getaddrinfo failed — reconnect in 10s
2026-03-19 10:27:51,917 [ERROR] aiogram.dispatcher: Failed to fetch updates - TelegramNetworkError: HTTP Client says - ClientConnectorDNSError: Cannot connect to host api.telegram.org:443 ssl:default [getaddrinfo failed]
2026-03-19 10:27:51,918 [WARNING] aiogram.dispatcher: Sleep for 4.852826 seconds and try again... (tryings = 1047, bot id = 8749354405)
2026-03-19 10:28:08,360 [ERROR] data.orderflow_ws: WS error: timed out during opening handshake — reconnect in 10s
2026-03-19 10:28:08,850 [ERROR] aiogram.dispatcher: Failed to fetch updates - TelegramNetworkError: HTTP Client says - ClientConnectorDNSError: Cannot connect to host api.telegram.org:443 ssl:default [getaddrinfo failed]
2026-03-19 10:28:08,851 [WARNING] aiogram.dispatcher: Sleep for 5.067986 seconds and try again... (tryings = 1048, bot id = 8749354405)
2026-03-19 10:28:13,927 [ERROR] aiogram.dispatcher: Failed to fetch updates - TelegramNetworkError: HTTP Client says - ClientConnectorDNSError: Cannot connect to host api.telegram.org:443 ssl:default [getaddrinfo failed]
2026-03-19 10:28:13,931 [WARNING] aiogram.dispatcher: Sleep for 4.938612 seconds and try again... (tryings = 1049, bot id = 8749354405)
2026-03-19 10:28:18,382 [ERROR] data.orderflow_ws: WS error: [Errno 11001] getaddrinfo failed — reconnect in 10s
2026-03-19 10:28:18,890 [ERROR] aiogram.dispatcher: Failed to fetch updates - TelegramNetworkError: HTTP Client says - ClientConnectorDNSError: Cannot connect to host api.telegram.org:443 ssl:default [getaddrinfo failed]
2026-03-19 10:28:18,891 [WARNING] aiogram.dispatcher: Sleep for 4.946305 seconds and try again... (tryings = 1050, bot id = 8749354405)
2026-03-19 10:28:30,433 [ERROR] data.orderflow_ws: WS error: [Errno 11001] getaddrinfo failed — reconnect in 10s
2026-03-19 10:28:35,894 [ERROR] aiogram.dispatcher: Failed to fetch updates - TelegramNetworkError: HTTP Client says - ClientConnectorDNSError: Cannot connect to host api.telegram.org:443 ssl:default [getaddrinfo failed]
2026-03-19 10:28:35,900 [WARNING] aiogram.dispatcher: Sleep for 5.095405 seconds and try again... (tryings = 1051, bot id = 8749354405)
2026-03-19 10:28:40,453 [ERROR] data.orderflow_ws: WS error: [Errno 11001] getaddrinfo failed — reconnect in 10s
2026-03-19 10:28:41,005 [ERROR] aiogram.dispatcher: Failed to fetch updates - TelegramNetworkError: HTTP Client says - ClientConnectorDNSError: Cannot connect to host api.telegram.org:443 ssl:default [getaddrinfo failed]
2026-03-19 10:28:41,008 [WARNING] aiogram.dispatcher: Sleep for 4.995281 seconds and try again... (tryings = 1052, bot id = 8749354405)
2026-03-19 10:28:52,495 [ERROR] data.orderflow_ws: WS error: [Errno 11001] getaddrinfo failed — reconnect in 10s
2026-03-19 10:28:58,101 [ERROR] aiogram.dispatcher: Failed to fetch updates - TelegramNetworkError: HTTP Client says - ClientConnectorDNSError: Cannot connect to host api.telegram.org:443 ssl:default [getaddrinfo failed]
2026-03-19 10:28:58,102 [WARNING] aiogram.dispatcher: Sleep for 4.865590 seconds and try again... (tryings = 1053, bot id = 8749354405)
2026-03-19 10:29:02,511 [ERROR] data.orderflow_ws: WS error: [Errno 11001] getaddrinfo failed — reconnect in 10s
2026-03-19 10:29:02,990 [ERROR] aiogram.dispatcher: Failed to fetch updates - TelegramNetworkError: HTTP Client says - ClientConnectorDNSError: Cannot connect to host api.telegram.org:443 ssl:default [getaddrinfo failed]
2026-03-19 10:29:02,991 [WARNING] aiogram.dispatcher: Sleep for 4.848027 seconds and try again... (tryings = 1054, bot id = 8749354405)
2026-03-19 10:29:07,859 [ERROR] aiogram.dispatcher: Failed to fetch updates - TelegramNetworkError: HTTP Client says - ClientConnectorDNSError: Cannot connect to host api.telegram.org:443 ssl:default [getaddrinfo failed]
2026-03-19 10:29:07,863 [WARNING] aiogram.dispatcher: Sleep for 5.049243 seconds and try again... (tryings = 1055, bot id = 8749354405)
2026-03-19 10:29:19,943 [ERROR] aiogram.dispatcher: Failed to fetch updates - TelegramNetworkError: HTTP Client says - ClientConnectorDNSError: Cannot connect to host api.telegram.org:443 ssl:default [getaddrinfo failed]
2026-03-19 10:29:19,949 [WARNING] aiogram.dispatcher: Sleep for 4.967573 seconds and try again... (tryings = 1056, bot id = 8749354405)
2026-03-19 10:29:22,542 [ERROR] data.orderflow_ws: WS error: timed out during opening handshake — reconnect in 10s
2026-03-19 10:29:24,932 [ERROR] aiogram.dispatcher: Failed to fetch updates - TelegramNetworkError: HTTP Client says - ClientConnectorDNSError: Cannot connect to host api.telegram.org:443 ssl:default [getaddrinfo failed]
2026-03-19 10:29:24,933 [WARNING] aiogram.dispatcher: Sleep for 5.022604 seconds and try again... (tryings = 1057, bot id = 8749354405)
2026-03-19 10:29:29,973 [ERROR] aiogram.dispatcher: Failed to fetch updates - TelegramNetworkError: HTTP Client says - ClientConnectorDNSError: Cannot connect to host api.telegram.org:443 ssl:default [getaddrinfo failed]
2026-03-19 10:29:29,974 [WARNING] aiogram.dispatcher: Sleep for 4.918597 seconds and try again... (tryings = 1058, bot id = 8749354405)
2026-03-19 10:29:42,571 [ERROR] data.orderflow_ws: WS error: timed out during opening handshake — reconnect in 10s
2026-03-19 10:29:46,968 [ERROR] aiogram.dispatcher: Failed to fetch updates - TelegramNetworkError: HTTP Client says - ClientConnectorDNSError: Cannot connect to host api.telegram.org:443 ssl:default [getaddrinfo failed]
2026-03-19 10:29:46,970 [WARNING] aiogram.dispatcher: Sleep for 5.060397 seconds and try again... (tryings = 1059, bot id = 8749354405)
2026-03-19 10:29:52,575 [ERROR] data.orderflow_ws: WS error: [Errno 11001] getaddrinfo failed — reconnect in 10s
2026-03-19 10:30:03,002 [INFO] apscheduler.executors.default: Running job "analysis_cycle (trigger: cron[minute='*/15', second='3'], next run at: 2026-03-19 10:45:03 MSK)" (scheduled at 2026-03-19 10:30:03+03:00)
2026-03-19 10:30:03,015 [INFO] __main__: ── Analysis cycle start ──────────────────
2026-03-19 10:30:04,128 [ERROR] aiogram.dispatcher: Failed to fetch updates - TelegramNetworkError: HTTP Client says - ClientConnectorDNSError: Cannot connect to host api.telegram.org:443 ssl:default [getaddrinfo failed]
2026-03-19 10:30:04,129 [WARNING] aiogram.dispatcher: Sleep for 4.987610 seconds and try again... (tryings = 1060, bot id = 8749354405)
2026-03-19 10:30:09,143 [ERROR] aiogram.dispatcher: Failed to fetch updates - TelegramNetworkError: HTTP Client says - ClientConnectorDNSError: Cannot connect to host api.telegram.org:443 ssl:default [getaddrinfo failed]
2026-03-19 10:30:09,144 [WARNING] aiogram.dispatcher: Sleep for 4.830640 seconds and try again... (tryings = 1061, bot id = 8749354405)
2026-03-19 10:30:12,597 [ERROR] data.orderflow_ws: WS error: timed out during opening handshake — reconnect in 10s
2026-03-19 10:30:13,288 [ERROR] engine.pipeline: Candle load failed: 
2026-03-19 10:30:13,293 [INFO] apscheduler.executors.default: Job "analysis_cycle (trigger: cron[minute='*/15', second='3'], next run at: 2026-03-19 10:45:03 MSK)" executed successfully
2026-03-19 10:30:15,090 [ERROR] asyncio: gaierror exception in shielded future
future: <Task finished name='Task-1165' coro=<TCPConnector._resolve_host_with_throttle() done, defined at C:\Users\89118\AppData\Roaming\Python\Python314\site-packages\aiohttp\connector.py:1188> exception=gaierror(11001, 'getaddrinfo failed')>
Traceback (most recent call last):
  File "C:\Users\89118\AppData\Roaming\Python\Python314\site-packages\aiohttp\connector.py", line 1209, in _resolve_host_with_throttle
    addrs = await self._resolver.resolve(host, port, family=self._family)
            ^^^^^^^^^^^^^^^^^^^^^^^^^^^^^^^^^^^^^^^^^^^^^^^^^^^^^^^^^^^^^
  File "C:\Users\89118\AppData\Roaming\Python\Python314\site-packages\aiohttp\resolver.py", line 40, in resolve
    infos = await self._loop.getaddrinfo(
            ^^^^^^^^^^^^^^^^^^^^^^^^^^^^^
    ...<5 lines>...
    )
    ^
  File "C:\Python314\Lib\asyncio\base_events.py", line 936, in getaddrinfo
    return await self.run_in_executor(
           ^^^^^^^^^^^^^^^^^^^^^^^^^^^
        None, getaddr_func, host, port, family, type, proto, flags)
        ^^^^^^^^^^^^^^^^^^^^^^^^^^^^^^^^^^^^^^^^^^^^^^^^^^^^^^^^^^^
  File "C:\Python314\Lib\concurrent\futures\thread.py", line 86, in run
    result = ctx.run(self.task)
  File "C:\Python314\Lib\concurrent\futures\thread.py", line 73, in run
    return fn(*args, **kwargs)
  File "C:\Python314\Lib\socket.py", line 983, in getaddrinfo
    for res in _socket.getaddrinfo(host, port, family, type, proto, flags):
               ~~~~~~~~~~~~~~~~~~~^^^^^^^^^^^^^^^^^^^^^^^^^^^^^^^^^^^^^^^^
socket.gaierror: [Errno 11001] getaddrinfo failed
2026-03-19 10:30:26,040 [ERROR] aiogram.dispatcher: Failed to fetch updates - TelegramNetworkError: HTTP Client says - ClientConnectorDNSError: Cannot connect to host api.telegram.org:443 ssl:default [getaddrinfo failed]
2026-03-19 10:30:26,051 [WARNING] aiogram.dispatcher: Sleep for 4.795732 seconds and try again... (tryings = 1062, bot id = 8749354405)
2026-03-19 10:30:30,864 [ERROR] aiogram.dispatcher: Failed to fetch updates - TelegramNetworkError: HTTP Client says - ClientConnectorDNSError: Cannot connect to host api.telegram.org:443 ssl:default [getaddrinfo failed]
2026-03-19 10:30:30,868 [WARNING] aiogram.dispatcher: Sleep for 5.176693 seconds and try again... (tryings = 1063, bot id = 8749354405)
2026-03-19 10:30:32,622 [ERROR] data.orderflow_ws: WS error: timed out during opening handshake — reconnect in 10s
2026-03-19 10:30:36,063 [ERROR] aiogram.dispatcher: Failed to fetch updates - TelegramNetworkError: HTTP Client says - ClientConnectorDNSError: Cannot connect to host api.telegram.org:443 ssl:default [getaddrinfo failed]
2026-03-19 10:30:36,068 [WARNING] aiogram.dispatcher: Sleep for 4.954154 seconds and try again... (tryings = 1064, bot id = 8749354405)
2026-03-19 10:30:41,045 [ERROR] aiogram.dispatcher: Failed to fetch updates - TelegramNetworkError: HTTP Client says - ClientConnectorDNSError: Cannot connect to host api.telegram.org:443 ssl:default [getaddrinfo failed]
2026-03-19 10:30:41,053 [WARNING] aiogram.dispatcher: Sleep for 5.023662 seconds and try again... (tryings = 1065, bot id = 8749354405)
2026-03-19 10:30:46,098 [ERROR] aiogram.dispatcher: Failed to fetch updates - TelegramNetworkError: HTTP Client says - ClientConnectorDNSError: Cannot connect to host api.telegram.org:443 ssl:default [getaddrinfo failed]
2026-03-19 10:30:46,104 [WARNING] aiogram.dispatcher: Sleep for 4.993215 seconds and try again... (tryings = 1066, bot id = 8749354405)
2026-03-19 10:30:52,649 [ERROR] data.orderflow_ws: WS error: timed out during opening handshake — reconnect in 10s
2026-03-19 10:31:02,663 [ERROR] data.orderflow_ws: WS error: [Errno 11001] getaddrinfo failed — reconnect in 10s
2026-03-19 10:31:03,147 [ERROR] aiogram.dispatcher: Failed to fetch updates - TelegramNetworkError: HTTP Client says - ClientConnectorDNSError: Cannot connect to host api.telegram.org:443 ssl:default [getaddrinfo failed]
2026-03-19 10:31:03,149 [WARNING] aiogram.dispatcher: Sleep for 5.000084 seconds and try again... (tryings = 1067, bot id = 8749354405)
2026-03-19 10:31:12,672 [ERROR] data.orderflow_ws: WS error: [Errno 11001] getaddrinfo failed — reconnect in 10s
2026-03-19 10:31:20,225 [ERROR] aiogram.dispatcher: Failed to fetch updates - TelegramNetworkError: HTTP Client says - ClientConnectorDNSError: Cannot connect to host api.telegram.org:443 ssl:default [getaddrinfo failed]
2026-03-19 10:31:20,226 [WARNING] aiogram.dispatcher: Sleep for 4.940751 seconds and try again... (tryings = 1068, bot id = 8749354405)
2026-03-19 10:31:22,697 [ERROR] data.orderflow_ws: WS error: [Errno 11001] getaddrinfo failed — reconnect in 10s
2026-03-19 10:31:25,189 [ERROR] aiogram.dispatcher: Failed to fetch updates - TelegramNetworkError: HTTP Client says - ClientConnectorDNSError: Cannot connect to host api.telegram.org:443 ssl:default [getaddrinfo failed]
2026-03-19 10:31:25,190 [WARNING] aiogram.dispatcher: Sleep for 5.029252 seconds and try again... (tryings = 1069, bot id = 8749354405)
2026-03-19 10:31:32,716 [ERROR] data.orderflow_ws: WS error: [Errno 11001] getaddrinfo failed — reconnect in 10s
2026-03-19 10:31:37,211 [ERROR] aiogram.dispatcher: Failed to fetch updates - TelegramNetworkError: HTTP Client says - ClientConnectorDNSError: Cannot connect to host api.telegram.org:443 ssl:default [getaddrinfo failed]
2026-03-19 10:31:37,213 [WARNING] aiogram.dispatcher: Sleep for 4.896487 seconds and try again... (tryings = 1070, bot id = 8749354405)
2026-03-19 10:31:42,124 [ERROR] aiogram.dispatcher: Failed to fetch updates - TelegramNetworkError: HTTP Client says - ClientConnectorDNSError: Cannot connect to host api.telegram.org:443 ssl:default [getaddrinfo failed]
2026-03-19 10:31:42,128 [WARNING] aiogram.dispatcher: Sleep for 4.956639 seconds and try again... (tryings = 1071, bot id = 8749354405)
2026-03-19 10:31:52,733 [ERROR] data.orderflow_ws: WS error: timed out during opening handshake — reconnect in 10s
2026-03-19 10:31:59,165 [ERROR] aiogram.dispatcher: Failed to fetch updates - TelegramNetworkError: HTTP Client says - ClientConnectorDNSError: Cannot connect to host api.telegram.org:443 ssl:default [getaddrinfo failed]
2026-03-19 10:31:59,167 [WARNING] aiogram.dispatcher: Sleep for 4.984049 seconds and try again... (tryings = 1072, bot id = 8749354405)
2026-03-19 10:32:02,746 [ERROR] data.orderflow_ws: WS error: [Errno 11001] getaddrinfo failed — reconnect in 10s
2026-03-19 10:32:04,157 [ERROR] aiogram.dispatcher: Failed to fetch updates - TelegramNetworkError: HTTP Client says - ClientConnectorDNSError: Cannot connect to host api.telegram.org:443 ssl:default [getaddrinfo failed]
2026-03-19 10:32:04,167 [WARNING] aiogram.dispatcher: Sleep for 5.009043 seconds and try again... (tryings = 1073, bot id = 8749354405)
2026-03-19 10:32:09,184 [ERROR] aiogram.dispatcher: Failed to fetch updates - TelegramNetworkError: HTTP Client says - ClientConnectorDNSError: Cannot connect to host api.telegram.org:443 ssl:default [getaddrinfo failed]
2026-03-19 10:32:09,188 [WARNING] aiogram.dispatcher: Sleep for 4.984174 seconds and try again... (tryings = 1074, bot id = 8749354405)
2026-03-19 10:32:21,234 [ERROR] aiogram.dispatcher: Failed to fetch updates - TelegramNetworkError: HTTP Client says - ClientConnectorDNSError: Cannot connect to host api.telegram.org:443 ssl:default [getaddrinfo failed]
2026-03-19 10:32:21,235 [WARNING] aiogram.dispatcher: Sleep for 4.916753 seconds and try again... (tryings = 1075, bot id = 8749354405)
2026-03-19 10:32:22,790 [ERROR] data.orderflow_ws: WS error: timed out during opening handshake — reconnect in 10s
2026-03-19 10:32:26,168 [ERROR] aiogram.dispatcher: Failed to fetch updates - TelegramNetworkError: HTTP Client says - ClientConnectorDNSError: Cannot connect to host api.telegram.org:443 ssl:default [getaddrinfo failed]
2026-03-19 10:32:26,174 [WARNING] aiogram.dispatcher: Sleep for 5.062608 seconds and try again... (tryings = 1076, bot id = 8749354405)
2026-03-19 10:32:32,805 [ERROR] data.orderflow_ws: WS error: [Errno 11001] getaddrinfo failed — reconnect in 10s
2026-03-19 10:32:42,825 [ERROR] data.orderflow_ws: WS error: [Errno 11001] getaddrinfo failed — reconnect in 10s
2026-03-19 10:32:43,285 [ERROR] aiogram.dispatcher: Failed to fetch updates - TelegramNetworkError: HTTP Client says - ClientConnectorDNSError: Cannot connect to host api.telegram.org:443 ssl:default [getaddrinfo failed]
2026-03-19 10:32:43,289 [WARNING] aiogram.dispatcher: Sleep for 4.917147 seconds and try again... (tryings = 1077, bot id = 8749354405)
2026-03-19 10:32:48,215 [ERROR] aiogram.dispatcher: Failed to fetch updates - TelegramNetworkError: HTTP Client says - ClientConnectorDNSError: Cannot connect to host api.telegram.org:443 ssl:default [getaddrinfo failed]
2026-03-19 10:32:48,216 [WARNING] aiogram.dispatcher: Sleep for 5.024404 seconds and try again... (tryings = 1078, bot id = 8749354405)
2026-03-19 10:32:52,844 [ERROR] data.orderflow_ws: WS error: [Errno 11001] getaddrinfo failed — reconnect in 10s
2026-03-19 10:32:53,261 [ERROR] aiogram.dispatcher: Failed to fetch updates - TelegramNetworkError: HTTP Client says - ClientConnectorDNSError: Cannot connect to host api.telegram.org:443 ssl:default [getaddrinfo failed]
2026-03-19 10:32:53,263 [WARNING] aiogram.dispatcher: Sleep for 4.992328 seconds and try again... (tryings = 1079, bot id = 8749354405)
2026-03-19 10:33:02,854 [ERROR] data.orderflow_ws: WS error: [Errno 11001] getaddrinfo failed — reconnect in 10s
2026-03-19 10:33:10,324 [ERROR] aiogram.dispatcher: Failed to fetch updates - TelegramNetworkError: HTTP Client says - ClientConnectorDNSError: Cannot connect to host api.telegram.org:443 ssl:default [getaddrinfo failed]
2026-03-19 10:33:10,326 [WARNING] aiogram.dispatcher: Sleep for 4.988190 seconds and try again... (tryings = 1080, bot id = 8749354405)
2026-03-19 10:33:12,877 [ERROR] data.orderflow_ws: WS error: [Errno 11001] getaddrinfo failed — reconnect in 10s
2026-03-19 10:33:15,335 [ERROR] aiogram.dispatcher: Failed to fetch updates - TelegramNetworkError: HTTP Client says - ClientConnectorDNSError: Cannot connect to host api.telegram.org:443 ssl:default [getaddrinfo failed]
2026-03-19 10:33:15,347 [WARNING] aiogram.dispatcher: Sleep for 5.100944 seconds and try again... (tryings = 1081, bot id = 8749354405)
2026-03-19 10:33:20,502 [ERROR] aiogram.dispatcher: Failed to fetch updates - TelegramNetworkError: HTTP Client says - ClientConnectorDNSError: Cannot connect to host api.telegram.org:443 ssl:default [getaddrinfo failed]
2026-03-19 10:33:20,506 [WARNING] aiogram.dispatcher: Sleep for 4.903986 seconds and try again... (tryings = 1082, bot id = 8749354405)
2026-03-19 10:33:22,896 [ERROR] data.orderflow_ws: WS error: [Errno 11001] getaddrinfo failed — reconnect in 10s
2026-03-19 10:33:27,396 [ERROR] aiogram.dispatcher: Failed to fetch updates - TelegramNetworkError: HTTP Client says - ClientConnectorDNSError: Cannot connect to host api.telegram.org:443 ssl:default [getaddrinfo failed]
2026-03-19 10:33:27,398 [WARNING] aiogram.dispatcher: Sleep for 4.972422 seconds and try again... (tryings = 1083, bot id = 8749354405)
2026-03-19 10:33:32,384 [ERROR] aiogram.dispatcher: Failed to fetch updates - TelegramNetworkError: HTTP Client says - ClientConnectorDNSError: Cannot connect to host api.telegram.org:443 ssl:default [getaddrinfo failed]
2026-03-19 10:33:32,385 [WARNING] aiogram.dispatcher: Sleep for 4.873457 seconds and try again... (tryings = 1084, bot id = 8749354405)
2026-03-19 10:33:37,287 [ERROR] aiogram.dispatcher: Failed to fetch updates - TelegramNetworkError: HTTP Client says - ClientConnectorDNSError: Cannot connect to host api.telegram.org:443 ssl:default [getaddrinfo failed]
2026-03-19 10:33:37,288 [WARNING] aiogram.dispatcher: Sleep for 4.719180 seconds and try again... (tryings = 1085, bot id = 8749354405)
2026-03-19 10:33:42,918 [ERROR] data.orderflow_ws: WS error: timed out during opening handshake — reconnect in 10s
2026-03-19 10:33:52,929 [ERROR] data.orderflow_ws: WS error: [Errno 11001] getaddrinfo failed — reconnect in 10s
2026-03-19 10:33:54,058 [ERROR] aiogram.dispatcher: Failed to fetch updates - TelegramNetworkError: HTTP Client says - ClientConnectorDNSError: Cannot connect to host api.telegram.org:443 ssl:default [getaddrinfo failed]
2026-03-19 10:33:54,060 [WARNING] aiogram.dispatcher: Sleep for 4.965771 seconds and try again... (tryings = 1086, bot id = 8749354405)
2026-03-19 10:33:59,048 [ERROR] aiogram.dispatcher: Failed to fetch updates - TelegramNetworkError: HTTP Client says - ClientConnectorDNSError: Cannot connect to host api.telegram.org:443 ssl:default [getaddrinfo failed]
2026-03-19 10:33:59,049 [WARNING] aiogram.dispatcher: Sleep for 5.266111 seconds and try again... (tryings = 1087, bot id = 8749354405)
2026-03-19 10:34:02,936 [ERROR] data.orderflow_ws: WS error: [Errno 11001] getaddrinfo failed — reconnect in 10s
2026-03-19 10:34:04,320 [ERROR] aiogram.dispatcher: Failed to fetch updates - TelegramNetworkError: HTTP Client says - ClientConnectorDNSError: Cannot connect to host api.telegram.org:443 ssl:default [getaddrinfo failed]
2026-03-19 10:34:04,321 [WARNING] aiogram.dispatcher: Sleep for 4.984581 seconds and try again... (tryings = 1088, bot id = 8749354405)
2026-03-19 10:34:12,943 [ERROR] data.orderflow_ws: WS error: [Errno 11001] getaddrinfo failed — reconnect in 10s
2026-03-19 10:34:21,367 [ERROR] aiogram.dispatcher: Failed to fetch updates - TelegramNetworkError: HTTP Client says - ClientConnectorDNSError: Cannot connect to host api.telegram.org:443 ssl:default [getaddrinfo failed]
2026-03-19 10:34:21,368 [WARNING] aiogram.dispatcher: Sleep for 5.191891 seconds and try again... (tryings = 1089, bot id = 8749354405)
2026-03-19 10:34:22,962 [ERROR] data.orderflow_ws: WS error: [Errno 11001] getaddrinfo failed — reconnect in 10s
2026-03-19 10:34:26,567 [ERROR] aiogram.dispatcher: Failed to fetch updates - TelegramNetworkError: HTTP Client says - ClientConnectorDNSError: Cannot connect to host api.telegram.org:443 ssl:default [getaddrinfo failed]
2026-03-19 10:34:26,571 [WARNING] aiogram.dispatcher: Sleep for 4.867957 seconds and try again... (tryings = 1090, bot id = 8749354405)
2026-03-19 10:34:31,450 [ERROR] aiogram.dispatcher: Failed to fetch updates - TelegramNetworkError: HTTP Client says - ClientConnectorDNSError: Cannot connect to host api.telegram.org:443 ssl:default [getaddrinfo failed]
2026-03-19 10:34:31,453 [WARNING] aiogram.dispatcher: Sleep for 4.966434 seconds and try again... (tryings = 1091, bot id = 8749354405)
2026-03-19 10:34:32,969 [ERROR] data.orderflow_ws: WS error: [Errno 11001] getaddrinfo failed — reconnect in 10s
2026-03-19 10:34:36,431 [ERROR] aiogram.dispatcher: Failed to fetch updates - TelegramNetworkError: HTTP Client says - ClientConnectorDNSError: Cannot connect to host api.telegram.org:443 ssl:default [getaddrinfo failed]
2026-03-19 10:34:36,435 [WARNING] aiogram.dispatcher: Sleep for 5.155439 seconds and try again... (tryings = 1092, bot id = 8749354405)
2026-03-19 10:34:41,606 [ERROR] aiogram.dispatcher: Failed to fetch updates - TelegramNetworkError: HTTP Client says - ClientConnectorDNSError: Cannot connect to host api.telegram.org:443 ssl:default [getaddrinfo failed]
2026-03-19 10:34:41,608 [WARNING] aiogram.dispatcher: Sleep for 4.988767 seconds and try again... (tryings = 1093, bot id = 8749354405)
2026-03-19 10:34:52,990 [ERROR] data.orderflow_ws: WS error: timed out during opening handshake — reconnect in 10s
2026-03-19 10:34:58,681 [ERROR] aiogram.dispatcher: Failed to fetch updates - TelegramNetworkError: HTTP Client says - ClientConnectorDNSError: Cannot connect to host api.telegram.org:443 ssl:default [getaddrinfo failed]
2026-03-19 10:34:58,684 [WARNING] aiogram.dispatcher: Sleep for 5.113239 seconds and try again... (tryings = 1094, bot id = 8749354405)
2026-03-19 10:35:03,002 [ERROR] data.orderflow_ws: WS error: [Errno 11001] getaddrinfo failed — reconnect in 10s
2026-03-19 10:35:15,879 [ERROR] aiogram.dispatcher: Failed to fetch updates - TelegramNetworkError: HTTP Client says - ClientConnectorDNSError: Cannot connect to host api.telegram.org:443 ssl:default [getaddrinfo failed]
2026-03-19 10:35:15,885 [WARNING] aiogram.dispatcher: Sleep for 4.822369 seconds and try again... (tryings = 1095, bot id = 8749354405)
2026-03-19 10:35:20,721 [ERROR] aiogram.dispatcher: Failed to fetch updates - TelegramNetworkError: HTTP Client says - ClientConnectorDNSError: Cannot connect to host api.telegram.org:443 ssl:default [getaddrinfo failed]
2026-03-19 10:35:20,722 [WARNING] aiogram.dispatcher: Sleep for 5.109953 seconds and try again... (tryings = 1096, bot id = 8749354405)
2026-03-19 10:35:23,022 [ERROR] data.orderflow_ws: WS error: timed out during opening handshake — reconnect in 10s
2026-03-19 10:35:25,843 [ERROR] aiogram.dispatcher: Failed to fetch updates - TelegramNetworkError: HTTP Client says - ClientConnectorDNSError: Cannot connect to host api.telegram.org:443 ssl:default [getaddrinfo failed]
2026-03-19 10:35:25,844 [WARNING] aiogram.dispatcher: Sleep for 5.002281 seconds and try again... (tryings = 1097, bot id = 8749354405)
2026-03-19 10:35:30,850 [ERROR] aiogram.dispatcher: Failed to fetch updates - TelegramNetworkError: HTTP Client says - ClientConnectorDNSError: Cannot connect to host api.telegram.org:443 ssl:default [getaddrinfo failed]
2026-03-19 10:35:30,851 [WARNING] aiogram.dispatcher: Sleep for 4.977535 seconds and try again... (tryings = 1098, bot id = 8749354405)
2026-03-19 10:35:33,040 [ERROR] data.orderflow_ws: WS error: [Errno 11001] getaddrinfo failed — reconnect in 10s
2026-03-19 10:35:35,838 [ERROR] aiogram.dispatcher: Failed to fetch updates - TelegramNetworkError: HTTP Client says - ClientConnectorDNSError: Cannot connect to host api.telegram.org:443 ssl:default [getaddrinfo failed]
2026-03-19 10:35:35,838 [WARNING] aiogram.dispatcher: Sleep for 4.970693 seconds and try again... (tryings = 1099, bot id = 8749354405)
2026-03-19 10:35:43,056 [ERROR] data.orderflow_ws: WS error: [Errno 11001] getaddrinfo failed — reconnect in 10s
2026-03-19 10:35:52,897 [ERROR] aiogram.dispatcher: Failed to fetch updates - TelegramNetworkError: HTTP Client says - ClientConnectorDNSError: Cannot connect to host api.telegram.org:443 ssl:default [getaddrinfo failed]
2026-03-19 10:35:52,899 [WARNING] aiogram.dispatcher: Sleep for 4.888137 seconds and try again... (tryings = 1100, bot id = 8749354405)
2026-03-19 10:35:53,067 [ERROR] data.orderflow_ws: WS error: [Errno 11001] getaddrinfo failed — reconnect in 10s
2026-03-19 10:35:57,814 [ERROR] aiogram.dispatcher: Failed to fetch updates - TelegramNetworkError: HTTP Client says - ClientConnectorDNSError: Cannot connect to host api.telegram.org:443 ssl:default [getaddrinfo failed]
2026-03-19 10:35:57,818 [WARNING] aiogram.dispatcher: Sleep for 5.259455 seconds and try again... (tryings = 1101, bot id = 8749354405)
2026-03-19 10:36:13,087 [ERROR] data.orderflow_ws: WS error: timed out during opening handshake — reconnect in 10s
2026-03-19 10:36:15,122 [ERROR] aiogram.dispatcher: Failed to fetch updates - TelegramNetworkError: HTTP Client says - ClientConnectorDNSError: Cannot connect to host api.telegram.org:443 ssl:default [getaddrinfo failed]
2026-03-19 10:36:15,123 [WARNING] aiogram.dispatcher: Sleep for 5.028200 seconds and try again... (tryings = 1102, bot id = 8749354405)
2026-03-19 10:36:20,183 [ERROR] aiogram.dispatcher: Failed to fetch updates - TelegramNetworkError: HTTP Client says - ClientConnectorDNSError: Cannot connect to host api.telegram.org:443 ssl:default [getaddrinfo failed]
2026-03-19 10:36:20,184 [WARNING] aiogram.dispatcher: Sleep for 5.041471 seconds and try again... (tryings = 1103, bot id = 8749354405)
2026-03-19 10:36:23,109 [ERROR] data.orderflow_ws: WS error: [Errno 11001] getaddrinfo failed — reconnect in 10s
2026-03-19 10:36:25,239 [ERROR] aiogram.dispatcher: Failed to fetch updates - TelegramNetworkError: HTTP Client says - ClientConnectorDNSError: Cannot connect to host api.telegram.org:443 ssl:default [getaddrinfo failed]
2026-03-19 10:36:25,240 [WARNING] aiogram.dispatcher: Sleep for 5.036661 seconds and try again... (tryings = 1104, bot id = 8749354405)
2026-03-19 10:36:33,120 [ERROR] data.orderflow_ws: WS error: [Errno 11001] getaddrinfo failed — reconnect in 10s
2026-03-19 10:36:42,353 [ERROR] aiogram.dispatcher: Failed to fetch updates - TelegramNetworkError: HTTP Client says - ClientConnectorDNSError: Cannot connect to host api.telegram.org:443 ssl:default [getaddrinfo failed]
2026-03-19 10:36:42,358 [WARNING] aiogram.dispatcher: Sleep for 4.882125 seconds and try again... (tryings = 1105, bot id = 8749354405)
2026-03-19 10:36:43,144 [ERROR] data.orderflow_ws: WS error: [Errno 11001] getaddrinfo failed — reconnect in 10s
2026-03-19 10:36:47,251 [ERROR] aiogram.dispatcher: Failed to fetch updates - TelegramNetworkError: HTTP Client says - ClientConnectorDNSError: Cannot connect to host api.telegram.org:443 ssl:default [getaddrinfo failed]
2026-03-19 10:36:47,256 [WARNING] aiogram.dispatcher: Sleep for 4.889628 seconds and try again... (tryings = 1106, bot id = 8749354405)
2026-03-19 10:36:55,216 [ERROR] data.orderflow_ws: WS error: [Errno 11001] getaddrinfo failed — reconnect in 10s
2026-03-19 10:37:04,195 [ERROR] aiogram.dispatcher: Failed to fetch updates - TelegramNetworkError: HTTP Client says - ClientConnectorDNSError: Cannot connect to host api.telegram.org:443 ssl:default [getaddrinfo failed]
2026-03-19 10:37:04,200 [WARNING] aiogram.dispatcher: Sleep for 4.936004 seconds and try again... (tryings = 1107, bot id = 8749354405)
2026-03-19 10:37:05,241 [ERROR] data.orderflow_ws: WS error: [Errno 11001] getaddrinfo failed — reconnect in 10s
2026-03-19 10:37:09,147 [ERROR] aiogram.dispatcher: Failed to fetch updates - TelegramNetworkError: HTTP Client says - ClientConnectorDNSError: Cannot connect to host api.telegram.org:443 ssl:default [getaddrinfo failed]
2026-03-19 10:37:09,148 [WARNING] aiogram.dispatcher: Sleep for 5.127190 seconds and try again... (tryings = 1108, bot id = 8749354405)
2026-03-19 10:37:14,294 [ERROR] aiogram.dispatcher: Failed to fetch updates - TelegramNetworkError: HTTP Client says - ClientConnectorDNSError: Cannot connect to host api.telegram.org:443 ssl:default [getaddrinfo failed]
2026-03-19 10:37:14,299 [WARNING] aiogram.dispatcher: Sleep for 5.033421 seconds and try again... (tryings = 1109, bot id = 8749354405)
2026-03-19 10:37:15,258 [ERROR] data.orderflow_ws: WS error: [Errno 11001] getaddrinfo failed — reconnect in 10s
2026-03-19 10:37:25,286 [ERROR] data.orderflow_ws: WS error: [Errno 11001] getaddrinfo failed — reconnect in 10s
2026-03-19 10:37:31,441 [ERROR] aiogram.dispatcher: Failed to fetch updates - TelegramNetworkError: HTTP Client says - ClientConnectorDNSError: Cannot connect to host api.telegram.org:443 ssl:default [getaddrinfo failed]
2026-03-19 10:37:31,443 [WARNING] aiogram.dispatcher: Sleep for 4.970784 seconds and try again... (tryings = 1110, bot id = 8749354405)
2026-03-19 10:37:35,305 [ERROR] data.orderflow_ws: WS error: [Errno 11001] getaddrinfo failed — reconnect in 10s
2026-03-19 10:37:36,427 [ERROR] aiogram.dispatcher: Failed to fetch updates - TelegramNetworkError: HTTP Client says - ClientConnectorDNSError: Cannot connect to host api.telegram.org:443 ssl:default [getaddrinfo failed]
2026-03-19 10:37:36,428 [WARNING] aiogram.dispatcher: Sleep for 4.982993 seconds and try again... (tryings = 1111, bot id = 8749354405)
2026-03-19 10:37:41,421 [ERROR] aiogram.dispatcher: Failed to fetch updates - TelegramNetworkError: HTTP Client says - ClientConnectorDNSError: Cannot connect to host api.telegram.org:443 ssl:default [getaddrinfo failed]
2026-03-19 10:37:41,422 [WARNING] aiogram.dispatcher: Sleep for 5.047967 seconds and try again... (tryings = 1112, bot id = 8749354405)
2026-03-19 10:37:55,331 [ERROR] data.orderflow_ws: WS error: timed out during opening handshake — reconnect in 10s
2026-03-19 10:37:58,567 [ERROR] aiogram.dispatcher: Failed to fetch updates - TelegramNetworkError: HTTP Client says - ClientConnectorDNSError: Cannot connect to host api.telegram.org:443 ssl:default [getaddrinfo failed]
2026-03-19 10:37:58,568 [WARNING] aiogram.dispatcher: Sleep for 4.985117 seconds and try again... (tryings = 1113, bot id = 8749354405)
2026-03-19 10:38:03,565 [ERROR] aiogram.dispatcher: Failed to fetch updates - TelegramNetworkError: HTTP Client says - ClientConnectorDNSError: Cannot connect to host api.telegram.org:443 ssl:default [getaddrinfo failed]
2026-03-19 10:38:03,566 [WARNING] aiogram.dispatcher: Sleep for 4.898574 seconds and try again... (tryings = 1114, bot id = 8749354405)
2026-03-19 10:38:05,347 [ERROR] data.orderflow_ws: WS error: [Errno 11001] getaddrinfo failed — reconnect in 10s
2026-03-19 10:38:08,470 [ERROR] aiogram.dispatcher: Failed to fetch updates - TelegramNetworkError: HTTP Client says - ClientConnectorDNSError: Cannot connect to host api.telegram.org:443 ssl:default [getaddrinfo failed]
2026-03-19 10:38:08,472 [WARNING] aiogram.dispatcher: Sleep for 4.875891 seconds and try again... (tryings = 1115, bot id = 8749354405)
2026-03-19 10:38:15,605 [ERROR] aiogram.dispatcher: Failed to fetch updates - TelegramNetworkError: HTTP Client says - ClientConnectorDNSError: Cannot connect to host api.telegram.org:443 ssl:default [getaddrinfo failed]
2026-03-19 10:38:15,607 [WARNING] aiogram.dispatcher: Sleep for 4.972541 seconds and try again... (tryings = 1116, bot id = 8749354405)
2026-03-19 10:38:20,596 [ERROR] aiogram.dispatcher: Failed to fetch updates - TelegramNetworkError: HTTP Client says - ClientConnectorDNSError: Cannot connect to host api.telegram.org:443 ssl:default [getaddrinfo failed]
2026-03-19 10:38:20,604 [WARNING] aiogram.dispatcher: Sleep for 5.087779 seconds and try again... (tryings = 1117, bot id = 8749354405)
2026-03-19 10:38:25,378 [ERROR] data.orderflow_ws: WS error: timed out during opening handshake — reconnect in 10s
2026-03-19 10:38:25,711 [ERROR] aiogram.dispatcher: Failed to fetch updates - TelegramNetworkError: HTTP Client says - ClientConnectorDNSError: Cannot connect to host api.telegram.org:443 ssl:default [getaddrinfo failed]
2026-03-19 10:38:25,713 [WARNING] aiogram.dispatcher: Sleep for 4.914157 seconds and try again... (tryings = 1118, bot id = 8749354405)
2026-03-19 10:38:30,637 [ERROR] aiogram.dispatcher: Failed to fetch updates - TelegramNetworkError: HTTP Client says - ClientConnectorDNSError: Cannot connect to host api.telegram.org:443 ssl:default [getaddrinfo failed]
2026-03-19 10:38:30,650 [WARNING] aiogram.dispatcher: Sleep for 4.769285 seconds and try again... (tryings = 1119, bot id = 8749354405)
2026-03-19 10:38:37,761 [ERROR] aiogram.dispatcher: Failed to fetch updates - TelegramNetworkError: HTTP Client says - ClientConnectorDNSError: Cannot connect to host api.telegram.org:443 ssl:default [getaddrinfo failed]
2026-03-19 10:38:37,762 [WARNING] aiogram.dispatcher: Sleep for 5.070389 seconds and try again... (tryings = 1120, bot id = 8749354405)
2026-03-19 10:38:45,400 [ERROR] data.orderflow_ws: WS error: timed out during opening handshake — reconnect in 10s
2026-03-19 10:38:54,867 [ERROR] aiogram.dispatcher: Failed to fetch updates - TelegramNetworkError: HTTP Client says - ClientConnectorDNSError: Cannot connect to host api.telegram.org:443 ssl:default [getaddrinfo failed]
2026-03-19 10:38:54,872 [WARNING] aiogram.dispatcher: Sleep for 5.017189 seconds and try again... (tryings = 1121, bot id = 8749354405)
2026-03-19 10:38:55,413 [ERROR] data.orderflow_ws: WS error: [Errno 11001] getaddrinfo failed — reconnect in 10s
2026-03-19 10:39:07,438 [ERROR] data.orderflow_ws: WS error: [Errno 11001] getaddrinfo failed — reconnect in 10s
2026-03-19 10:39:11,931 [ERROR] aiogram.dispatcher: Failed to fetch updates - TelegramNetworkError: HTTP Client says - ClientConnectorDNSError: Cannot connect to host api.telegram.org:443 ssl:default [getaddrinfo failed]
2026-03-19 10:39:11,945 [WARNING] aiogram.dispatcher: Sleep for 5.158452 seconds and try again... (tryings = 1122, bot id = 8749354405)
2026-03-19 10:39:17,118 [ERROR] aiogram.dispatcher: Failed to fetch updates - TelegramNetworkError: HTTP Client says - ClientConnectorDNSError: Cannot connect to host api.telegram.org:443 ssl:default [getaddrinfo failed]
2026-03-19 10:39:17,122 [WARNING] aiogram.dispatcher: Sleep for 5.151446 seconds and try again... (tryings = 1123, bot id = 8749354405)
2026-03-19 10:39:17,450 [ERROR] data.orderflow_ws: WS error: [Errno 11001] getaddrinfo failed — reconnect in 10s
2026-03-19 10:39:29,186 [ERROR] aiogram.dispatcher: Failed to fetch updates - TelegramNetworkError: HTTP Client says - ClientConnectorDNSError: Cannot connect to host api.telegram.org:443 ssl:default [getaddrinfo failed]
2026-03-19 10:39:29,198 [WARNING] aiogram.dispatcher: Sleep for 5.116520 seconds and try again... (tryings = 1124, bot id = 8749354405)
2026-03-19 10:39:34,345 [ERROR] aiogram.dispatcher: Failed to fetch updates - TelegramNetworkError: HTTP Client says - ClientConnectorDNSError: Cannot connect to host api.telegram.org:443 ssl:default [getaddrinfo failed]
2026-03-19 10:39:34,348 [WARNING] aiogram.dispatcher: Sleep for 5.067498 seconds and try again... (tryings = 1125, bot id = 8749354405)
2026-03-19 10:39:37,496 [ERROR] data.orderflow_ws: WS error: timed out during opening handshake — reconnect in 10s
2026-03-19 10:39:39,429 [ERROR] aiogram.dispatcher: Failed to fetch updates - TelegramNetworkError: HTTP Client says - ClientConnectorDNSError: Cannot connect to host api.telegram.org:443 ssl:default [getaddrinfo failed]
2026-03-19 10:39:39,430 [WARNING] aiogram.dispatcher: Sleep for 5.046540 seconds and try again... (tryings = 1126, bot id = 8749354405)
2026-03-19 10:39:44,499 [ERROR] aiogram.dispatcher: Failed to fetch updates - TelegramNetworkError: HTTP Client says - ClientConnectorDNSError: Cannot connect to host api.telegram.org:443 ssl:default [getaddrinfo failed]
2026-03-19 10:39:44,503 [WARNING] aiogram.dispatcher: Sleep for 5.256427 seconds and try again... (tryings = 1127, bot id = 8749354405)
2026-03-19 10:39:47,502 [ERROR] data.orderflow_ws: WS error: [Errno 11001] getaddrinfo failed — reconnect in 10s
2026-03-19 10:39:49,778 [ERROR] aiogram.dispatcher: Failed to fetch updates - TelegramNetworkError: HTTP Client says - ClientConnectorDNSError: Cannot connect to host api.telegram.org:443 ssl:default [getaddrinfo failed]
2026-03-19 10:39:49,780 [WARNING] aiogram.dispatcher: Sleep for 4.962029 seconds and try again... (tryings = 1128, bot id = 8749354405)
2026-03-19 10:39:57,510 [ERROR] data.orderflow_ws: WS error: [Errno 11001] getaddrinfo failed — reconnect in 10s
2026-03-19 10:40:06,822 [ERROR] aiogram.dispatcher: Failed to fetch updates - TelegramNetworkError: HTTP Client says - ClientConnectorDNSError: Cannot connect to host api.telegram.org:443 ssl:default [getaddrinfo failed]
2026-03-19 10:40:06,823 [WARNING] aiogram.dispatcher: Sleep for 5.006956 seconds and try again... (tryings = 1129, bot id = 8749354405)
2026-03-19 10:40:07,524 [ERROR] data.orderflow_ws: WS error: [Errno 11001] getaddrinfo failed — reconnect in 10s
2026-03-19 10:40:11,837 [ERROR] aiogram.dispatcher: Failed to fetch updates - TelegramNetworkError: HTTP Client says - ClientConnectorDNSError: Cannot connect to host api.telegram.org:443 ssl:default [getaddrinfo failed]
2026-03-19 10:40:11,839 [WARNING] aiogram.dispatcher: Sleep for 4.991875 seconds and try again... (tryings = 1130, bot id = 8749354405)
2026-03-19 10:40:16,841 [ERROR] aiogram.dispatcher: Failed to fetch updates - TelegramNetworkError: HTTP Client says - ClientConnectorDNSError: Cannot connect to host api.telegram.org:443 ssl:default [getaddrinfo failed]
2026-03-19 10:40:16,846 [WARNING] aiogram.dispatcher: Sleep for 5.036289 seconds and try again... (tryings = 1131, bot id = 8749354405)
2026-03-19 10:40:17,541 [ERROR] data.orderflow_ws: WS error: [Errno 11001] getaddrinfo failed — reconnect in 10s
2026-03-19 10:40:23,889 [ERROR] aiogram.dispatcher: Failed to fetch updates - TelegramNetworkError: HTTP Client says - ClientConnectorDNSError: Cannot connect to host api.telegram.org:443 ssl:default [getaddrinfo failed]
2026-03-19 10:40:23,891 [WARNING] aiogram.dispatcher: Sleep for 4.819197 seconds and try again... (tryings = 1132, bot id = 8749354405)
2026-03-19 10:40:27,565 [ERROR] data.orderflow_ws: WS error: [Errno 11001] getaddrinfo failed — reconnect in 10s
2026-03-19 10:40:28,734 [ERROR] aiogram.dispatcher: Failed to fetch updates - TelegramNetworkError: HTTP Client says - ClientConnectorDNSError: Cannot connect to host api.telegram.org:443 ssl:default [getaddrinfo failed]
2026-03-19 10:40:28,735 [WARNING] aiogram.dispatcher: Sleep for 5.097135 seconds and try again... (tryings = 1133, bot id = 8749354405)
2026-03-19 10:40:33,840 [ERROR] aiogram.dispatcher: Failed to fetch updates - TelegramNetworkError: HTTP Client says - ClientConnectorDNSError: Cannot connect to host api.telegram.org:443 ssl:default [getaddrinfo failed]
2026-03-19 10:40:33,841 [WARNING] aiogram.dispatcher: Sleep for 4.912712 seconds and try again... (tryings = 1134, bot id = 8749354405)
2026-03-19 10:40:37,592 [ERROR] data.orderflow_ws: WS error: [Errno 11001] getaddrinfo failed — reconnect in 10s
2026-03-19 10:40:38,757 [ERROR] aiogram.dispatcher: Failed to fetch updates - TelegramNetworkError: HTTP Client says - ClientConnectorDNSError: Cannot connect to host api.telegram.org:443 ssl:default [getaddrinfo failed]
2026-03-19 10:40:38,759 [WARNING] aiogram.dispatcher: Sleep for 4.992111 seconds and try again... (tryings = 1135, bot id = 8749354405)
2026-03-19 10:40:43,764 [ERROR] aiogram.dispatcher: Failed to fetch updates - TelegramNetworkError: HTTP Client says - ClientConnectorDNSError: Cannot connect to host api.telegram.org:443 ssl:default [getaddrinfo failed]
2026-03-19 10:40:43,766 [WARNING] aiogram.dispatcher: Sleep for 5.077997 seconds and try again... (tryings = 1136, bot id = 8749354405)
2026-03-19 10:40:47,625 [ERROR] data.orderflow_ws: WS error: [Errno 11001] getaddrinfo failed — reconnect in 10s
2026-03-19 10:40:48,849 [ERROR] aiogram.dispatcher: Failed to fetch updates - TelegramNetworkError: HTTP Client says - ClientConnectorDNSError: Cannot connect to host api.telegram.org:443 ssl:default [getaddrinfo failed]
2026-03-19 10:40:48,851 [WARNING] aiogram.dispatcher: Sleep for 5.055630 seconds and try again... (tryings = 1137, bot id = 8749354405)
2026-03-19 10:40:53,925 [ERROR] aiogram.dispatcher: Failed to fetch updates - TelegramNetworkError: HTTP Client says - ClientConnectorDNSError: Cannot connect to host api.telegram.org:443 ssl:default [getaddrinfo failed]
2026-03-19 10:40:53,926 [WARNING] aiogram.dispatcher: Sleep for 4.923159 seconds and try again... (tryings = 1138, bot id = 8749354405)
2026-03-19 10:41:05,967 [ERROR] aiogram.dispatcher: Failed to fetch updates - TelegramNetworkError: HTTP Client says - ClientConnectorDNSError: Cannot connect to host api.telegram.org:443 ssl:default [getaddrinfo failed]
2026-03-19 10:41:05,968 [WARNING] aiogram.dispatcher: Sleep for 5.051176 seconds and try again... (tryings = 1139, bot id = 8749354405)
2026-03-19 10:41:07,636 [ERROR] data.orderflow_ws: WS error: timed out during opening handshake — reconnect in 10s
2026-03-19 10:41:11,032 [ERROR] aiogram.dispatcher: Failed to fetch updates - TelegramNetworkError: HTTP Client says - ClientConnectorDNSError: Cannot connect to host api.telegram.org:443 ssl:default [getaddrinfo failed]
2026-03-19 10:41:11,033 [WARNING] aiogram.dispatcher: Sleep for 4.892472 seconds and try again... (tryings = 1140, bot id = 8749354405)
2026-03-19 10:41:15,931 [ERROR] aiogram.dispatcher: Failed to fetch updates - TelegramNetworkError: HTTP Client says - ClientConnectorDNSError: Cannot connect to host api.telegram.org:443 ssl:default [getaddrinfo failed]
2026-03-19 10:41:15,934 [WARNING] aiogram.dispatcher: Sleep for 4.909221 seconds and try again... (tryings = 1141, bot id = 8749354405)
2026-03-19 10:41:17,650 [ERROR] data.orderflow_ws: WS error: [Errno 11001] getaddrinfo failed — reconnect in 10s
2026-03-19 10:41:32,898 [ERROR] aiogram.dispatcher: Failed to fetch updates - TelegramNetworkError: HTTP Client says - ClientConnectorDNSError: Cannot connect to host api.telegram.org:443 ssl:default [getaddrinfo failed]
2026-03-19 10:41:32,900 [WARNING] aiogram.dispatcher: Sleep for 5.031983 seconds and try again... (tryings = 1142, bot id = 8749354405)
2026-03-19 10:41:37,673 [ERROR] data.orderflow_ws: WS error: timed out during opening handshake — reconnect in 10s
2026-03-19 10:41:37,953 [ERROR] aiogram.dispatcher: Failed to fetch updates - TelegramNetworkError: HTTP Client says - ClientConnectorDNSError: Cannot connect to host api.telegram.org:443 ssl:default [getaddrinfo failed]
2026-03-19 10:41:37,954 [WARNING] aiogram.dispatcher: Sleep for 5.031713 seconds and try again... (tryings = 1143, bot id = 8749354405)
2026-03-19 10:41:43,004 [ERROR] aiogram.dispatcher: Failed to fetch updates - TelegramNetworkError: HTTP Client says - ClientConnectorDNSError: Cannot connect to host api.telegram.org:443 ssl:default [getaddrinfo failed]
2026-03-19 10:41:43,012 [WARNING] aiogram.dispatcher: Sleep for 5.046173 seconds and try again... (tryings = 1144, bot id = 8749354405)
2026-03-19 10:41:47,677 [ERROR] data.orderflow_ws: WS error: [Errno 11001] getaddrinfo failed — reconnect in 10s
2026-03-19 10:41:48,076 [ERROR] aiogram.dispatcher: Failed to fetch updates - TelegramNetworkError: HTTP Client says - ClientConnectorDNSError: Cannot connect to host api.telegram.org:443 ssl:default [getaddrinfo failed]
2026-03-19 10:41:48,080 [WARNING] aiogram.dispatcher: Sleep for 5.073599 seconds and try again... (tryings = 1145, bot id = 8749354405)
2026-03-19 10:41:57,692 [ERROR] data.orderflow_ws: WS error: [Errno 11001] getaddrinfo failed — reconnect in 10s
2026-03-19 10:42:05,246 [ERROR] aiogram.dispatcher: Failed to fetch updates - TelegramNetworkError: HTTP Client says - ClientConnectorDNSError: Cannot connect to host api.telegram.org:443 ssl:default [getaddrinfo failed]
2026-03-19 10:42:05,248 [WARNING] aiogram.dispatcher: Sleep for 5.063159 seconds and try again... (tryings = 1146, bot id = 8749354405)
2026-03-19 10:42:17,702 [ERROR] data.orderflow_ws: WS error: timed out during opening handshake — reconnect in 10s
2026-03-19 10:42:22,393 [ERROR] aiogram.dispatcher: Failed to fetch updates - TelegramNetworkError: HTTP Client says - ClientConnectorDNSError: Cannot connect to host api.telegram.org:443 ssl:default [getaddrinfo failed]
2026-03-19 10:42:22,398 [WARNING] aiogram.dispatcher: Sleep for 5.219308 seconds and try again... (tryings = 1147, bot id = 8749354405)
2026-03-19 10:42:37,721 [ERROR] data.orderflow_ws: WS error: timed out during opening handshake — reconnect in 10s
2026-03-19 10:42:39,722 [ERROR] aiogram.dispatcher: Failed to fetch updates - TelegramNetworkError: HTTP Client says - ClientConnectorDNSError: Cannot connect to host api.telegram.org:443 ssl:default [getaddrinfo failed]
2026-03-19 10:42:39,723 [WARNING] aiogram.dispatcher: Sleep for 5.085465 seconds and try again... (tryings = 1148, bot id = 8749354405)
2026-03-19 10:42:56,871 [ERROR] aiogram.dispatcher: Failed to fetch updates - TelegramNetworkError: HTTP Client says - ClientConnectorDNSError: Cannot connect to host api.telegram.org:443 ssl:default [getaddrinfo failed]
2026-03-19 10:42:56,873 [WARNING] aiogram.dispatcher: Sleep for 4.816066 seconds and try again... (tryings = 1149, bot id = 8749354405)
2026-03-19 10:42:57,746 [ERROR] data.orderflow_ws: WS error: timed out during opening handshake — reconnect in 10s
2026-03-19 10:43:13,774 [ERROR] aiogram.dispatcher: Failed to fetch updates - TelegramNetworkError: HTTP Client says - ClientConnectorDNSError: Cannot connect to host api.telegram.org:443 ssl:default [getaddrinfo failed]
2026-03-19 10:43:13,785 [WARNING] aiogram.dispatcher: Sleep for 5.237725 seconds and try again... (tryings = 1150, bot id = 8749354405)
2026-03-19 10:43:17,755 [ERROR] data.orderflow_ws: WS error: timed out during opening handshake — reconnect in 10s
2026-03-19 10:43:31,071 [ERROR] aiogram.dispatcher: Failed to fetch updates - TelegramNetworkError: HTTP Client says - ClientConnectorDNSError: Cannot connect to host api.telegram.org:443 ssl:default [getaddrinfo failed]
2026-03-19 10:43:31,072 [WARNING] aiogram.dispatcher: Sleep for 5.045748 seconds and try again... (tryings = 1151, bot id = 8749354405)
2026-03-19 10:43:37,802 [ERROR] data.orderflow_ws: WS error: timed out during opening handshake — reconnect in 10s
2026-03-19 10:43:48,198 [ERROR] aiogram.dispatcher: Failed to fetch updates - TelegramNetworkError: HTTP Client says - ClientConnectorDNSError: Cannot connect to host api.telegram.org:443 ssl:default [getaddrinfo failed]
2026-03-19 10:43:48,200 [WARNING] aiogram.dispatcher: Sleep for 5.085684 seconds and try again... (tryings = 1152, bot id = 8749354405)
2026-03-19 10:43:57,840 [ERROR] data.orderflow_ws: WS error: timed out during opening handshake — reconnect in 10s
2026-03-19 10:44:05,344 [ERROR] aiogram.dispatcher: Failed to fetch updates - TelegramNetworkError: HTTP Client says - ClientConnectorDNSError: Cannot connect to host api.telegram.org:443 ssl:default [getaddrinfo failed]
2026-03-19 10:44:05,345 [WARNING] aiogram.dispatcher: Sleep for 4.891551 seconds and try again... (tryings = 1153, bot id = 8749354405)
2026-03-19 10:44:17,858 [ERROR] data.orderflow_ws: WS error: timed out during opening handshake — reconnect in 10s
2026-03-19 10:44:22,311 [ERROR] aiogram.dispatcher: Failed to fetch updates - TelegramNetworkError: HTTP Client says - ClientConnectorDNSError: Cannot connect to host api.telegram.org:443 ssl:default [getaddrinfo failed]
2026-03-19 10:44:22,318 [WARNING] aiogram.dispatcher: Sleep for 4.997716 seconds and try again... (tryings = 1154, bot id = 8749354405)
2026-03-19 10:44:37,889 [ERROR] data.orderflow_ws: WS error: timed out during opening handshake — reconnect in 10s
2026-03-19 10:44:39,380 [ERROR] aiogram.dispatcher: Failed to fetch updates - TelegramNetworkError: HTTP Client says - ClientConnectorDNSError: Cannot connect to host api.telegram.org:443 ssl:default [getaddrinfo failed]
2026-03-19 10:44:39,385 [WARNING] aiogram.dispatcher: Sleep for 5.143300 seconds and try again... (tryings = 1155, bot id = 8749354405)
2026-03-19 10:44:56,593 [ERROR] aiogram.dispatcher: Failed to fetch updates - TelegramNetworkError: HTTP Client says - ClientConnectorDNSError: Cannot connect to host api.telegram.org:443 ssl:default [getaddrinfo failed]
2026-03-19 10:44:56,599 [WARNING] aiogram.dispatcher: Sleep for 5.070898 seconds and try again... (tryings = 1156, bot id = 8749354405)
2026-03-19 10:44:57,924 [ERROR] data.orderflow_ws: WS error: timed out during opening handshake — reconnect in 10s
2026-03-19 10:45:03,019 [INFO] apscheduler.executors.default: Running job "analysis_cycle (trigger: cron[minute='*/15', second='3'], next run at: 2026-03-19 11:00:03 MSK)" (scheduled at 2026-03-19 10:45:03+03:00)
2026-03-19 10:45:03,020 [INFO] __main__: ── Analysis cycle start ──────────────────
2026-03-19 10:45:13,299 [ERROR] engine.pipeline: Candle load failed: 
2026-03-19 10:45:13,301 [INFO] apscheduler.executors.default: Job "analysis_cycle (trigger: cron[minute='*/15', second='3'], next run at: 2026-03-19 11:00:03 MSK)" executed successfully
2026-03-19 10:45:13,702 [ERROR] aiogram.dispatcher: Failed to fetch updates - TelegramNetworkError: HTTP Client says - ClientConnectorDNSError: Cannot connect to host api.telegram.org:443 ssl:default [getaddrinfo failed]
2026-03-19 10:45:13,708 [WARNING] aiogram.dispatcher: Sleep for 5.040388 seconds and try again... (tryings = 1157, bot id = 8749354405)
2026-03-19 10:45:15,084 [ERROR] asyncio: gaierror exception in shielded future
future: <Task finished name='Task-1267' coro=<TCPConnector._resolve_host_with_throttle() done, defined at C:\Users\89118\AppData\Roaming\Python\Python314\site-packages\aiohttp\connector.py:1188> exception=gaierror(11001, 'getaddrinfo failed')>
Traceback (most recent call last):
  File "C:\Users\89118\AppData\Roaming\Python\Python314\site-packages\aiohttp\connector.py", line 1209, in _resolve_host_with_throttle
    addrs = await self._resolver.resolve(host, port, family=self._family)
            ^^^^^^^^^^^^^^^^^^^^^^^^^^^^^^^^^^^^^^^^^^^^^^^^^^^^^^^^^^^^^
  File "C:\Users\89118\AppData\Roaming\Python\Python314\site-packages\aiohttp\resolver.py", line 40, in resolve
    infos = await self._loop.getaddrinfo(
            ^^^^^^^^^^^^^^^^^^^^^^^^^^^^^
    ...<5 lines>...
    )
    ^
  File "C:\Python314\Lib\asyncio\base_events.py", line 936, in getaddrinfo
    return await self.run_in_executor(
           ^^^^^^^^^^^^^^^^^^^^^^^^^^^
        None, getaddr_func, host, port, family, type, proto, flags)
        ^^^^^^^^^^^^^^^^^^^^^^^^^^^^^^^^^^^^^^^^^^^^^^^^^^^^^^^^^^^
  File "C:\Python314\Lib\concurrent\futures\thread.py", line 86, in run
    result = ctx.run(self.task)
  File "C:\Python314\Lib\concurrent\futures\thread.py", line 73, in run
    return fn(*args, **kwargs)
  File "C:\Python314\Lib\socket.py", line 983, in getaddrinfo
    for res in _socket.getaddrinfo(host, port, family, type, proto, flags):
               ~~~~~~~~~~~~~~~~~~~^^^^^^^^^^^^^^^^^^^^^^^^^^^^^^^^^^^^^^^^
socket.gaierror: [Errno 11001] getaddrinfo failed
2026-03-19 10:45:17,974 [ERROR] data.orderflow_ws: WS error: timed out during opening handshake — reconnect in 10s
2026-03-19 10:45:30,808 [ERROR] aiogram.dispatcher: Failed to fetch updates - TelegramNetworkError: HTTP Client says - ClientConnectorDNSError: Cannot connect to host api.telegram.org:443 ssl:default [getaddrinfo failed]
2026-03-19 10:45:30,810 [WARNING] aiogram.dispatcher: Sleep for 4.901472 seconds and try again... (tryings = 1158, bot id = 8749354405)
2026-03-19 10:45:38,003 [ERROR] data.orderflow_ws: WS error: timed out during opening handshake — reconnect in 10s
2026-03-19 10:45:47,755 [ERROR] aiogram.dispatcher: Failed to fetch updates - TelegramNetworkError: HTTP Client says - ClientConnectorDNSError: Cannot connect to host api.telegram.org:443 ssl:default [getaddrinfo failed]
2026-03-19 10:45:47,756 [WARNING] aiogram.dispatcher: Sleep for 4.927909 seconds and try again... (tryings = 1159, bot id = 8749354405)
2026-03-19 10:45:58,016 [ERROR] data.orderflow_ws: WS error: timed out during opening handshake — reconnect in 10s
2026-03-19 10:46:04,769 [ERROR] aiogram.dispatcher: Failed to fetch updates - TelegramNetworkError: HTTP Client says - ClientConnectorDNSError: Cannot connect to host api.telegram.org:443 ssl:default [getaddrinfo failed]
2026-03-19 10:46:04,770 [WARNING] aiogram.dispatcher: Sleep for 4.831639 seconds and try again... (tryings = 1160, bot id = 8749354405)
2026-03-19 10:46:18,068 [ERROR] data.orderflow_ws: WS error: timed out during opening handshake — reconnect in 10s
2026-03-19 10:46:21,686 [ERROR] aiogram.dispatcher: Failed to fetch updates - TelegramNetworkError: HTTP Client says - ClientConnectorDNSError: Cannot connect to host api.telegram.org:443 ssl:default [getaddrinfo failed]
2026-03-19 10:46:21,691 [WARNING] aiogram.dispatcher: Sleep for 5.041125 seconds and try again... (tryings = 1161, bot id = 8749354405)
2026-03-19 10:46:38,094 [ERROR] data.orderflow_ws: WS error: timed out during opening handshake — reconnect in 10s
2026-03-19 10:46:38,814 [ERROR] aiogram.dispatcher: Failed to fetch updates - TelegramNetworkError: HTTP Client says - ClientConnectorDNSError: Cannot connect to host api.telegram.org:443 ssl:default [getaddrinfo failed]
2026-03-19 10:46:38,816 [WARNING] aiogram.dispatcher: Sleep for 5.000819 seconds and try again... (tryings = 1162, bot id = 8749354405)
2026-03-19 10:46:55,895 [ERROR] aiogram.dispatcher: Failed to fetch updates - TelegramNetworkError: HTTP Client says - ClientConnectorDNSError: Cannot connect to host api.telegram.org:443 ssl:default [getaddrinfo failed]
2026-03-19 10:46:55,899 [WARNING] aiogram.dispatcher: Sleep for 5.049321 seconds and try again... (tryings = 1163, bot id = 8749354405)
2026-03-19 10:46:58,127 [ERROR] data.orderflow_ws: WS error: timed out during opening handshake — reconnect in 10s
2026-03-19 10:47:13,050 [ERROR] aiogram.dispatcher: Failed to fetch updates - TelegramNetworkError: HTTP Client says - ClientConnectorDNSError: Cannot connect to host api.telegram.org:443 ssl:default [getaddrinfo failed]
2026-03-19 10:47:13,052 [WARNING] aiogram.dispatcher: Sleep for 5.017489 seconds and try again... (tryings = 1164, bot id = 8749354405)
2026-03-19 10:47:18,165 [ERROR] data.orderflow_ws: WS error: timed out during opening handshake — reconnect in 10s
2026-03-19 10:47:30,153 [ERROR] aiogram.dispatcher: Failed to fetch updates - TelegramNetworkError: HTTP Client says - ClientConnectorDNSError: Cannot connect to host api.telegram.org:443 ssl:default [getaddrinfo failed]
2026-03-19 10:47:30,155 [WARNING] aiogram.dispatcher: Sleep for 5.038853 seconds and try again... (tryings = 1165, bot id = 8749354405)
2026-03-19 10:47:38,178 [ERROR] data.orderflow_ws: WS error: timed out during opening handshake — reconnect in 10s
2026-03-19 10:47:47,277 [ERROR] aiogram.dispatcher: Failed to fetch updates - TelegramNetworkError: HTTP Client says - ClientConnectorDNSError: Cannot connect to host api.telegram.org:443 ssl:default [getaddrinfo failed]
2026-03-19 10:47:47,278 [WARNING] aiogram.dispatcher: Sleep for 4.887795 seconds and try again... (tryings = 1166, bot id = 8749354405)
2026-03-19 10:47:58,223 [ERROR] data.orderflow_ws: WS error: timed out during opening handshake — reconnect in 10s
2026-03-19 10:48:04,227 [ERROR] aiogram.dispatcher: Failed to fetch updates - TelegramNetworkError: HTTP Client says - ClientConnectorDNSError: Cannot connect to host api.telegram.org:443 ssl:default [getaddrinfo failed]
2026-03-19 10:48:04,229 [WARNING] aiogram.dispatcher: Sleep for 5.137317 seconds and try again... (tryings = 1167, bot id = 8749354405)
2026-03-19 10:48:18,248 [ERROR] data.orderflow_ws: WS error: timed out during opening handshake — reconnect in 10s
2026-03-19 10:48:21,437 [ERROR] aiogram.dispatcher: Failed to fetch updates - TelegramNetworkError: HTTP Client says - ClientConnectorDNSError: Cannot connect to host api.telegram.org:443 ssl:default [getaddrinfo failed]
2026-03-19 10:48:21,442 [WARNING] aiogram.dispatcher: Sleep for 5.164774 seconds and try again... (tryings = 1168, bot id = 8749354405)
2026-03-19 10:48:38,279 [ERROR] data.orderflow_ws: WS error: timed out during opening handshake — reconnect in 10s
2026-03-19 10:48:38,693 [ERROR] aiogram.dispatcher: Failed to fetch updates - TelegramNetworkError: HTTP Client says - ClientConnectorDNSError: Cannot connect to host api.telegram.org:443 ssl:default [getaddrinfo failed]
2026-03-19 10:48:38,699 [WARNING] aiogram.dispatcher: Sleep for 4.751773 seconds and try again... (tryings = 1169, bot id = 8749354405)
2026-03-19 10:48:55,521 [ERROR] aiogram.dispatcher: Failed to fetch updates - TelegramNetworkError: HTTP Client says - ClientConnectorDNSError: Cannot connect to host api.telegram.org:443 ssl:default [getaddrinfo failed]
2026-03-19 10:48:55,522 [WARNING] aiogram.dispatcher: Sleep for 4.992384 seconds and try again... (tryings = 1170, bot id = 8749354405)
2026-03-19 10:48:58,311 [ERROR] data.orderflow_ws: WS error: timed out during opening handshake — reconnect in 10s
2026-03-19 10:49:12,570 [ERROR] aiogram.dispatcher: Failed to fetch updates - TelegramNetworkError: HTTP Client says - ClientConnectorDNSError: Cannot connect to host api.telegram.org:443 ssl:default [getaddrinfo failed]
2026-03-19 10:49:12,571 [WARNING] aiogram.dispatcher: Sleep for 4.996083 seconds and try again... (tryings = 1171, bot id = 8749354405)
2026-03-19 10:49:18,334 [ERROR] data.orderflow_ws: WS error: timed out during opening handshake — reconnect in 10s
2026-03-19 10:49:29,628 [ERROR] aiogram.dispatcher: Failed to fetch updates - TelegramNetworkError: HTTP Client says - ClientConnectorDNSError: Cannot connect to host api.telegram.org:443 ssl:default [getaddrinfo failed]
2026-03-19 10:49:29,630 [WARNING] aiogram.dispatcher: Sleep for 5.008393 seconds and try again... (tryings = 1172, bot id = 8749354405)
2026-03-19 10:49:38,372 [ERROR] data.orderflow_ws: WS error: timed out during opening handshake — reconnect in 10s
2026-03-19 10:49:46,726 [ERROR] aiogram.dispatcher: Failed to fetch updates - TelegramNetworkError: HTTP Client says - ClientConnectorDNSError: Cannot connect to host api.telegram.org:443 ssl:default [getaddrinfo failed]
2026-03-19 10:49:46,727 [WARNING] aiogram.dispatcher: Sleep for 5.245301 seconds and try again... (tryings = 1173, bot id = 8749354405)
2026-03-19 10:49:58,380 [ERROR] data.orderflow_ws: WS error: timed out during opening handshake — reconnect in 10s
2026-03-19 10:50:04,017 [ERROR] aiogram.dispatcher: Failed to fetch updates - TelegramNetworkError: HTTP Client says - ClientConnectorDNSError: Cannot connect to host api.telegram.org:443 ssl:default [getaddrinfo failed]
2026-03-19 10:50:04,024 [WARNING] aiogram.dispatcher: Sleep for 5.199806 seconds and try again... (tryings = 1174, bot id = 8749354405)
2026-03-19 10:50:18,419 [ERROR] data.orderflow_ws: WS error: timed out during opening handshake — reconnect in 10s
2026-03-19 10:50:21,310 [ERROR] aiogram.dispatcher: Failed to fetch updates - TelegramNetworkError: HTTP Client says - ClientConnectorDNSError: Cannot connect to host api.telegram.org:443 ssl:default [getaddrinfo failed]
2026-03-19 10:50:21,312 [WARNING] aiogram.dispatcher: Sleep for 4.923209 seconds and try again... (tryings = 1175, bot id = 8749354405)
2026-03-19 10:50:38,343 [ERROR] aiogram.dispatcher: Failed to fetch updates - TelegramNetworkError: HTTP Client says - ClientConnectorDNSError: Cannot connect to host api.telegram.org:443 ssl:default [getaddrinfo failed]
2026-03-19 10:50:38,345 [WARNING] aiogram.dispatcher: Sleep for 4.709506 seconds and try again... (tryings = 1176, bot id = 8749354405)
2026-03-19 10:50:38,438 [ERROR] data.orderflow_ws: WS error: timed out during opening handshake — reconnect in 10s
2026-03-19 10:50:55,158 [ERROR] aiogram.dispatcher: Failed to fetch updates - TelegramNetworkError: HTTP Client says - ClientConnectorDNSError: Cannot connect to host api.telegram.org:443 ssl:default [getaddrinfo failed]
2026-03-19 10:50:55,159 [WARNING] aiogram.dispatcher: Sleep for 4.943352 seconds and try again... (tryings = 1177, bot id = 8749354405)
2026-03-19 10:50:58,465 [ERROR] data.orderflow_ws: WS error: timed out during opening handshake — reconnect in 10s
2026-03-19 10:51:12,181 [ERROR] aiogram.dispatcher: Failed to fetch updates - TelegramNetworkError: HTTP Client says - ClientConnectorDNSError: Cannot connect to host api.telegram.org:443 ssl:default [getaddrinfo failed]
2026-03-19 10:51:12,182 [WARNING] aiogram.dispatcher: Sleep for 5.102836 seconds and try again... (tryings = 1178, bot id = 8749354405)
2026-03-19 10:51:18,504 [ERROR] data.orderflow_ws: WS error: timed out during opening handshake — reconnect in 10s
2026-03-19 10:51:29,339 [ERROR] aiogram.dispatcher: Failed to fetch updates - TelegramNetworkError: HTTP Client says - ClientConnectorDNSError: Cannot connect to host api.telegram.org:443 ssl:default [getaddrinfo failed]
2026-03-19 10:51:29,341 [WARNING] aiogram.dispatcher: Sleep for 5.024987 seconds and try again... (tryings = 1179, bot id = 8749354405)
2026-03-19 10:51:38,516 [ERROR] data.orderflow_ws: WS error: timed out during opening handshake — reconnect in 10s
2026-03-19 10:51:46,432 [ERROR] aiogram.dispatcher: Failed to fetch updates - TelegramNetworkError: HTTP Client says - ClientConnectorDNSError: Cannot connect to host api.telegram.org:443 ssl:default [getaddrinfo failed]
2026-03-19 10:51:46,433 [WARNING] aiogram.dispatcher: Sleep for 4.796850 seconds and try again... (tryings = 1180, bot id = 8749354405)
2026-03-19 10:51:58,541 [ERROR] data.orderflow_ws: WS error: timed out during opening handshake — reconnect in 10s
2026-03-19 10:52:03,303 [ERROR] aiogram.dispatcher: Failed to fetch updates - TelegramNetworkError: HTTP Client says - ClientConnectorDNSError: Cannot connect to host api.telegram.org:443 ssl:default [getaddrinfo failed]
2026-03-19 10:52:03,304 [WARNING] aiogram.dispatcher: Sleep for 4.729030 seconds and try again... (tryings = 1181, bot id = 8749354405)
2026-03-19 10:52:18,562 [ERROR] data.orderflow_ws: WS error: timed out during opening handshake — reconnect in 10s
2026-03-19 10:52:20,101 [ERROR] aiogram.dispatcher: Failed to fetch updates - TelegramNetworkError: HTTP Client says - ClientConnectorDNSError: Cannot connect to host api.telegram.org:443 ssl:default [getaddrinfo failed]
2026-03-19 10:52:20,104 [WARNING] aiogram.dispatcher: Sleep for 4.980229 seconds and try again... (tryings = 1182, bot id = 8749354405)
2026-03-19 10:52:36,319 [ERROR] aiogram.dispatcher: Failed to fetch updates - TelegramNetworkError: HTTP Client says - ClientConnectorDNSError: Cannot connect to host api.telegram.org:443 ssl:default [getaddrinfo failed]
2026-03-19 10:52:36,327 [WARNING] aiogram.dispatcher: Sleep for 5.025117 seconds and try again... (tryings = 1183, bot id = 8749354405)
2026-03-19 10:52:38,594 [ERROR] data.orderflow_ws: WS error: timed out during opening handshake — reconnect in 10s
2026-03-19 10:52:52,616 [ERROR] aiogram.dispatcher: Failed to fetch updates - TelegramNetworkError: HTTP Client says - ClientConnectorDNSError: Cannot connect to host api.telegram.org:443 ssl:default [getaddrinfo failed]
2026-03-19 10:52:52,620 [WARNING] aiogram.dispatcher: Sleep for 5.098444 seconds and try again... (tryings = 1184, bot id = 8749354405)
2026-03-19 10:52:58,612 [ERROR] data.orderflow_ws: WS error: timed out during opening handshake — reconnect in 10s
2026-03-19 10:53:08,961 [ERROR] aiogram.dispatcher: Failed to fetch updates - TelegramNetworkError: HTTP Client says - ClientConnectorDNSError: Cannot connect to host api.telegram.org:443 ssl:default [getaddrinfo failed]
2026-03-19 10:53:08,963 [WARNING] aiogram.dispatcher: Sleep for 5.050607 seconds and try again... (tryings = 1185, bot id = 8749354405)
2026-03-19 10:53:18,641 [ERROR] data.orderflow_ws: WS error: timed out during opening handshake — reconnect in 10s
2026-03-19 10:53:25,284 [ERROR] aiogram.dispatcher: Failed to fetch updates - TelegramNetworkError: HTTP Client says - ClientConnectorDNSError: Cannot connect to host api.telegram.org:443 ssl:default [getaddrinfo failed]
2026-03-19 10:53:25,286 [WARNING] aiogram.dispatcher: Sleep for 5.086367 seconds and try again... (tryings = 1186, bot id = 8749354405)
2026-03-19 10:53:38,663 [ERROR] data.orderflow_ws: WS error: timed out during opening handshake — reconnect in 10s
2026-03-19 10:53:41,615 [ERROR] aiogram.dispatcher: Failed to fetch updates - TelegramNetworkError: HTTP Client says - ClientConnectorDNSError: Cannot connect to host api.telegram.org:443 ssl:default [getaddrinfo failed]
2026-03-19 10:53:41,621 [WARNING] aiogram.dispatcher: Sleep for 4.980400 seconds and try again... (tryings = 1187, bot id = 8749354405)
2026-03-19 10:53:57,847 [ERROR] aiogram.dispatcher: Failed to fetch updates - TelegramNetworkError: HTTP Client says - ClientConnectorDNSError: Cannot connect to host api.telegram.org:443 ssl:default [getaddrinfo failed]
2026-03-19 10:53:57,848 [WARNING] aiogram.dispatcher: Sleep for 4.977252 seconds and try again... (tryings = 1188, bot id = 8749354405)
2026-03-19 10:53:58,702 [ERROR] data.orderflow_ws: WS error: timed out during opening handshake — reconnect in 10s
2026-03-19 10:54:14,078 [ERROR] aiogram.dispatcher: Failed to fetch updates - TelegramNetworkError: HTTP Client says - ClientConnectorDNSError: Cannot connect to host api.telegram.org:443 ssl:default [getaddrinfo failed]
2026-03-19 10:54:14,080 [WARNING] aiogram.dispatcher: Sleep for 4.847985 seconds and try again... (tryings = 1189, bot id = 8749354405)
2026-03-19 10:54:18,743 [ERROR] data.orderflow_ws: WS error: timed out during opening handshake — reconnect in 10s
2026-03-19 10:54:30,172 [ERROR] aiogram.dispatcher: Failed to fetch updates - TelegramNetworkError: HTTP Client says - ClientConnectorDNSError: Cannot connect to host api.telegram.org:443 ssl:default [getaddrinfo failed]
2026-03-19 10:54:30,173 [WARNING] aiogram.dispatcher: Sleep for 4.730388 seconds and try again... (tryings = 1190, bot id = 8749354405)
2026-03-19 10:54:38,768 [ERROR] data.orderflow_ws: WS error: timed out during opening handshake — reconnect in 10s
2026-03-19 10:54:46,148 [ERROR] aiogram.dispatcher: Failed to fetch updates - TelegramNetworkError: HTTP Client says - ClientConnectorDNSError: Cannot connect to host api.telegram.org:443 ssl:default [getaddrinfo failed]
2026-03-19 10:54:46,150 [WARNING] aiogram.dispatcher: Sleep for 5.086354 seconds and try again... (tryings = 1191, bot id = 8749354405)
2026-03-19 10:54:58,810 [ERROR] data.orderflow_ws: WS error: timed out during opening handshake — reconnect in 10s
2026-03-19 10:55:02,468 [ERROR] aiogram.dispatcher: Failed to fetch updates - TelegramNetworkError: HTTP Client says - ClientConnectorDNSError: Cannot connect to host api.telegram.org:443 ssl:default [getaddrinfo failed]
2026-03-19 10:55:02,471 [WARNING] aiogram.dispatcher: Sleep for 5.022201 seconds and try again... (tryings = 1192, bot id = 8749354405)
2026-03-19 10:55:18,746 [ERROR] aiogram.dispatcher: Failed to fetch updates - TelegramNetworkError: HTTP Client says - ClientConnectorDNSError: Cannot connect to host api.telegram.org:443 ssl:default [getaddrinfo failed]
2026-03-19 10:55:18,747 [WARNING] aiogram.dispatcher: Sleep for 4.980728 seconds and try again... (tryings = 1193, bot id = 8749354405)
2026-03-19 10:55:18,835 [ERROR] data.orderflow_ws: WS error: timed out during opening handshake — reconnect in 10s
2026-03-19 10:55:34,979 [ERROR] aiogram.dispatcher: Failed to fetch updates - TelegramNetworkError: HTTP Client says - ClientConnectorDNSError: Cannot connect to host api.telegram.org:443 ssl:default [getaddrinfo failed]
2026-03-19 10:55:34,981 [WARNING] aiogram.dispatcher: Sleep for 5.022750 seconds and try again... (tryings = 1194, bot id = 8749354405)
2026-03-19 10:55:38,874 [ERROR] data.orderflow_ws: WS error: timed out during opening handshake — reconnect in 10s
2026-03-19 10:55:51,261 [ERROR] aiogram.dispatcher: Failed to fetch updates - TelegramNetworkError: HTTP Client says - ClientConnectorDNSError: Cannot connect to host api.telegram.org:443 ssl:default [getaddrinfo failed]
2026-03-19 10:55:51,265 [WARNING] aiogram.dispatcher: Sleep for 4.841530 seconds and try again... (tryings = 1195, bot id = 8749354405)
2026-03-19 10:55:58,906 [ERROR] data.orderflow_ws: WS error: timed out during opening handshake — reconnect in 10s
2026-03-19 10:56:07,344 [ERROR] aiogram.dispatcher: Failed to fetch updates - TelegramNetworkError: HTTP Client says - ClientConnectorDNSError: Cannot connect to host api.telegram.org:443 ssl:default [getaddrinfo failed]
2026-03-19 10:56:07,346 [WARNING] aiogram.dispatcher: Sleep for 4.966224 seconds and try again... (tryings = 1196, bot id = 8749354405)
2026-03-19 10:56:18,911 [ERROR] data.orderflow_ws: WS error: timed out during opening handshake — reconnect in 10s
2026-03-19 10:56:23,568 [ERROR] aiogram.dispatcher: Failed to fetch updates - TelegramNetworkError: HTTP Client says - ClientConnectorDNSError: Cannot connect to host api.telegram.org:443 ssl:default [getaddrinfo failed]
2026-03-19 10:56:23,569 [WARNING] aiogram.dispatcher: Sleep for 4.888688 seconds and try again... (tryings = 1197, bot id = 8749354405)
2026-03-19 10:56:38,939 [ERROR] data.orderflow_ws: WS error: timed out during opening handshake — reconnect in 10s
2026-03-19 10:56:39,718 [ERROR] aiogram.dispatcher: Failed to fetch updates - TelegramNetworkError: HTTP Client says - ClientConnectorDNSError: Cannot connect to host api.telegram.org:443 ssl:default [getaddrinfo failed]
2026-03-19 10:56:39,723 [WARNING] aiogram.dispatcher: Sleep for 5.007883 seconds and try again... (tryings = 1198, bot id = 8749354405)
2026-03-19 10:56:56,003 [ERROR] aiogram.dispatcher: Failed to fetch updates - TelegramNetworkError: HTTP Client says - ClientConnectorDNSError: Cannot connect to host api.telegram.org:443 ssl:default [getaddrinfo failed]
2026-03-19 10:56:56,007 [WARNING] aiogram.dispatcher: Sleep for 4.890258 seconds and try again... (tryings = 1199, bot id = 8749354405)
2026-03-19 10:56:58,980 [ERROR] data.orderflow_ws: WS error: timed out during opening handshake — reconnect in 10s
2026-03-19 10:57:12,168 [ERROR] aiogram.dispatcher: Failed to fetch updates - TelegramNetworkError: HTTP Client says - ClientConnectorDNSError: Cannot connect to host api.telegram.org:443 ssl:default [getaddrinfo failed]
2026-03-19 10:57:12,174 [WARNING] aiogram.dispatcher: Sleep for 4.873203 seconds and try again... (tryings = 1200, bot id = 8749354405)
2026-03-19 10:57:19,006 [ERROR] data.orderflow_ws: WS error: timed out during opening handshake — reconnect in 10s
2026-03-19 10:57:28,338 [ERROR] aiogram.dispatcher: Failed to fetch updates - TelegramNetworkError: HTTP Client says - ClientConnectorDNSError: Cannot connect to host api.telegram.org:443 ssl:default [getaddrinfo failed]
2026-03-19 10:57:28,340 [WARNING] aiogram.dispatcher: Sleep for 4.985773 seconds and try again... (tryings = 1201, bot id = 8749354405)
2026-03-19 10:57:39,029 [ERROR] data.orderflow_ws: WS error: timed out during opening handshake — reconnect in 10s
2026-03-19 10:57:44,586 [ERROR] aiogram.dispatcher: Failed to fetch updates - TelegramNetworkError: HTTP Client says - ClientConnectorDNSError: Cannot connect to host api.telegram.org:443 ssl:default [getaddrinfo failed]
2026-03-19 10:57:44,589 [WARNING] aiogram.dispatcher: Sleep for 5.106228 seconds and try again... (tryings = 1202, bot id = 8749354405)
2026-03-19 10:57:59,070 [ERROR] data.orderflow_ws: WS error: timed out during opening handshake — reconnect in 10s
2026-03-19 10:58:00,940 [ERROR] aiogram.dispatcher: Failed to fetch updates - TelegramNetworkError: HTTP Client says - ClientConnectorDNSError: Cannot connect to host api.telegram.org:443 ssl:default [getaddrinfo failed]
2026-03-19 10:58:00,945 [WARNING] aiogram.dispatcher: Sleep for 4.766471 seconds and try again... (tryings = 1203, bot id = 8749354405)
2026-03-19 10:58:16,959 [ERROR] aiogram.dispatcher: Failed to fetch updates - TelegramNetworkError: HTTP Client says - ClientConnectorDNSError: Cannot connect to host api.telegram.org:443 ssl:default [getaddrinfo failed]
2026-03-19 10:58:16,964 [WARNING] aiogram.dispatcher: Sleep for 5.090105 seconds and try again... (tryings = 1204, bot id = 8749354405)
2026-03-19 10:58:19,093 [ERROR] data.orderflow_ws: WS error: timed out during opening handshake — reconnect in 10s
2026-03-19 10:58:33,292 [ERROR] aiogram.dispatcher: Failed to fetch updates - TelegramNetworkError: HTTP Client says - ClientConnectorDNSError: Cannot connect to host api.telegram.org:443 ssl:default [getaddrinfo failed]
2026-03-19 10:58:33,293 [WARNING] aiogram.dispatcher: Sleep for 4.973184 seconds and try again... (tryings = 1205, bot id = 8749354405)
2026-03-19 10:58:39,122 [ERROR] data.orderflow_ws: WS error: timed out during opening handshake — reconnect in 10s
2026-03-19 10:58:49,520 [ERROR] aiogram.dispatcher: Failed to fetch updates - TelegramNetworkError: HTTP Client says - ClientConnectorDNSError: Cannot connect to host api.telegram.org:443 ssl:default [getaddrinfo failed]
2026-03-19 10:58:49,521 [WARNING] aiogram.dispatcher: Sleep for 4.970121 seconds and try again... (tryings = 1206, bot id = 8749354405)
2026-03-19 10:58:59,147 [ERROR] data.orderflow_ws: WS error: timed out during opening handshake — reconnect in 10s
2026-03-19 10:59:05,723 [ERROR] aiogram.dispatcher: Failed to fetch updates - TelegramNetworkError: HTTP Client says - ClientConnectorDNSError: Cannot connect to host api.telegram.org:443 ssl:default [getaddrinfo failed]
2026-03-19 10:59:05,725 [WARNING] aiogram.dispatcher: Sleep for 4.893859 seconds and try again... (tryings = 1207, bot id = 8749354405)
2026-03-19 10:59:19,175 [ERROR] data.orderflow_ws: WS error: timed out during opening handshake — reconnect in 10s
2026-03-19 10:59:21,892 [ERROR] aiogram.dispatcher: Failed to fetch updates - TelegramNetworkError: HTTP Client says - ClientConnectorDNSError: Cannot connect to host api.telegram.org:443 ssl:default [getaddrinfo failed]
2026-03-19 10:59:21,895 [WARNING] aiogram.dispatcher: Sleep for 4.787274 seconds and try again... (tryings = 1208, bot id = 8749354405)
2026-03-19 10:59:37,904 [ERROR] aiogram.dispatcher: Failed to fetch updates - TelegramNetworkError: HTTP Client says - ClientConnectorDNSError: Cannot connect to host api.telegram.org:443 ssl:default [getaddrinfo failed]
2026-03-19 10:59:37,912 [WARNING] aiogram.dispatcher: Sleep for 5.012910 seconds and try again... (tryings = 1209, bot id = 8749354405)
2026-03-19 10:59:39,207 [ERROR] data.orderflow_ws: WS error: timed out during opening handshake — reconnect in 10s
2026-03-19 10:59:54,171 [ERROR] aiogram.dispatcher: Failed to fetch updates - TelegramNetworkError: HTTP Client says - ClientConnectorDNSError: Cannot connect to host api.telegram.org:443 ssl:default [getaddrinfo failed]
2026-03-19 10:59:54,173 [WARNING] aiogram.dispatcher: Sleep for 5.022573 seconds and try again... (tryings = 1210, bot id = 8749354405)
2026-03-19 10:59:59,237 [ERROR] data.orderflow_ws: WS error: timed out during opening handshake — reconnect in 10s
2026-03-19 11:00:03,003 [INFO] apscheduler.executors.default: Running job "analysis_cycle (trigger: cron[minute='*/15', second='3'], next run at: 2026-03-19 11:15:03 MSK)" (scheduled at 2026-03-19 11:00:03+03:00)
2026-03-19 11:00:03,006 [INFO] __main__: ── Analysis cycle start ──────────────────
2026-03-19 11:00:10,458 [ERROR] aiogram.dispatcher: Failed to fetch updates - TelegramNetworkError: HTTP Client says - ClientConnectorDNSError: Cannot connect to host api.telegram.org:443 ssl:default [getaddrinfo failed]
2026-03-19 11:00:10,465 [WARNING] aiogram.dispatcher: Sleep for 5.130737 seconds and try again... (tryings = 1211, bot id = 8749354405)
2026-03-19 11:00:13,292 [ERROR] engine.pipeline: Candle load failed: 
2026-03-19 11:00:13,294 [INFO] apscheduler.executors.default: Job "analysis_cycle (trigger: cron[minute='*/15', second='3'], next run at: 2026-03-19 11:15:03 MSK)" executed successfully
2026-03-19 11:00:14,233 [ERROR] asyncio: gaierror exception in shielded future
future: <Task finished name='Task-1326' coro=<TCPConnector._resolve_host_with_throttle() done, defined at C:\Users\89118\AppData\Roaming\Python\Python314\site-packages\aiohttp\connector.py:1188> exception=gaierror(11001, 'getaddrinfo failed')>
Traceback (most recent call last):
  File "C:\Users\89118\AppData\Roaming\Python\Python314\site-packages\aiohttp\connector.py", line 1209, in _resolve_host_with_throttle
    addrs = await self._resolver.resolve(host, port, family=self._family)
            ^^^^^^^^^^^^^^^^^^^^^^^^^^^^^^^^^^^^^^^^^^^^^^^^^^^^^^^^^^^^^
  File "C:\Users\89118\AppData\Roaming\Python\Python314\site-packages\aiohttp\resolver.py", line 40, in resolve
    infos = await self._loop.getaddrinfo(
            ^^^^^^^^^^^^^^^^^^^^^^^^^^^^^
    ...<5 lines>...
    )
    ^
  File "C:\Python314\Lib\asyncio\base_events.py", line 936, in getaddrinfo
    return await self.run_in_executor(
           ^^^^^^^^^^^^^^^^^^^^^^^^^^^
        None, getaddr_func, host, port, family, type, proto, flags)
        ^^^^^^^^^^^^^^^^^^^^^^^^^^^^^^^^^^^^^^^^^^^^^^^^^^^^^^^^^^^
  File "C:\Python314\Lib\concurrent\futures\thread.py", line 86, in run
    result = ctx.run(self.task)
  File "C:\Python314\Lib\concurrent\futures\thread.py", line 73, in run
    return fn(*args, **kwargs)
  File "C:\Python314\Lib\socket.py", line 983, in getaddrinfo
    for res in _socket.getaddrinfo(host, port, family, type, proto, flags):
               ~~~~~~~~~~~~~~~~~~~^^^^^^^^^^^^^^^^^^^^^^^^^^^^^^^^^^^^^^^^
socket.gaierror: [Errno 11001] getaddrinfo failed
2026-03-19 11:00:19,267 [ERROR] data.orderflow_ws: WS error: timed out during opening handshake — reconnect in 10s
2026-03-19 11:00:26,852 [ERROR] aiogram.dispatcher: Failed to fetch updates - TelegramNetworkError: HTTP Client says - ClientConnectorDNSError: Cannot connect to host api.telegram.org:443 ssl:default [getaddrinfo failed]
2026-03-19 11:00:26,854 [WARNING] aiogram.dispatcher: Sleep for 4.881088 seconds and try again... (tryings = 1212, bot id = 8749354405)
2026-03-19 11:00:39,294 [ERROR] data.orderflow_ws: WS error: timed out during opening handshake — reconnect in 10s
2026-03-19 11:00:43,024 [ERROR] aiogram.dispatcher: Failed to fetch updates - TelegramNetworkError: HTTP Client says - ClientConnectorDNSError: Cannot connect to host api.telegram.org:443 ssl:default [getaddrinfo failed]
2026-03-19 11:00:43,027 [WARNING] aiogram.dispatcher: Sleep for 4.920061 seconds and try again... (tryings = 1213, bot id = 8749354405)
2026-03-19 11:00:59,224 [ERROR] aiogram.dispatcher: Failed to fetch updates - TelegramNetworkError: HTTP Client says - ClientConnectorDNSError: Cannot connect to host api.telegram.org:443 ssl:default [getaddrinfo failed]
2026-03-19 11:00:59,228 [WARNING] aiogram.dispatcher: Sleep for 5.173693 seconds and try again... (tryings = 1214, bot id = 8749354405)
2026-03-19 11:00:59,302 [ERROR] data.orderflow_ws: WS error: timed out during opening handshake — reconnect in 10s
2026-03-19 11:01:15,665 [ERROR] aiogram.dispatcher: Failed to fetch updates - TelegramNetworkError: HTTP Client says - ClientConnectorDNSError: Cannot connect to host api.telegram.org:443 ssl:default [getaddrinfo failed]
2026-03-19 11:01:15,666 [WARNING] aiogram.dispatcher: Sleep for 5.140021 seconds and try again... (tryings = 1215, bot id = 8749354405)
2026-03-19 11:01:19,328 [ERROR] data.orderflow_ws: WS error: timed out during opening handshake — reconnect in 10s
2026-03-19 11:01:32,055 [ERROR] aiogram.dispatcher: Failed to fetch updates - TelegramNetworkError: HTTP Client says - ClientConnectorDNSError: Cannot connect to host api.telegram.org:443 ssl:default [getaddrinfo failed]
2026-03-19 11:01:32,057 [WARNING] aiogram.dispatcher: Sleep for 5.058124 seconds and try again... (tryings = 1216, bot id = 8749354405)
2026-03-19 11:01:39,385 [ERROR] data.orderflow_ws: WS error: timed out during opening handshake — reconnect in 10s
2026-03-19 11:01:48,364 [ERROR] aiogram.dispatcher: Failed to fetch updates - TelegramNetworkError: HTTP Client says - ClientConnectorDNSError: Cannot connect to host api.telegram.org:443 ssl:default [getaddrinfo failed]
2026-03-19 11:01:48,372 [WARNING] aiogram.dispatcher: Sleep for 4.952972 seconds and try again... (tryings = 1217, bot id = 8749354405)
2026-03-19 11:01:59,405 [ERROR] data.orderflow_ws: WS error: timed out during opening handshake — reconnect in 10s
2026-03-19 11:02:04,566 [ERROR] aiogram.dispatcher: Failed to fetch updates - TelegramNetworkError: HTTP Client says - ClientConnectorDNSError: Cannot connect to host api.telegram.org:443 ssl:default [getaddrinfo failed]
2026-03-19 11:02:04,567 [WARNING] aiogram.dispatcher: Sleep for 4.897827 seconds and try again... (tryings = 1218, bot id = 8749354405)
2026-03-19 11:02:19,435 [ERROR] data.orderflow_ws: WS error: timed out during opening handshake — reconnect in 10s
2026-03-19 11:02:20,700 [ERROR] aiogram.dispatcher: Failed to fetch updates - TelegramNetworkError: HTTP Client says - ClientConnectorDNSError: Cannot connect to host api.telegram.org:443 ssl:default [getaddrinfo failed]
2026-03-19 11:02:20,705 [WARNING] aiogram.dispatcher: Sleep for 4.911252 seconds and try again... (tryings = 1219, bot id = 8749354405)
2026-03-19 11:02:36,864 [ERROR] aiogram.dispatcher: Failed to fetch updates - TelegramNetworkError: HTTP Client says - ClientConnectorDNSError: Cannot connect to host api.telegram.org:443 ssl:default [getaddrinfo failed]
2026-03-19 11:02:36,866 [WARNING] aiogram.dispatcher: Sleep for 4.986165 seconds and try again... (tryings = 1220, bot id = 8749354405)
2026-03-19 11:02:39,461 [ERROR] data.orderflow_ws: WS error: timed out during opening handshake — reconnect in 10s
2026-03-19 11:02:53,094 [ERROR] aiogram.dispatcher: Failed to fetch updates - TelegramNetworkError: HTTP Client says - ClientConnectorDNSError: Cannot connect to host api.telegram.org:443 ssl:default [getaddrinfo failed]
2026-03-19 11:02:53,101 [WARNING] aiogram.dispatcher: Sleep for 4.895695 seconds and try again... (tryings = 1221, bot id = 8749354405)
2026-03-19 11:02:59,482 [ERROR] data.orderflow_ws: WS error: timed out during opening handshake — reconnect in 10s
2026-03-19 11:03:09,269 [ERROR] aiogram.dispatcher: Failed to fetch updates - TelegramNetworkError: HTTP Client says - ClientConnectorDNSError: Cannot connect to host api.telegram.org:443 ssl:default [getaddrinfo failed]
2026-03-19 11:03:09,270 [WARNING] aiogram.dispatcher: Sleep for 5.107703 seconds and try again... (tryings = 1222, bot id = 8749354405)
2026-03-19 11:03:19,507 [ERROR] data.orderflow_ws: WS error: timed out during opening handshake — reconnect in 10s
2026-03-19 11:03:25,617 [ERROR] aiogram.dispatcher: Failed to fetch updates - TelegramNetworkError: HTTP Client says - ClientConnectorDNSError: Cannot connect to host api.telegram.org:443 ssl:default [getaddrinfo failed]
2026-03-19 11:03:25,618 [WARNING] aiogram.dispatcher: Sleep for 4.942975 seconds and try again... (tryings = 1223, bot id = 8749354405)
2026-03-19 11:03:39,523 [ERROR] data.orderflow_ws: WS error: timed out during opening handshake — reconnect in 10s
2026-03-19 11:03:41,811 [ERROR] aiogram.dispatcher: Failed to fetch updates - TelegramNetworkError: HTTP Client says - ClientConnectorDNSError: Cannot connect to host api.telegram.org:443 ssl:default [getaddrinfo failed]
2026-03-19 11:03:41,815 [WARNING] aiogram.dispatcher: Sleep for 5.139780 seconds and try again... (tryings = 1224, bot id = 8749354405)
2026-03-19 11:03:58,216 [ERROR] aiogram.dispatcher: Failed to fetch updates - TelegramNetworkError: HTTP Client says - ClientConnectorDNSError: Cannot connect to host api.telegram.org:443 ssl:default [getaddrinfo failed]
2026-03-19 11:03:58,218 [WARNING] aiogram.dispatcher: Sleep for 4.976191 seconds and try again... (tryings = 1225, bot id = 8749354405)
2026-03-19 11:03:59,545 [ERROR] data.orderflow_ws: WS error: timed out during opening handshake — reconnect in 10s
2026-03-19 11:04:14,456 [ERROR] aiogram.dispatcher: Failed to fetch updates - TelegramNetworkError: HTTP Client says - ClientConnectorDNSError: Cannot connect to host api.telegram.org:443 ssl:default [getaddrinfo failed]
2026-03-19 11:04:14,458 [WARNING] aiogram.dispatcher: Sleep for 5.083227 seconds and try again... (tryings = 1226, bot id = 8749354405)
2026-03-19 11:04:19,558 [ERROR] data.orderflow_ws: WS error: timed out during opening handshake — reconnect in 10s
2026-03-19 11:04:30,808 [ERROR] aiogram.dispatcher: Failed to fetch updates - TelegramNetworkError: HTTP Client says - ClientConnectorDNSError: Cannot connect to host api.telegram.org:443 ssl:default [getaddrinfo failed]
2026-03-19 11:04:30,814 [WARNING] aiogram.dispatcher: Sleep for 5.032760 seconds and try again... (tryings = 1227, bot id = 8749354405)
2026-03-19 11:04:39,585 [ERROR] data.orderflow_ws: WS error: timed out during opening handshake — reconnect in 10s
2026-03-19 11:04:47,074 [ERROR] aiogram.dispatcher: Failed to fetch updates - TelegramNetworkError: HTTP Client says - ClientConnectorDNSError: Cannot connect to host api.telegram.org:443 ssl:default [getaddrinfo failed]
2026-03-19 11:04:47,076 [WARNING] aiogram.dispatcher: Sleep for 4.977706 seconds and try again... (tryings = 1228, bot id = 8749354405)
2026-03-19 11:04:59,599 [ERROR] data.orderflow_ws: WS error: timed out during opening handshake — reconnect in 10s
2026-03-19 11:05:03,304 [ERROR] aiogram.dispatcher: Failed to fetch updates - TelegramNetworkError: HTTP Client says - ClientConnectorDNSError: Cannot connect to host api.telegram.org:443 ssl:default [getaddrinfo failed]
2026-03-19 11:05:03,307 [WARNING] aiogram.dispatcher: Sleep for 5.092884 seconds and try again... (tryings = 1229, bot id = 8749354405)
2026-03-19 11:05:19,612 [ERROR] data.orderflow_ws: WS error: timed out during opening handshake — reconnect in 10s
2026-03-19 11:05:19,634 [ERROR] aiogram.dispatcher: Failed to fetch updates - TelegramNetworkError: HTTP Client says - ClientConnectorDNSError: Cannot connect to host api.telegram.org:443 ssl:default [getaddrinfo failed]
2026-03-19 11:05:19,639 [WARNING] aiogram.dispatcher: Sleep for 4.922641 seconds and try again... (tryings = 1230, bot id = 8749354405)
2026-03-19 11:05:35,819 [ERROR] aiogram.dispatcher: Failed to fetch updates - TelegramNetworkError: HTTP Client says - ClientConnectorDNSError: Cannot connect to host api.telegram.org:443 ssl:default [getaddrinfo failed]
2026-03-19 11:05:35,820 [WARNING] aiogram.dispatcher: Sleep for 4.985314 seconds and try again... (tryings = 1231, bot id = 8749354405)
2026-03-19 11:05:39,637 [ERROR] data.orderflow_ws: WS error: timed out during opening handshake — reconnect in 10s
2026-03-19 11:05:52,033 [ERROR] aiogram.dispatcher: Failed to fetch updates - TelegramNetworkError: HTTP Client says - ClientConnectorDNSError: Cannot connect to host api.telegram.org:443 ssl:default [getaddrinfo failed]
2026-03-19 11:05:52,034 [WARNING] aiogram.dispatcher: Sleep for 5.161275 seconds and try again... (tryings = 1232, bot id = 8749354405)
2026-03-19 11:05:59,676 [ERROR] data.orderflow_ws: WS error: timed out during opening handshake — reconnect in 10s
2026-03-19 11:06:08,431 [ERROR] aiogram.dispatcher: Failed to fetch updates - TelegramNetworkError: HTTP Client says - ClientConnectorDNSError: Cannot connect to host api.telegram.org:443 ssl:default [getaddrinfo failed]
2026-03-19 11:06:08,433 [WARNING] aiogram.dispatcher: Sleep for 4.949494 seconds and try again... (tryings = 1233, bot id = 8749354405)
2026-03-19 11:06:19,703 [ERROR] data.orderflow_ws: WS error: timed out during opening handshake — reconnect in 10s
2026-03-19 11:06:24,624 [ERROR] aiogram.dispatcher: Failed to fetch updates - TelegramNetworkError: HTTP Client says - ClientConnectorDNSError: Cannot connect to host api.telegram.org:443 ssl:default [getaddrinfo failed]
2026-03-19 11:06:24,628 [WARNING] aiogram.dispatcher: Sleep for 4.908349 seconds and try again... (tryings = 1234, bot id = 8749354405)
2026-03-19 11:06:39,720 [ERROR] data.orderflow_ws: WS error: timed out during opening handshake — reconnect in 10s
2026-03-19 11:06:40,780 [ERROR] aiogram.dispatcher: Failed to fetch updates - TelegramNetworkError: HTTP Client says - ClientConnectorDNSError: Cannot connect to host api.telegram.org:443 ssl:default [getaddrinfo failed]
2026-03-19 11:06:40,783 [WARNING] aiogram.dispatcher: Sleep for 5.075513 seconds and try again... (tryings = 1235, bot id = 8749354405)
2026-03-19 11:06:57,094 [ERROR] aiogram.dispatcher: Failed to fetch updates - TelegramNetworkError: HTTP Client says - ClientConnectorDNSError: Cannot connect to host api.telegram.org:443 ssl:default [getaddrinfo failed]
2026-03-19 11:06:57,096 [WARNING] aiogram.dispatcher: Sleep for 5.069891 seconds and try again... (tryings = 1236, bot id = 8749354405)
2026-03-19 11:06:59,737 [ERROR] data.orderflow_ws: WS error: timed out during opening handshake — reconnect in 10s
2026-03-19 11:07:13,406 [ERROR] aiogram.dispatcher: Failed to fetch updates - TelegramNetworkError: HTTP Client says - ClientConnectorDNSError: Cannot connect to host api.telegram.org:443 ssl:default [getaddrinfo failed]
2026-03-19 11:07:13,412 [WARNING] aiogram.dispatcher: Sleep for 5.002092 seconds and try again... (tryings = 1237, bot id = 8749354405)
2026-03-19 11:07:19,753 [ERROR] data.orderflow_ws: WS error: timed out during opening handshake — reconnect in 10s
2026-03-19 11:07:29,645 [ERROR] aiogram.dispatcher: Failed to fetch updates - TelegramNetworkError: HTTP Client says - ClientConnectorDNSError: Cannot connect to host api.telegram.org:443 ssl:default [getaddrinfo failed]
2026-03-19 11:07:29,652 [WARNING] aiogram.dispatcher: Sleep for 5.107106 seconds and try again... (tryings = 1238, bot id = 8749354405)
2026-03-19 11:07:39,777 [ERROR] data.orderflow_ws: WS error: timed out during opening handshake — reconnect in 10s
2026-03-19 11:07:45,999 [ERROR] aiogram.dispatcher: Failed to fetch updates - TelegramNetworkError: HTTP Client says - ClientConnectorDNSError: Cannot connect to host api.telegram.org:443 ssl:default [getaddrinfo failed]
2026-03-19 11:07:46,002 [WARNING] aiogram.dispatcher: Sleep for 5.009314 seconds and try again... (tryings = 1239, bot id = 8749354405)
2026-03-19 11:07:59,804 [ERROR] data.orderflow_ws: WS error: timed out during opening handshake — reconnect in 10s
2026-03-19 11:08:02,274 [ERROR] aiogram.dispatcher: Failed to fetch updates - TelegramNetworkError: HTTP Client says - ClientConnectorDNSError: Cannot connect to host api.telegram.org:443 ssl:default [getaddrinfo failed]
2026-03-19 11:08:02,276 [WARNING] aiogram.dispatcher: Sleep for 4.902954 seconds and try again... (tryings = 1240, bot id = 8749354405)
2026-03-19 11:08:18,435 [ERROR] aiogram.dispatcher: Failed to fetch updates - TelegramNetworkError: HTTP Client says - ClientConnectorDNSError: Cannot connect to host api.telegram.org:443 ssl:default [getaddrinfo failed]
2026-03-19 11:08:18,437 [WARNING] aiogram.dispatcher: Sleep for 5.001790 seconds and try again... (tryings = 1241, bot id = 8749354405)
2026-03-19 11:08:19,821 [ERROR] data.orderflow_ws: WS error: timed out during opening handshake — reconnect in 10s
2026-03-19 11:08:34,714 [ERROR] aiogram.dispatcher: Failed to fetch updates - TelegramNetworkError: HTTP Client says - ClientConnectorDNSError: Cannot connect to host api.telegram.org:443 ssl:default [getaddrinfo failed]
2026-03-19 11:08:34,715 [WARNING] aiogram.dispatcher: Sleep for 5.130058 seconds and try again... (tryings = 1242, bot id = 8749354405)
2026-03-19 11:08:39,841 [ERROR] data.orderflow_ws: WS error: timed out during opening handshake — reconnect in 10s
2026-03-19 11:08:51,092 [ERROR] aiogram.dispatcher: Failed to fetch updates - TelegramNetworkError: HTTP Client says - ClientConnectorDNSError: Cannot connect to host api.telegram.org:443 ssl:default [getaddrinfo failed]
2026-03-19 11:08:51,093 [WARNING] aiogram.dispatcher: Sleep for 5.155691 seconds and try again... (tryings = 1243, bot id = 8749354405)
2026-03-19 11:08:59,866 [ERROR] data.orderflow_ws: WS error: timed out during opening handshake — reconnect in 10s
2026-03-19 11:09:07,520 [ERROR] aiogram.dispatcher: Failed to fetch updates - TelegramNetworkError: HTTP Client says - ClientConnectorDNSError: Cannot connect to host api.telegram.org:443 ssl:default [getaddrinfo failed]
2026-03-19 11:09:07,521 [WARNING] aiogram.dispatcher: Sleep for 4.846048 seconds and try again... (tryings = 1244, bot id = 8749354405)
2026-03-19 11:09:19,887 [ERROR] data.orderflow_ws: WS error: timed out during opening handshake — reconnect in 10s
2026-03-19 11:09:23,628 [ERROR] aiogram.dispatcher: Failed to fetch updates - TelegramNetworkError: HTTP Client says - ClientConnectorDNSError: Cannot connect to host api.telegram.org:443 ssl:default [getaddrinfo failed]
2026-03-19 11:09:23,629 [WARNING] aiogram.dispatcher: Sleep for 5.121942 seconds and try again... (tryings = 1245, bot id = 8749354405)
2026-03-19 11:09:39,914 [ERROR] data.orderflow_ws: WS error: timed out during opening handshake — reconnect in 10s
2026-03-19 11:09:40,002 [ERROR] aiogram.dispatcher: Failed to fetch updates - TelegramNetworkError: HTTP Client says - ClientConnectorDNSError: Cannot connect to host api.telegram.org:443 ssl:default [getaddrinfo failed]
2026-03-19 11:09:40,003 [WARNING] aiogram.dispatcher: Sleep for 4.957120 seconds and try again... (tryings = 1246, bot id = 8749354405)
2026-03-19 11:09:56,223 [ERROR] aiogram.dispatcher: Failed to fetch updates - TelegramNetworkError: HTTP Client says - ClientConnectorDNSError: Cannot connect to host api.telegram.org:443 ssl:default [getaddrinfo failed]
2026-03-19 11:09:56,224 [WARNING] aiogram.dispatcher: Sleep for 5.069383 seconds and try again... (tryings = 1247, bot id = 8749354405)
2026-03-19 11:09:59,938 [ERROR] data.orderflow_ws: WS error: timed out during opening handshake — reconnect in 10s
2026-03-19 11:10:12,519 [ERROR] aiogram.dispatcher: Failed to fetch updates - TelegramNetworkError: HTTP Client says - ClientConnectorDNSError: Cannot connect to host api.telegram.org:443 ssl:default [getaddrinfo failed]
2026-03-19 11:10:12,527 [WARNING] aiogram.dispatcher: Sleep for 5.086246 seconds and try again... (tryings = 1248, bot id = 8749354405)
2026-03-19 11:10:19,954 [ERROR] data.orderflow_ws: WS error: timed out during opening handshake — reconnect in 10s
2026-03-19 11:10:28,850 [ERROR] aiogram.dispatcher: Failed to fetch updates - TelegramNetworkError: HTTP Client says - ClientConnectorDNSError: Cannot connect to host api.telegram.org:443 ssl:default [getaddrinfo failed]
2026-03-19 11:10:28,856 [WARNING] aiogram.dispatcher: Sleep for 4.870521 seconds and try again... (tryings = 1249, bot id = 8749354405)
2026-03-19 11:10:39,995 [ERROR] data.orderflow_ws: WS error: timed out during opening handshake — reconnect in 10s
2026-03-19 11:10:45,006 [ERROR] aiogram.dispatcher: Failed to fetch updates - TelegramNetworkError: HTTP Client says - ClientConnectorDNSError: Cannot connect to host api.telegram.org:443 ssl:default [getaddrinfo failed]
2026-03-19 11:10:45,011 [WARNING] aiogram.dispatcher: Sleep for 5.073478 seconds and try again... (tryings = 1250, bot id = 8749354405)
2026-03-19 11:11:00,009 [ERROR] data.orderflow_ws: WS error: timed out during opening handshake — reconnect in 10s
2026-03-19 11:11:01,318 [ERROR] aiogram.dispatcher: Failed to fetch updates - TelegramNetworkError: HTTP Client says - ClientConnectorDNSError: Cannot connect to host api.telegram.org:443 ssl:default [getaddrinfo failed]
2026-03-19 11:11:01,324 [WARNING] aiogram.dispatcher: Sleep for 5.060710 seconds and try again... (tryings = 1251, bot id = 8749354405)
2026-03-19 11:11:17,622 [ERROR] aiogram.dispatcher: Failed to fetch updates - TelegramNetworkError: HTTP Client says - ClientConnectorDNSError: Cannot connect to host api.telegram.org:443 ssl:default [getaddrinfo failed]
2026-03-19 11:11:17,624 [WARNING] aiogram.dispatcher: Sleep for 4.846669 seconds and try again... (tryings = 1252, bot id = 8749354405)
2026-03-19 11:11:20,041 [ERROR] data.orderflow_ws: WS error: timed out during opening handshake — reconnect in 10s
2026-03-19 11:11:33,755 [ERROR] aiogram.dispatcher: Failed to fetch updates - TelegramNetworkError: HTTP Client says - ClientConnectorDNSError: Cannot connect to host api.telegram.org:443 ssl:default [getaddrinfo failed]
2026-03-19 11:11:33,760 [WARNING] aiogram.dispatcher: Sleep for 5.041102 seconds and try again... (tryings = 1253, bot id = 8749354405)
2026-03-19 11:11:40,056 [ERROR] data.orderflow_ws: WS error: timed out during opening handshake — reconnect in 10s
2026-03-19 11:11:50,068 [ERROR] aiogram.dispatcher: Failed to fetch updates - TelegramNetworkError: HTTP Client says - ClientConnectorDNSError: Cannot connect to host api.telegram.org:443 ssl:default [getaddrinfo failed]
2026-03-19 11:11:50,072 [WARNING] aiogram.dispatcher: Sleep for 4.871368 seconds and try again... (tryings = 1254, bot id = 8749354405)
2026-03-19 11:12:00,076 [ERROR] data.orderflow_ws: WS error: timed out during opening handshake — reconnect in 10s
2026-03-19 11:12:06,218 [ERROR] aiogram.dispatcher: Failed to fetch updates - TelegramNetworkError: HTTP Client says - ClientConnectorDNSError: Cannot connect to host api.telegram.org:443 ssl:default [getaddrinfo failed]
2026-03-19 11:12:06,220 [WARNING] aiogram.dispatcher: Sleep for 4.927433 seconds and try again... (tryings = 1255, bot id = 8749354405)
2026-03-19 11:12:20,089 [ERROR] data.orderflow_ws: WS error: timed out during opening handshake — reconnect in 10s
2026-03-19 11:12:22,415 [ERROR] aiogram.dispatcher: Failed to fetch updates - TelegramNetworkError: HTTP Client says - ClientConnectorDNSError: Cannot connect to host api.telegram.org:443 ssl:default [getaddrinfo failed]
2026-03-19 11:12:22,421 [WARNING] aiogram.dispatcher: Sleep for 5.014722 seconds and try again... (tryings = 1256, bot id = 8749354405)
2026-03-19 11:12:38,695 [ERROR] aiogram.dispatcher: Failed to fetch updates - TelegramNetworkError: HTTP Client says - ClientConnectorDNSError: Cannot connect to host api.telegram.org:443 ssl:default [getaddrinfo failed]
2026-03-19 11:12:38,696 [WARNING] aiogram.dispatcher: Sleep for 4.783807 seconds and try again... (tryings = 1257, bot id = 8749354405)
2026-03-19 11:12:40,111 [ERROR] data.orderflow_ws: WS error: timed out during opening handshake — reconnect in 10s
2026-03-19 11:12:54,734 [ERROR] aiogram.dispatcher: Failed to fetch updates - TelegramNetworkError: HTTP Client says - ClientConnectorDNSError: Cannot connect to host api.telegram.org:443 ssl:default [getaddrinfo failed]
2026-03-19 11:12:54,735 [WARNING] aiogram.dispatcher: Sleep for 5.126322 seconds and try again... (tryings = 1258, bot id = 8749354405)
2026-03-19 11:13:00,131 [ERROR] data.orderflow_ws: WS error: timed out during opening handshake — reconnect in 10s
2026-03-19 11:13:11,098 [ERROR] aiogram.dispatcher: Failed to fetch updates - TelegramNetworkError: HTTP Client says - ClientConnectorDNSError: Cannot connect to host api.telegram.org:443 ssl:default [getaddrinfo failed]
2026-03-19 11:13:11,101 [WARNING] aiogram.dispatcher: Sleep for 5.102432 seconds and try again... (tryings = 1259, bot id = 8749354405)
2026-03-19 11:13:20,164 [ERROR] data.orderflow_ws: WS error: timed out during opening handshake — reconnect in 10s
2026-03-19 11:13:27,424 [ERROR] aiogram.dispatcher: Failed to fetch updates - TelegramNetworkError: HTTP Client says - ClientConnectorDNSError: Cannot connect to host api.telegram.org:443 ssl:default [getaddrinfo failed]
2026-03-19 11:13:27,426 [WARNING] aiogram.dispatcher: Sleep for 4.872237 seconds and try again... (tryings = 1260, bot id = 8749354405)
2026-03-19 11:13:40,193 [ERROR] data.orderflow_ws: WS error: timed out during opening handshake — reconnect in 10s
2026-03-19 11:13:43,516 [ERROR] aiogram.dispatcher: Failed to fetch updates - TelegramNetworkError: HTTP Client says - ClientConnectorDNSError: Cannot connect to host api.telegram.org:443 ssl:default [getaddrinfo failed]
2026-03-19 11:13:43,518 [WARNING] aiogram.dispatcher: Sleep for 5.094229 seconds and try again... (tryings = 1261, bot id = 8749354405)
2026-03-19 11:13:59,812 [ERROR] aiogram.dispatcher: Failed to fetch updates - TelegramNetworkError: HTTP Client says - ClientConnectorDNSError: Cannot connect to host api.telegram.org:443 ssl:default [getaddrinfo failed]
2026-03-19 11:13:59,819 [WARNING] aiogram.dispatcher: Sleep for 4.939297 seconds and try again... (tryings = 1262, bot id = 8749354405)
2026-03-19 11:14:00,204 [ERROR] data.orderflow_ws: WS error: timed out during opening handshake — reconnect in 10s
2026-03-19 11:14:15,986 [ERROR] aiogram.dispatcher: Failed to fetch updates - TelegramNetworkError: HTTP Client says - ClientConnectorDNSError: Cannot connect to host api.telegram.org:443 ssl:default [getaddrinfo failed]
2026-03-19 11:14:15,993 [WARNING] aiogram.dispatcher: Sleep for 4.875031 seconds and try again... (tryings = 1263, bot id = 8749354405)
2026-03-19 11:14:20,237 [ERROR] data.orderflow_ws: WS error: timed out during opening handshake — reconnect in 10s
2026-03-19 11:14:32,098 [ERROR] aiogram.dispatcher: Failed to fetch updates - TelegramNetworkError: HTTP Client says - ClientConnectorDNSError: Cannot connect to host api.telegram.org:443 ssl:default [getaddrinfo failed]
2026-03-19 11:14:32,101 [WARNING] aiogram.dispatcher: Sleep for 4.843078 seconds and try again... (tryings = 1264, bot id = 8749354405)
2026-03-19 11:14:40,270 [ERROR] data.orderflow_ws: WS error: timed out during opening handshake — reconnect in 10s
2026-03-19 11:14:48,159 [ERROR] aiogram.dispatcher: Failed to fetch updates - TelegramNetworkError: HTTP Client says - ClientConnectorDNSError: Cannot connect to host api.telegram.org:443 ssl:default [getaddrinfo failed]
2026-03-19 11:14:48,160 [WARNING] aiogram.dispatcher: Sleep for 5.004402 seconds and try again... (tryings = 1265, bot id = 8749354405)
2026-03-19 11:15:00,310 [ERROR] data.orderflow_ws: WS error: timed out during opening handshake — reconnect in 10s
2026-03-19 11:15:03,017 [INFO] apscheduler.executors.default: Running job "analysis_cycle (trigger: cron[minute='*/15', second='3'], next run at: 2026-03-19 11:30:03 MSK)" (scheduled at 2026-03-19 11:15:03+03:00)
2026-03-19 11:15:03,020 [INFO] __main__: ── Analysis cycle start ──────────────────
2026-03-19 11:15:04,400 [ERROR] aiogram.dispatcher: Failed to fetch updates - TelegramNetworkError: HTTP Client says - ClientConnectorDNSError: Cannot connect to host api.telegram.org:443 ssl:default [getaddrinfo failed]
2026-03-19 11:15:04,401 [WARNING] aiogram.dispatcher: Sleep for 4.855845 seconds and try again... (tryings = 1266, bot id = 8749354405)
2026-03-19 11:15:13,296 [ERROR] engine.pipeline: Candle load failed: 
2026-03-19 11:15:13,297 [INFO] apscheduler.executors.default: Job "analysis_cycle (trigger: cron[minute='*/15', second='3'], next run at: 2026-03-19 11:30:03 MSK)" executed successfully
2026-03-19 11:15:14,223 [ERROR] asyncio: gaierror exception in shielded future
future: <Task finished name='Task-1386' coro=<TCPConnector._resolve_host_with_throttle() done, defined at C:\Users\89118\AppData\Roaming\Python\Python314\site-packages\aiohttp\connector.py:1188> exception=gaierror(11001, 'getaddrinfo failed')>
Traceback (most recent call last):
  File "C:\Users\89118\AppData\Roaming\Python\Python314\site-packages\aiohttp\connector.py", line 1209, in _resolve_host_with_throttle
    addrs = await self._resolver.resolve(host, port, family=self._family)
            ^^^^^^^^^^^^^^^^^^^^^^^^^^^^^^^^^^^^^^^^^^^^^^^^^^^^^^^^^^^^^
  File "C:\Users\89118\AppData\Roaming\Python\Python314\site-packages\aiohttp\resolver.py", line 40, in resolve
    infos = await self._loop.getaddrinfo(
            ^^^^^^^^^^^^^^^^^^^^^^^^^^^^^
    ...<5 lines>...
    )
    ^
  File "C:\Python314\Lib\asyncio\base_events.py", line 936, in getaddrinfo
    return await self.run_in_executor(
           ^^^^^^^^^^^^^^^^^^^^^^^^^^^
        None, getaddr_func, host, port, family, type, proto, flags)
        ^^^^^^^^^^^^^^^^^^^^^^^^^^^^^^^^^^^^^^^^^^^^^^^^^^^^^^^^^^^
  File "C:\Python314\Lib\concurrent\futures\thread.py", line 86, in run
    result = ctx.run(self.task)
  File "C:\Python314\Lib\concurrent\futures\thread.py", line 73, in run
    return fn(*args, **kwargs)
  File "C:\Python314\Lib\socket.py", line 983, in getaddrinfo
    for res in _socket.getaddrinfo(host, port, family, type, proto, flags):
               ~~~~~~~~~~~~~~~~~~~^^^^^^^^^^^^^^^^^^^^^^^^^^^^^^^^^^^^^^^^
socket.gaierror: [Errno 11001] getaddrinfo failed
2026-03-19 11:15:20,342 [ERROR] data.orderflow_ws: WS error: timed out during opening handshake — reconnect in 10s
2026-03-19 11:15:20,467 [ERROR] aiogram.dispatcher: Failed to fetch updates - TelegramNetworkError: HTTP Client says - ClientConnectorDNSError: Cannot connect to host api.telegram.org:443 ssl:default [getaddrinfo failed]
2026-03-19 11:15:20,468 [WARNING] aiogram.dispatcher: Sleep for 4.922982 seconds and try again... (tryings = 1267, bot id = 8749354405)
2026-03-19 11:15:36,610 [ERROR] aiogram.dispatcher: Failed to fetch updates - TelegramNetworkError: HTTP Client says - ClientConnectorDNSError: Cannot connect to host api.telegram.org:443 ssl:default [getaddrinfo failed]
2026-03-19 11:15:36,615 [WARNING] aiogram.dispatcher: Sleep for 5.039052 seconds and try again... (tryings = 1268, bot id = 8749354405)
2026-03-19 11:15:40,363 [ERROR] data.orderflow_ws: WS error: timed out during opening handshake — reconnect in 10s
2026-03-19 11:15:52,869 [ERROR] aiogram.dispatcher: Failed to fetch updates - TelegramNetworkError: HTTP Client says - ClientConnectorDNSError: Cannot connect to host api.telegram.org:443 ssl:default [getaddrinfo failed]
2026-03-19 11:15:52,871 [WARNING] aiogram.dispatcher: Sleep for 5.100425 seconds and try again... (tryings = 1269, bot id = 8749354405)
2026-03-19 11:16:00,391 [ERROR] data.orderflow_ws: WS error: timed out during opening handshake — reconnect in 10s
2026-03-19 11:16:09,210 [ERROR] aiogram.dispatcher: Failed to fetch updates - TelegramNetworkError: HTTP Client says - ClientConnectorDNSError: Cannot connect to host api.telegram.org:443 ssl:default [getaddrinfo failed]
2026-03-19 11:16:09,212 [WARNING] aiogram.dispatcher: Sleep for 5.035938 seconds and try again... (tryings = 1270, bot id = 8749354405)
2026-03-19 11:16:20,414 [ERROR] data.orderflow_ws: WS error: timed out during opening handshake — reconnect in 10s
2026-03-19 11:16:25,438 [ERROR] aiogram.dispatcher: Failed to fetch updates - TelegramNetworkError: HTTP Client says - ClientConnectorDNSError: Cannot connect to host api.telegram.org:443 ssl:default [getaddrinfo failed]
2026-03-19 11:16:25,440 [WARNING] aiogram.dispatcher: Sleep for 4.933470 seconds and try again... (tryings = 1271, bot id = 8749354405)
2026-03-19 11:16:40,439 [ERROR] data.orderflow_ws: WS error: timed out during opening handshake — reconnect in 10s
2026-03-19 11:16:41,599 [ERROR] aiogram.dispatcher: Failed to fetch updates - TelegramNetworkError: HTTP Client says - ClientConnectorDNSError: Cannot connect to host api.telegram.org:443 ssl:default [getaddrinfo failed]
2026-03-19 11:16:41,604 [WARNING] aiogram.dispatcher: Sleep for 4.920551 seconds and try again... (tryings = 1272, bot id = 8749354405)
2026-03-19 11:16:57,743 [ERROR] aiogram.dispatcher: Failed to fetch updates - TelegramNetworkError: HTTP Client says - ClientConnectorDNSError: Cannot connect to host api.telegram.org:443 ssl:default [getaddrinfo failed]
2026-03-19 11:16:57,744 [WARNING] aiogram.dispatcher: Sleep for 5.059247 seconds and try again... (tryings = 1273, bot id = 8749354405)
2026-03-19 11:17:00,457 [ERROR] data.orderflow_ws: WS error: timed out during opening handshake — reconnect in 10s
2026-03-19 11:17:14,011 [ERROR] aiogram.dispatcher: Failed to fetch updates - TelegramNetworkError: HTTP Client says - ClientConnectorDNSError: Cannot connect to host api.telegram.org:443 ssl:default [getaddrinfo failed]
2026-03-19 11:17:14,012 [WARNING] aiogram.dispatcher: Sleep for 4.923844 seconds and try again... (tryings = 1274, bot id = 8749354405)
2026-03-19 11:17:20,497 [ERROR] data.orderflow_ws: WS error: timed out during opening handshake — reconnect in 10s
2026-03-19 11:17:30,173 [ERROR] aiogram.dispatcher: Failed to fetch updates - TelegramNetworkError: HTTP Client says - ClientConnectorDNSError: Cannot connect to host api.telegram.org:443 ssl:default [getaddrinfo failed]
2026-03-19 11:17:30,176 [WARNING] aiogram.dispatcher: Sleep for 4.993268 seconds and try again... (tryings = 1275, bot id = 8749354405)
2026-03-19 11:17:40,519 [ERROR] data.orderflow_ws: WS error: timed out during opening handshake — reconnect in 10s
2026-03-19 11:17:46,396 [ERROR] aiogram.dispatcher: Failed to fetch updates - TelegramNetworkError: HTTP Client says - ClientConnectorDNSError: Cannot connect to host api.telegram.org:443 ssl:default [getaddrinfo failed]
2026-03-19 11:17:46,399 [WARNING] aiogram.dispatcher: Sleep for 5.094359 seconds and try again... (tryings = 1276, bot id = 8749354405)
2026-03-19 11:18:00,534 [ERROR] data.orderflow_ws: WS error: timed out during opening handshake — reconnect in 10s
2026-03-19 11:18:02,738 [ERROR] aiogram.dispatcher: Failed to fetch updates - TelegramNetworkError: HTTP Client says - ClientConnectorDNSError: Cannot connect to host api.telegram.org:443 ssl:default [getaddrinfo failed]
2026-03-19 11:18:02,741 [WARNING] aiogram.dispatcher: Sleep for 5.114032 seconds and try again... (tryings = 1277, bot id = 8749354405)
2026-03-19 11:18:19,055 [ERROR] aiogram.dispatcher: Failed to fetch updates - TelegramNetworkError: HTTP Client says - ClientConnectorDNSError: Cannot connect to host api.telegram.org:443 ssl:default [getaddrinfo failed]
2026-03-19 11:18:19,056 [WARNING] aiogram.dispatcher: Sleep for 4.938084 seconds and try again... (tryings = 1278, bot id = 8749354405)
2026-03-19 11:18:20,551 [ERROR] data.orderflow_ws: WS error: timed out during opening handshake — reconnect in 10s
2026-03-19 11:18:35,229 [ERROR] aiogram.dispatcher: Failed to fetch updates - TelegramNetworkError: HTTP Client says - ClientConnectorDNSError: Cannot connect to host api.telegram.org:443 ssl:default [getaddrinfo failed]
2026-03-19 11:18:35,230 [WARNING] aiogram.dispatcher: Sleep for 5.029347 seconds and try again... (tryings = 1279, bot id = 8749354405)
2026-03-19 11:18:40,566 [ERROR] data.orderflow_ws: WS error: timed out during opening handshake — reconnect in 10s
2026-03-19 11:18:51,495 [ERROR] aiogram.dispatcher: Failed to fetch updates - TelegramNetworkError: HTTP Client says - ClientConnectorDNSError: Cannot connect to host api.telegram.org:443 ssl:default [getaddrinfo failed]
2026-03-19 11:18:51,505 [WARNING] aiogram.dispatcher: Sleep for 4.915852 seconds and try again... (tryings = 1280, bot id = 8749354405)
2026-03-19 11:19:00,590 [ERROR] data.orderflow_ws: WS error: timed out during opening handshake — reconnect in 10s
2026-03-19 11:19:07,630 [ERROR] aiogram.dispatcher: Failed to fetch updates - TelegramNetworkError: HTTP Client says - ClientConnectorDNSError: Cannot connect to host api.telegram.org:443 ssl:default [getaddrinfo failed]
2026-03-19 11:19:07,631 [WARNING] aiogram.dispatcher: Sleep for 5.061667 seconds and try again... (tryings = 1281, bot id = 8749354405)
2026-03-19 11:19:20,597 [ERROR] data.orderflow_ws: WS error: timed out during opening handshake — reconnect in 10s
2026-03-19 11:19:23,918 [ERROR] aiogram.dispatcher: Failed to fetch updates - TelegramNetworkError: HTTP Client says - ClientConnectorDNSError: Cannot connect to host api.telegram.org:443 ssl:default [getaddrinfo failed]
2026-03-19 11:19:23,919 [WARNING] aiogram.dispatcher: Sleep for 4.984574 seconds and try again... (tryings = 1282, bot id = 8749354405)
2026-03-19 11:19:40,118 [ERROR] aiogram.dispatcher: Failed to fetch updates - TelegramNetworkError: HTTP Client says - ClientConnectorDNSError: Cannot connect to host api.telegram.org:443 ssl:default [getaddrinfo failed]
2026-03-19 11:19:40,119 [WARNING] aiogram.dispatcher: Sleep for 5.045825 seconds and try again... (tryings = 1283, bot id = 8749354405)
2026-03-19 11:19:40,636 [ERROR] data.orderflow_ws: WS error: timed out during opening handshake — reconnect in 10s
2026-03-19 11:19:56,412 [ERROR] aiogram.dispatcher: Failed to fetch updates - TelegramNetworkError: HTTP Client says - ClientConnectorDNSError: Cannot connect to host api.telegram.org:443 ssl:default [getaddrinfo failed]
2026-03-19 11:19:56,413 [WARNING] aiogram.dispatcher: Sleep for 4.890835 seconds and try again... (tryings = 1284, bot id = 8749354405)
2026-03-19 11:20:00,652 [ERROR] data.orderflow_ws: WS error: timed out during opening handshake — reconnect in 10s
2026-03-19 11:20:12,533 [ERROR] aiogram.dispatcher: Failed to fetch updates - TelegramNetworkError: HTTP Client says - ClientConnectorDNSError: Cannot connect to host api.telegram.org:443 ssl:default [getaddrinfo failed]
2026-03-19 11:20:12,538 [WARNING] aiogram.dispatcher: Sleep for 4.997771 seconds and try again... (tryings = 1285, bot id = 8749354405)
2026-03-19 11:20:20,684 [ERROR] data.orderflow_ws: WS error: timed out during opening handshake — reconnect in 10s
2026-03-19 11:20:28,774 [ERROR] aiogram.dispatcher: Failed to fetch updates - TelegramNetworkError: HTTP Client says - ClientConnectorDNSError: Cannot connect to host api.telegram.org:443 ssl:default [getaddrinfo failed]
2026-03-19 11:20:28,780 [WARNING] aiogram.dispatcher: Sleep for 5.113650 seconds and try again... (tryings = 1286, bot id = 8749354405)
2026-03-19 11:20:40,718 [ERROR] data.orderflow_ws: WS error: timed out during opening handshake — reconnect in 10s
2026-03-19 11:20:45,129 [ERROR] aiogram.dispatcher: Failed to fetch updates - TelegramNetworkError: HTTP Client says - ClientConnectorDNSError: Cannot connect to host api.telegram.org:443 ssl:default [getaddrinfo failed]
2026-03-19 11:20:45,138 [WARNING] aiogram.dispatcher: Sleep for 4.811590 seconds and try again... (tryings = 1287, bot id = 8749354405)
2026-03-19 11:21:00,951 [ERROR] data.orderflow_ws: WS error: timed out during opening handshake — reconnect in 10s
2026-03-19 11:21:01,179 [ERROR] aiogram.dispatcher: Failed to fetch updates - TelegramNetworkError: HTTP Client says - ClientConnectorDNSError: Cannot connect to host api.telegram.org:443 ssl:default [getaddrinfo failed]
2026-03-19 11:21:01,180 [WARNING] aiogram.dispatcher: Sleep for 5.007901 seconds and try again... (tryings = 1288, bot id = 8749354405)
2026-03-19 11:21:17,387 [ERROR] aiogram.dispatcher: Failed to fetch updates - TelegramNetworkError: HTTP Client says - ClientConnectorDNSError: Cannot connect to host api.telegram.org:443 ssl:default [getaddrinfo failed]
2026-03-19 11:21:17,388 [WARNING] aiogram.dispatcher: Sleep for 4.860515 seconds and try again... (tryings = 1289, bot id = 8749354405)
2026-03-19 11:21:20,979 [ERROR] data.orderflow_ws: WS error: timed out during opening handshake — reconnect in 10s
2026-03-19 11:21:33,491 [ERROR] aiogram.dispatcher: Failed to fetch updates - TelegramNetworkError: HTTP Client says - ClientConnectorDNSError: Cannot connect to host api.telegram.org:443 ssl:default [getaddrinfo failed]
2026-03-19 11:21:33,500 [WARNING] aiogram.dispatcher: Sleep for 4.922090 seconds and try again... (tryings = 1290, bot id = 8749354405)
2026-03-19 11:21:41,010 [ERROR] data.orderflow_ws: WS error: timed out during opening handshake — reconnect in 10s
2026-03-19 11:21:49,648 [ERROR] aiogram.dispatcher: Failed to fetch updates - TelegramNetworkError: HTTP Client says - ClientConnectorDNSError: Cannot connect to host api.telegram.org:443 ssl:default [getaddrinfo failed]
2026-03-19 11:21:49,649 [WARNING] aiogram.dispatcher: Sleep for 5.198584 seconds and try again... (tryings = 1291, bot id = 8749354405)
2026-03-19 11:22:01,036 [ERROR] data.orderflow_ws: WS error: timed out during opening handshake — reconnect in 10s
2026-03-19 11:22:06,088 [ERROR] aiogram.dispatcher: Failed to fetch updates - TelegramNetworkError: HTTP Client says - ClientConnectorDNSError: Cannot connect to host api.telegram.org:443 ssl:default [getaddrinfo failed]
2026-03-19 11:22:06,089 [WARNING] aiogram.dispatcher: Sleep for 4.956714 seconds and try again... (tryings = 1292, bot id = 8749354405)
2026-03-19 11:22:21,053 [ERROR] data.orderflow_ws: WS error: timed out during opening handshake — reconnect in 10s
2026-03-19 11:22:22,233 [ERROR] aiogram.dispatcher: Failed to fetch updates - TelegramNetworkError: HTTP Client says - ClientConnectorDNSError: Cannot connect to host api.telegram.org:443 ssl:default [getaddrinfo failed]
2026-03-19 11:22:22,235 [WARNING] aiogram.dispatcher: Sleep for 4.876929 seconds and try again... (tryings = 1293, bot id = 8749354405)
2026-03-19 11:22:38,344 [ERROR] aiogram.dispatcher: Failed to fetch updates - TelegramNetworkError: HTTP Client says - ClientConnectorDNSError: Cannot connect to host api.telegram.org:443 ssl:default [getaddrinfo failed]
2026-03-19 11:22:38,350 [WARNING] aiogram.dispatcher: Sleep for 4.970481 seconds and try again... (tryings = 1294, bot id = 8749354405)
2026-03-19 11:22:41,084 [ERROR] data.orderflow_ws: WS error: timed out during opening handshake — reconnect in 10s
2026-03-19 11:22:54,544 [ERROR] aiogram.dispatcher: Failed to fetch updates - TelegramNetworkError: HTTP Client says - ClientConnectorDNSError: Cannot connect to host api.telegram.org:443 ssl:default [getaddrinfo failed]
2026-03-19 11:22:54,545 [WARNING] aiogram.dispatcher: Sleep for 5.066213 seconds and try again... (tryings = 1295, bot id = 8749354405)
2026-03-19 11:23:01,114 [ERROR] data.orderflow_ws: WS error: timed out during opening handshake — reconnect in 10s
2026-03-19 11:23:10,816 [ERROR] aiogram.dispatcher: Failed to fetch updates - TelegramNetworkError: HTTP Client says - ClientConnectorDNSError: Cannot connect to host api.telegram.org:443 ssl:default [getaddrinfo failed]
2026-03-19 11:23:10,817 [WARNING] aiogram.dispatcher: Sleep for 4.889825 seconds and try again... (tryings = 1296, bot id = 8749354405)
2026-03-19 11:23:21,139 [ERROR] data.orderflow_ws: WS error: timed out during opening handshake — reconnect in 10s
2026-03-19 11:23:26,925 [ERROR] aiogram.dispatcher: Failed to fetch updates - TelegramNetworkError: HTTP Client says - ClientConnectorDNSError: Cannot connect to host api.telegram.org:443 ssl:default [getaddrinfo failed]
2026-03-19 11:23:26,930 [WARNING] aiogram.dispatcher: Sleep for 4.889798 seconds and try again... (tryings = 1297, bot id = 8749354405)
2026-03-19 11:23:41,173 [ERROR] data.orderflow_ws: WS error: timed out during opening handshake — reconnect in 10s
2026-03-19 11:23:43,047 [ERROR] aiogram.dispatcher: Failed to fetch updates - TelegramNetworkError: HTTP Client says - ClientConnectorDNSError: Cannot connect to host api.telegram.org:443 ssl:default [getaddrinfo failed]
2026-03-19 11:23:43,049 [WARNING] aiogram.dispatcher: Sleep for 5.001941 seconds and try again... (tryings = 1298, bot id = 8749354405)
2026-03-19 11:23:59,270 [ERROR] aiogram.dispatcher: Failed to fetch updates - TelegramNetworkError: HTTP Client says - ClientConnectorDNSError: Cannot connect to host api.telegram.org:443 ssl:default [getaddrinfo failed]
2026-03-19 11:23:59,271 [WARNING] aiogram.dispatcher: Sleep for 4.844869 seconds and try again... (tryings = 1299, bot id = 8749354405)
2026-03-19 11:24:01,202 [ERROR] data.orderflow_ws: WS error: timed out during opening handshake — reconnect in 10s
2026-03-19 11:24:15,364 [ERROR] aiogram.dispatcher: Failed to fetch updates - TelegramNetworkError: HTTP Client says - ClientConnectorDNSError: Cannot connect to host api.telegram.org:443 ssl:default [getaddrinfo failed]
2026-03-19 11:24:15,380 [WARNING] aiogram.dispatcher: Sleep for 4.999090 seconds and try again... (tryings = 1300, bot id = 8749354405)
2026-03-19 11:24:21,226 [ERROR] data.orderflow_ws: WS error: timed out during opening handshake — reconnect in 10s
2026-03-19 11:24:31,608 [ERROR] aiogram.dispatcher: Failed to fetch updates - TelegramNetworkError: HTTP Client says - ClientConnectorDNSError: Cannot connect to host api.telegram.org:443 ssl:default [getaddrinfo failed]
2026-03-19 11:24:31,609 [WARNING] aiogram.dispatcher: Sleep for 4.916607 seconds and try again... (tryings = 1301, bot id = 8749354405)
2026-03-19 11:24:41,252 [ERROR] data.orderflow_ws: WS error: timed out during opening handshake — reconnect in 10s
2026-03-19 11:24:47,758 [ERROR] aiogram.dispatcher: Failed to fetch updates - TelegramNetworkError: HTTP Client says - ClientConnectorDNSError: Cannot connect to host api.telegram.org:443 ssl:default [getaddrinfo failed]
2026-03-19 11:24:47,760 [WARNING] aiogram.dispatcher: Sleep for 5.047670 seconds and try again... (tryings = 1302, bot id = 8749354405)
2026-03-19 11:25:01,264 [ERROR] data.orderflow_ws: WS error: timed out during opening handshake — reconnect in 10s
2026-03-19 11:25:04,062 [ERROR] aiogram.dispatcher: Failed to fetch updates - TelegramNetworkError: HTTP Client says - ClientConnectorDNSError: Cannot connect to host api.telegram.org:443 ssl:default [getaddrinfo failed]
2026-03-19 11:25:04,067 [WARNING] aiogram.dispatcher: Sleep for 5.099408 seconds and try again... (tryings = 1303, bot id = 8749354405)
2026-03-19 11:25:20,416 [ERROR] aiogram.dispatcher: Failed to fetch updates - TelegramNetworkError: HTTP Client says - ClientConnectorDNSError: Cannot connect to host api.telegram.org:443 ssl:default [getaddrinfo failed]
2026-03-19 11:25:20,417 [WARNING] aiogram.dispatcher: Sleep for 5.047298 seconds and try again... (tryings = 1304, bot id = 8749354405)
2026-03-19 11:25:21,285 [ERROR] data.orderflow_ws: WS error: timed out during opening handshake — reconnect in 10s
2026-03-19 11:25:36,662 [ERROR] aiogram.dispatcher: Failed to fetch updates - TelegramNetworkError: HTTP Client says - ClientConnectorDNSError: Cannot connect to host api.telegram.org:443 ssl:default [getaddrinfo failed]
2026-03-19 11:25:36,663 [WARNING] aiogram.dispatcher: Sleep for 4.983879 seconds and try again... (tryings = 1305, bot id = 8749354405)
2026-03-19 11:25:41,305 [ERROR] data.orderflow_ws: WS error: timed out during opening handshake — reconnect in 10s
2026-03-19 11:25:52,873 [ERROR] aiogram.dispatcher: Failed to fetch updates - TelegramNetworkError: HTTP Client says - ClientConnectorDNSError: Cannot connect to host api.telegram.org:443 ssl:default [getaddrinfo failed]
2026-03-19 11:25:52,875 [WARNING] aiogram.dispatcher: Sleep for 5.083576 seconds and try again... (tryings = 1306, bot id = 8749354405)
2026-03-19 11:26:01,349 [ERROR] data.orderflow_ws: WS error: timed out during opening handshake — reconnect in 10s
2026-03-19 11:26:09,132 [ERROR] aiogram.dispatcher: Failed to fetch updates - TelegramNetworkError: HTTP Client says - ClientConnectorDNSError: Cannot connect to host api.telegram.org:443 ssl:default [getaddrinfo failed]
2026-03-19 11:26:09,139 [WARNING] aiogram.dispatcher: Sleep for 4.963190 seconds and try again... (tryings = 1307, bot id = 8749354405)
2026-03-19 11:26:21,371 [ERROR] data.orderflow_ws: WS error: timed out during opening handshake — reconnect in 10s
2026-03-19 11:26:25,313 [ERROR] aiogram.dispatcher: Failed to fetch updates - TelegramNetworkError: HTTP Client says - ClientConnectorDNSError: Cannot connect to host api.telegram.org:443 ssl:default [getaddrinfo failed]
2026-03-19 11:26:25,316 [WARNING] aiogram.dispatcher: Sleep for 5.116857 seconds and try again... (tryings = 1308, bot id = 8749354405)
2026-03-19 11:26:41,382 [ERROR] data.orderflow_ws: WS error: timed out during opening handshake — reconnect in 10s
2026-03-19 11:26:41,661 [ERROR] aiogram.dispatcher: Failed to fetch updates - TelegramNetworkError: HTTP Client says - ClientConnectorDNSError: Cannot connect to host api.telegram.org:443 ssl:default [getaddrinfo failed]
2026-03-19 11:26:41,667 [WARNING] aiogram.dispatcher: Sleep for 5.081563 seconds and try again... (tryings = 1309, bot id = 8749354405)
2026-03-19 11:26:57,956 [ERROR] aiogram.dispatcher: Failed to fetch updates - TelegramNetworkError: HTTP Client says - ClientConnectorDNSError: Cannot connect to host api.telegram.org:443 ssl:default [getaddrinfo failed]
2026-03-19 11:26:57,957 [WARNING] aiogram.dispatcher: Sleep for 4.962807 seconds and try again... (tryings = 1310, bot id = 8749354405)
2026-03-19 11:27:01,395 [ERROR] data.orderflow_ws: WS error: timed out during opening handshake — reconnect in 10s
2026-03-19 11:27:14,131 [ERROR] aiogram.dispatcher: Failed to fetch updates - TelegramNetworkError: HTTP Client says - ClientConnectorDNSError: Cannot connect to host api.telegram.org:443 ssl:default [getaddrinfo failed]
2026-03-19 11:27:14,137 [WARNING] aiogram.dispatcher: Sleep for 4.962479 seconds and try again... (tryings = 1311, bot id = 8749354405)
2026-03-19 11:27:21,436 [ERROR] data.orderflow_ws: WS error: timed out during opening handshake — reconnect in 10s
2026-03-19 11:27:30,326 [ERROR] aiogram.dispatcher: Failed to fetch updates - TelegramNetworkError: HTTP Client says - ClientConnectorDNSError: Cannot connect to host api.telegram.org:443 ssl:default [getaddrinfo failed]
2026-03-19 11:27:30,329 [WARNING] aiogram.dispatcher: Sleep for 5.120984 seconds and try again... (tryings = 1312, bot id = 8749354405)
2026-03-19 11:27:41,459 [ERROR] data.orderflow_ws: WS error: timed out during opening handshake — reconnect in 10s
2026-03-19 11:27:46,686 [ERROR] aiogram.dispatcher: Failed to fetch updates - TelegramNetworkError: HTTP Client says - ClientConnectorDNSError: Cannot connect to host api.telegram.org:443 ssl:default [getaddrinfo failed]
2026-03-19 11:27:46,687 [WARNING] aiogram.dispatcher: Sleep for 4.935901 seconds and try again... (tryings = 1313, bot id = 8749354405)
2026-03-19 11:28:01,490 [ERROR] data.orderflow_ws: WS error: timed out during opening handshake — reconnect in 10s
2026-03-19 11:28:02,855 [ERROR] aiogram.dispatcher: Failed to fetch updates - TelegramNetworkError: HTTP Client says - ClientConnectorDNSError: Cannot connect to host api.telegram.org:443 ssl:default [getaddrinfo failed]
2026-03-19 11:28:02,856 [WARNING] aiogram.dispatcher: Sleep for 5.070121 seconds and try again... (tryings = 1314, bot id = 8749354405)
2026-03-19 11:28:19,122 [ERROR] aiogram.dispatcher: Failed to fetch updates - TelegramNetworkError: HTTP Client says - ClientConnectorDNSError: Cannot connect to host api.telegram.org:443 ssl:default [getaddrinfo failed]
2026-03-19 11:28:19,124 [WARNING] aiogram.dispatcher: Sleep for 4.906764 seconds and try again... (tryings = 1315, bot id = 8749354405)
2026-03-19 11:28:21,508 [ERROR] data.orderflow_ws: WS error: timed out during opening handshake — reconnect in 10s
2026-03-19 11:28:35,265 [ERROR] aiogram.dispatcher: Failed to fetch updates - TelegramNetworkError: HTTP Client says - ClientConnectorDNSError: Cannot connect to host api.telegram.org:443 ssl:default [getaddrinfo failed]
2026-03-19 11:28:35,272 [WARNING] aiogram.dispatcher: Sleep for 4.998365 seconds and try again... (tryings = 1316, bot id = 8749354405)
2026-03-19 11:28:41,522 [ERROR] data.orderflow_ws: WS error: timed out during opening handshake — reconnect in 10s
2026-03-19 11:28:51,496 [ERROR] aiogram.dispatcher: Failed to fetch updates - TelegramNetworkError: HTTP Client says - ClientConnectorDNSError: Cannot connect to host api.telegram.org:443 ssl:default [getaddrinfo failed]
2026-03-19 11:28:51,499 [WARNING] aiogram.dispatcher: Sleep for 5.227249 seconds and try again... (tryings = 1317, bot id = 8749354405)
2026-03-19 11:29:01,534 [ERROR] data.orderflow_ws: WS error: timed out during opening handshake — reconnect in 10s
2026-03-19 11:29:07,947 [ERROR] aiogram.dispatcher: Failed to fetch updates - TelegramNetworkError: HTTP Client says - ClientConnectorDNSError: Cannot connect to host api.telegram.org:443 ssl:default [getaddrinfo failed]
2026-03-19 11:29:07,950 [WARNING] aiogram.dispatcher: Sleep for 4.880533 seconds and try again... (tryings = 1318, bot id = 8749354405)
2026-03-19 11:29:21,573 [ERROR] data.orderflow_ws: WS error: timed out during opening handshake — reconnect in 10s
2026-03-19 11:29:24,062 [ERROR] aiogram.dispatcher: Failed to fetch updates - TelegramNetworkError: HTTP Client says - ClientConnectorDNSError: Cannot connect to host api.telegram.org:443 ssl:default [getaddrinfo failed]
2026-03-19 11:29:24,063 [WARNING] aiogram.dispatcher: Sleep for 4.938196 seconds and try again... (tryings = 1319, bot id = 8749354405)
2026-03-19 11:29:40,227 [ERROR] aiogram.dispatcher: Failed to fetch updates - TelegramNetworkError: HTTP Client says - ClientConnectorDNSError: Cannot connect to host api.telegram.org:443 ssl:default [getaddrinfo failed]
2026-03-19 11:29:40,228 [WARNING] aiogram.dispatcher: Sleep for 4.794734 seconds and try again... (tryings = 1320, bot id = 8749354405)
2026-03-19 11:29:41,606 [ERROR] data.orderflow_ws: WS error: timed out during opening handshake — reconnect in 10s
2026-03-19 11:29:56,292 [ERROR] aiogram.dispatcher: Failed to fetch updates - TelegramNetworkError: HTTP Client says - ClientConnectorDNSError: Cannot connect to host api.telegram.org:443 ssl:default [getaddrinfo failed]
2026-03-19 11:29:56,296 [WARNING] aiogram.dispatcher: Sleep for 4.966254 seconds and try again... (tryings = 1321, bot id = 8749354405)
2026-03-19 11:30:01,615 [ERROR] data.orderflow_ws: WS error: timed out during opening handshake — reconnect in 10s
2026-03-19 11:30:03,011 [INFO] apscheduler.executors.default: Running job "analysis_cycle (trigger: cron[minute='*/15', second='3'], next run at: 2026-03-19 11:45:03 MSK)" (scheduled at 2026-03-19 11:30:03+03:00)
2026-03-19 11:30:03,013 [INFO] __main__: ── Analysis cycle start ──────────────────
2026-03-19 11:30:12,486 [ERROR] aiogram.dispatcher: Failed to fetch updates - TelegramNetworkError: HTTP Client says - ClientConnectorDNSError: Cannot connect to host api.telegram.org:443 ssl:default [getaddrinfo failed]
2026-03-19 11:30:12,488 [WARNING] aiogram.dispatcher: Sleep for 4.869139 seconds and try again... (tryings = 1322, bot id = 8749354405)
2026-03-19 11:30:13,292 [ERROR] engine.pipeline: Candle load failed: 
2026-03-19 11:30:13,295 [INFO] apscheduler.executors.default: Job "analysis_cycle (trigger: cron[minute='*/15', second='3'], next run at: 2026-03-19 11:45:03 MSK)" executed successfully
2026-03-19 11:30:14,224 [ERROR] asyncio: gaierror exception in shielded future
future: <Task finished name='Task-1447' coro=<TCPConnector._resolve_host_with_throttle() done, defined at C:\Users\89118\AppData\Roaming\Python\Python314\site-packages\aiohttp\connector.py:1188> exception=gaierror(11001, 'getaddrinfo failed')>
Traceback (most recent call last):
  File "C:\Users\89118\AppData\Roaming\Python\Python314\site-packages\aiohttp\connector.py", line 1209, in _resolve_host_with_throttle
    addrs = await self._resolver.resolve(host, port, family=self._family)
            ^^^^^^^^^^^^^^^^^^^^^^^^^^^^^^^^^^^^^^^^^^^^^^^^^^^^^^^^^^^^^
  File "C:\Users\89118\AppData\Roaming\Python\Python314\site-packages\aiohttp\resolver.py", line 40, in resolve
    infos = await self._loop.getaddrinfo(
            ^^^^^^^^^^^^^^^^^^^^^^^^^^^^^
    ...<5 lines>...
    )
    ^
  File "C:\Python314\Lib\asyncio\base_events.py", line 936, in getaddrinfo
    return await self.run_in_executor(
           ^^^^^^^^^^^^^^^^^^^^^^^^^^^
        None, getaddr_func, host, port, family, type, proto, flags)
        ^^^^^^^^^^^^^^^^^^^^^^^^^^^^^^^^^^^^^^^^^^^^^^^^^^^^^^^^^^^
  File "C:\Python314\Lib\concurrent\futures\thread.py", line 86, in run
    result = ctx.run(self.task)
  File "C:\Python314\Lib\concurrent\futures\thread.py", line 73, in run
    return fn(*args, **kwargs)
  File "C:\Python314\Lib\socket.py", line 983, in getaddrinfo
    for res in _socket.getaddrinfo(host, port, family, type, proto, flags):
               ~~~~~~~~~~~~~~~~~~~^^^^^^^^^^^^^^^^^^^^^^^^^^^^^^^^^^^^^^^^
socket.gaierror: [Errno 11001] getaddrinfo failed
2026-03-19 11:30:21,644 [ERROR] data.orderflow_ws: WS error: timed out during opening handshake — reconnect in 10s
2026-03-19 11:30:28,576 [ERROR] aiogram.dispatcher: Failed to fetch updates - TelegramNetworkError: HTTP Client says - ClientConnectorDNSError: Cannot connect to host api.telegram.org:443 ssl:default [getaddrinfo failed]
2026-03-19 11:30:28,582 [WARNING] aiogram.dispatcher: Sleep for 5.042691 seconds and try again... (tryings = 1323, bot id = 8749354405)
2026-03-19 11:30:41,673 [ERROR] data.orderflow_ws: WS error: timed out during opening handshake — reconnect in 10s
2026-03-19 11:30:44,862 [ERROR] aiogram.dispatcher: Failed to fetch updates - TelegramNetworkError: HTTP Client says - ClientConnectorDNSError: Cannot connect to host api.telegram.org:443 ssl:default [getaddrinfo failed]
2026-03-19 11:30:44,864 [WARNING] aiogram.dispatcher: Sleep for 5.010687 seconds and try again... (tryings = 1324, bot id = 8749354405)
2026-03-19 11:31:01,107 [ERROR] aiogram.dispatcher: Failed to fetch updates - TelegramNetworkError: HTTP Client says - ClientConnectorDNSError: Cannot connect to host api.telegram.org:443 ssl:default [getaddrinfo failed]
2026-03-19 11:31:01,113 [WARNING] aiogram.dispatcher: Sleep for 4.920588 seconds and try again... (tryings = 1325, bot id = 8749354405)
2026-03-19 11:31:01,703 [ERROR] data.orderflow_ws: WS error: timed out during opening handshake — reconnect in 10s
2026-03-19 11:31:17,270 [ERROR] aiogram.dispatcher: Failed to fetch updates - TelegramNetworkError: HTTP Client says - ClientConnectorDNSError: Cannot connect to host api.telegram.org:443 ssl:default [getaddrinfo failed]
2026-03-19 11:31:17,271 [WARNING] aiogram.dispatcher: Sleep for 5.019079 seconds and try again... (tryings = 1326, bot id = 8749354405)
2026-03-19 11:31:21,738 [ERROR] data.orderflow_ws: WS error: timed out during opening handshake — reconnect in 10s
2026-03-19 11:31:33,524 [ERROR] aiogram.dispatcher: Failed to fetch updates - TelegramNetworkError: HTTP Client says - ClientConnectorDNSError: Cannot connect to host api.telegram.org:443 ssl:default [getaddrinfo failed]
2026-03-19 11:31:33,525 [WARNING] aiogram.dispatcher: Sleep for 5.014235 seconds and try again... (tryings = 1327, bot id = 8749354405)
2026-03-19 11:31:41,792 [ERROR] data.orderflow_ws: WS error: timed out during opening handshake — reconnect in 10s
2026-03-19 11:31:49,771 [ERROR] aiogram.dispatcher: Failed to fetch updates - TelegramNetworkError: HTTP Client says - ClientConnectorDNSError: Cannot connect to host api.telegram.org:443 ssl:default [getaddrinfo failed]
2026-03-19 11:31:49,786 [WARNING] aiogram.dispatcher: Sleep for 4.928298 seconds and try again... (tryings = 1328, bot id = 8749354405)
2026-03-19 11:32:01,796 [ERROR] data.orderflow_ws: WS error: timed out during opening handshake — reconnect in 10s
2026-03-19 11:32:05,935 [ERROR] aiogram.dispatcher: Failed to fetch updates - TelegramNetworkError: HTTP Client says - ClientConnectorDNSError: Cannot connect to host api.telegram.org:443 ssl:default [getaddrinfo failed]
2026-03-19 11:32:05,936 [WARNING] aiogram.dispatcher: Sleep for 5.160326 seconds and try again... (tryings = 1329, bot id = 8749354405)
2026-03-19 11:32:21,826 [ERROR] data.orderflow_ws: WS error: timed out during opening handshake — reconnect in 10s
2026-03-19 11:32:22,311 [ERROR] aiogram.dispatcher: Failed to fetch updates - TelegramNetworkError: HTTP Client says - ClientConnectorDNSError: Cannot connect to host api.telegram.org:443 ssl:default [getaddrinfo failed]
2026-03-19 11:32:22,312 [WARNING] aiogram.dispatcher: Sleep for 4.914862 seconds and try again... (tryings = 1330, bot id = 8749354405)
2026-03-19 11:32:38,456 [ERROR] aiogram.dispatcher: Failed to fetch updates - TelegramNetworkError: HTTP Client says - ClientConnectorDNSError: Cannot connect to host api.telegram.org:443 ssl:default [getaddrinfo failed]
2026-03-19 11:32:38,459 [WARNING] aiogram.dispatcher: Sleep for 5.030022 seconds and try again... (tryings = 1331, bot id = 8749354405)
2026-03-19 11:32:41,848 [ERROR] data.orderflow_ws: WS error: timed out during opening handshake — reconnect in 10s
2026-03-19 11:32:54,709 [ERROR] aiogram.dispatcher: Failed to fetch updates - TelegramNetworkError: HTTP Client says - ClientConnectorDNSError: Cannot connect to host api.telegram.org:443 ssl:default [getaddrinfo failed]
2026-03-19 11:32:54,711 [WARNING] aiogram.dispatcher: Sleep for 5.175165 seconds and try again... (tryings = 1332, bot id = 8749354405)
2026-03-19 11:33:01,871 [ERROR] data.orderflow_ws: WS error: timed out during opening handshake — reconnect in 10s
2026-03-19 11:33:11,109 [ERROR] aiogram.dispatcher: Failed to fetch updates - TelegramNetworkError: HTTP Client says - ClientConnectorDNSError: Cannot connect to host api.telegram.org:443 ssl:default [getaddrinfo failed]
2026-03-19 11:33:11,117 [WARNING] aiogram.dispatcher: Sleep for 4.929812 seconds and try again... (tryings = 1333, bot id = 8749354405)
2026-03-19 11:33:21,903 [ERROR] data.orderflow_ws: WS error: timed out during opening handshake — reconnect in 10s
2026-03-19 11:33:27,261 [ERROR] aiogram.dispatcher: Failed to fetch updates - TelegramNetworkError: HTTP Client says - ClientConnectorDNSError: Cannot connect to host api.telegram.org:443 ssl:default [getaddrinfo failed]
2026-03-19 11:33:27,263 [WARNING] aiogram.dispatcher: Sleep for 5.036505 seconds and try again... (tryings = 1334, bot id = 8749354405)
2026-03-19 11:33:41,935 [ERROR] data.orderflow_ws: WS error: timed out during opening handshake — reconnect in 10s
2026-03-19 11:33:43,544 [ERROR] aiogram.dispatcher: Failed to fetch updates - TelegramNetworkError: HTTP Client says - ClientConnectorDNSError: Cannot connect to host api.telegram.org:443 ssl:default [getaddrinfo failed]
2026-03-19 11:33:43,550 [WARNING] aiogram.dispatcher: Sleep for 5.158203 seconds and try again... (tryings = 1335, bot id = 8749354405)
2026-03-19 11:33:59,943 [ERROR] aiogram.dispatcher: Failed to fetch updates - TelegramNetworkError: HTTP Client says - ClientConnectorDNSError: Cannot connect to host api.telegram.org:443 ssl:default [getaddrinfo failed]
2026-03-19 11:33:59,946 [WARNING] aiogram.dispatcher: Sleep for 4.981386 seconds and try again... (tryings = 1336, bot id = 8749354405)
2026-03-19 11:34:01,973 [ERROR] data.orderflow_ws: WS error: timed out during opening handshake — reconnect in 10s
2026-03-19 11:34:16,152 [ERROR] aiogram.dispatcher: Failed to fetch updates - TelegramNetworkError: HTTP Client says - ClientConnectorDNSError: Cannot connect to host api.telegram.org:443 ssl:default [getaddrinfo failed]
2026-03-19 11:34:16,154 [WARNING] aiogram.dispatcher: Sleep for 5.026177 seconds and try again... (tryings = 1337, bot id = 8749354405)
2026-03-19 11:34:22,010 [ERROR] data.orderflow_ws: WS error: timed out during opening handshake — reconnect in 10s
2026-03-19 11:34:32,408 [ERROR] aiogram.dispatcher: Failed to fetch updates - TelegramNetworkError: HTTP Client says - ClientConnectorDNSError: Cannot connect to host api.telegram.org:443 ssl:default [getaddrinfo failed]
2026-03-19 11:34:32,409 [WARNING] aiogram.dispatcher: Sleep for 5.011096 seconds and try again... (tryings = 1338, bot id = 8749354405)
2026-03-19 11:34:42,020 [ERROR] data.orderflow_ws: WS error: timed out during opening handshake — reconnect in 10s
2026-03-19 11:34:48,637 [ERROR] aiogram.dispatcher: Failed to fetch updates - TelegramNetworkError: HTTP Client says - ClientConnectorDNSError: Cannot connect to host api.telegram.org:443 ssl:default [getaddrinfo failed]
2026-03-19 11:34:48,638 [WARNING] aiogram.dispatcher: Sleep for 5.156915 seconds and try again... (tryings = 1339, bot id = 8749354405)
2026-03-19 11:35:02,041 [ERROR] data.orderflow_ws: WS error: timed out during opening handshake — reconnect in 10s
2026-03-19 11:35:04,993 [ERROR] aiogram.dispatcher: Failed to fetch updates - TelegramNetworkError: HTTP Client says - ClientConnectorDNSError: Cannot connect to host api.telegram.org:443 ssl:default [getaddrinfo failed]
2026-03-19 11:35:04,997 [WARNING] aiogram.dispatcher: Sleep for 5.072000 seconds and try again... (tryings = 1340, bot id = 8749354405)
2026-03-19 11:35:21,278 [ERROR] aiogram.dispatcher: Failed to fetch updates - TelegramNetworkError: HTTP Client says - ClientConnectorDNSError: Cannot connect to host api.telegram.org:443 ssl:default [getaddrinfo failed]
2026-03-19 11:35:21,279 [WARNING] aiogram.dispatcher: Sleep for 5.018065 seconds and try again... (tryings = 1341, bot id = 8749354405)
2026-03-19 11:35:22,079 [ERROR] data.orderflow_ws: WS error: timed out during opening handshake — reconnect in 10s
2026-03-19 11:35:37,547 [ERROR] aiogram.dispatcher: Failed to fetch updates - TelegramNetworkError: HTTP Client says - ClientConnectorDNSError: Cannot connect to host api.telegram.org:443 ssl:default [getaddrinfo failed]
2026-03-19 11:35:37,560 [WARNING] aiogram.dispatcher: Sleep for 4.842618 seconds and try again... (tryings = 1342, bot id = 8749354405)
2026-03-19 11:35:42,102 [ERROR] data.orderflow_ws: WS error: timed out during opening handshake — reconnect in 10s
2026-03-19 11:35:53,630 [ERROR] aiogram.dispatcher: Failed to fetch updates - TelegramNetworkError: HTTP Client says - ClientConnectorDNSError: Cannot connect to host api.telegram.org:443 ssl:default [getaddrinfo failed]
2026-03-19 11:35:53,632 [WARNING] aiogram.dispatcher: Sleep for 5.020267 seconds and try again... (tryings = 1343, bot id = 8749354405)
2026-03-19 11:36:02,126 [ERROR] data.orderflow_ws: WS error: timed out during opening handshake — reconnect in 10s
2026-03-19 11:36:09,860 [ERROR] aiogram.dispatcher: Failed to fetch updates - TelegramNetworkError: HTTP Client says - ClientConnectorDNSError: Cannot connect to host api.telegram.org:443 ssl:default [getaddrinfo failed]
2026-03-19 11:36:09,862 [WARNING] aiogram.dispatcher: Sleep for 5.008501 seconds and try again... (tryings = 1344, bot id = 8749354405)
2026-03-19 11:36:22,155 [ERROR] data.orderflow_ws: WS error: timed out during opening handshake — reconnect in 10s
2026-03-19 11:36:26,109 [ERROR] aiogram.dispatcher: Failed to fetch updates - TelegramNetworkError: HTTP Client says - ClientConnectorDNSError: Cannot connect to host api.telegram.org:443 ssl:default [getaddrinfo failed]
2026-03-19 11:36:26,111 [WARNING] aiogram.dispatcher: Sleep for 4.993131 seconds and try again... (tryings = 1345, bot id = 8749354405)
2026-03-19 11:36:42,179 [ERROR] data.orderflow_ws: WS error: timed out during opening handshake — reconnect in 10s
2026-03-19 11:36:42,307 [ERROR] aiogram.dispatcher: Failed to fetch updates - TelegramNetworkError: HTTP Client says - ClientConnectorDNSError: Cannot connect to host api.telegram.org:443 ssl:default [getaddrinfo failed]
2026-03-19 11:36:42,310 [WARNING] aiogram.dispatcher: Sleep for 5.045684 seconds and try again... (tryings = 1346, bot id = 8749354405)
2026-03-19 11:36:58,586 [ERROR] aiogram.dispatcher: Failed to fetch updates - TelegramNetworkError: HTTP Client says - ClientConnectorDNSError: Cannot connect to host api.telegram.org:443 ssl:default [getaddrinfo failed]
2026-03-19 11:36:58,587 [WARNING] aiogram.dispatcher: Sleep for 5.237917 seconds and try again... (tryings = 1347, bot id = 8749354405)
2026-03-19 11:37:02,203 [ERROR] data.orderflow_ws: WS error: timed out during opening handshake — reconnect in 10s
2026-03-19 11:37:15,037 [ERROR] aiogram.dispatcher: Failed to fetch updates - TelegramNetworkError: HTTP Client says - ClientConnectorDNSError: Cannot connect to host api.telegram.org:443 ssl:default [getaddrinfo failed]
2026-03-19 11:37:15,039 [WARNING] aiogram.dispatcher: Sleep for 5.088294 seconds and try again... (tryings = 1348, bot id = 8749354405)
2026-03-19 11:37:22,225 [ERROR] data.orderflow_ws: WS error: timed out during opening handshake — reconnect in 10s
2026-03-19 11:37:31,328 [ERROR] aiogram.dispatcher: Failed to fetch updates - TelegramNetworkError: HTTP Client says - ClientConnectorDNSError: Cannot connect to host api.telegram.org:443 ssl:default [getaddrinfo failed]
2026-03-19 11:37:31,329 [WARNING] aiogram.dispatcher: Sleep for 4.988155 seconds and try again... (tryings = 1349, bot id = 8749354405)
2026-03-19 11:37:42,236 [ERROR] data.orderflow_ws: WS error: timed out during opening handshake — reconnect in 10s
2026-03-19 11:37:47,533 [ERROR] aiogram.dispatcher: Failed to fetch updates - TelegramNetworkError: HTTP Client says - ClientConnectorDNSError: Cannot connect to host api.telegram.org:443 ssl:default [getaddrinfo failed]
2026-03-19 11:37:47,539 [WARNING] aiogram.dispatcher: Sleep for 4.974749 seconds and try again... (tryings = 1350, bot id = 8749354405)
2026-03-19 11:38:02,277 [ERROR] data.orderflow_ws: WS error: timed out during opening handshake — reconnect in 10s
2026-03-19 11:38:03,732 [ERROR] aiogram.dispatcher: Failed to fetch updates - TelegramNetworkError: HTTP Client says - ClientConnectorDNSError: Cannot connect to host api.telegram.org:443 ssl:default [getaddrinfo failed]
2026-03-19 11:38:03,733 [WARNING] aiogram.dispatcher: Sleep for 4.964709 seconds and try again... (tryings = 1351, bot id = 8749354405)
2026-03-19 11:38:19,917 [ERROR] aiogram.dispatcher: Failed to fetch updates - TelegramNetworkError: HTTP Client says - ClientConnectorDNSError: Cannot connect to host api.telegram.org:443 ssl:default [getaddrinfo failed]
2026-03-19 11:38:19,922 [WARNING] aiogram.dispatcher: Sleep for 5.164577 seconds and try again... (tryings = 1352, bot id = 8749354405)
2026-03-19 11:38:22,305 [ERROR] data.orderflow_ws: WS error: timed out during opening handshake — reconnect in 10s
2026-03-19 11:38:36,322 [ERROR] aiogram.dispatcher: Failed to fetch updates - TelegramNetworkError: HTTP Client says - ClientConnectorDNSError: Cannot connect to host api.telegram.org:443 ssl:default [getaddrinfo failed]
2026-03-19 11:38:36,324 [WARNING] aiogram.dispatcher: Sleep for 4.885749 seconds and try again... (tryings = 1353, bot id = 8749354405)
2026-03-19 11:38:42,336 [ERROR] data.orderflow_ws: WS error: timed out during opening handshake — reconnect in 10s
2026-03-19 11:38:52,438 [ERROR] aiogram.dispatcher: Failed to fetch updates - TelegramNetworkError: HTTP Client says - ClientConnectorDNSError: Cannot connect to host api.telegram.org:443 ssl:default [getaddrinfo failed]
2026-03-19 11:38:52,444 [WARNING] aiogram.dispatcher: Sleep for 5.043620 seconds and try again... (tryings = 1354, bot id = 8749354405)
2026-03-19 11:39:02,376 [ERROR] data.orderflow_ws: WS error: timed out during opening handshake — reconnect in 10s
2026-03-19 11:39:08,699 [ERROR] aiogram.dispatcher: Failed to fetch updates - TelegramNetworkError: HTTP Client says - ClientConnectorDNSError: Cannot connect to host api.telegram.org:443 ssl:default [getaddrinfo failed]
2026-03-19 11:39:08,701 [WARNING] aiogram.dispatcher: Sleep for 5.234809 seconds and try again... (tryings = 1355, bot id = 8749354405)
2026-03-19 11:39:22,401 [ERROR] data.orderflow_ws: WS error: timed out during opening handshake — reconnect in 10s
2026-03-19 11:39:25,156 [ERROR] aiogram.dispatcher: Failed to fetch updates - TelegramNetworkError: HTTP Client says - ClientConnectorDNSError: Cannot connect to host api.telegram.org:443 ssl:default [getaddrinfo failed]
2026-03-19 11:39:25,157 [WARNING] aiogram.dispatcher: Sleep for 4.911903 seconds and try again... (tryings = 1356, bot id = 8749354405)
2026-03-19 11:39:41,283 [ERROR] aiogram.dispatcher: Failed to fetch updates - TelegramNetworkError: HTTP Client says - ClientConnectorDNSError: Cannot connect to host api.telegram.org:443 ssl:default [getaddrinfo failed]
2026-03-19 11:39:41,286 [WARNING] aiogram.dispatcher: Sleep for 5.061599 seconds and try again... (tryings = 1357, bot id = 8749354405)
2026-03-19 11:39:42,416 [ERROR] data.orderflow_ws: WS error: timed out during opening handshake — reconnect in 10s
2026-03-19 11:39:57,603 [ERROR] aiogram.dispatcher: Failed to fetch updates - TelegramNetworkError: HTTP Client says - ClientConnectorDNSError: Cannot connect to host api.telegram.org:443 ssl:default [getaddrinfo failed]
2026-03-19 11:39:57,604 [WARNING] aiogram.dispatcher: Sleep for 4.880944 seconds and try again... (tryings = 1358, bot id = 8749354405)
2026-03-19 11:40:02,444 [ERROR] data.orderflow_ws: WS error: timed out during opening handshake — reconnect in 10s
2026-03-19 11:40:13,688 [ERROR] aiogram.dispatcher: Failed to fetch updates - TelegramNetworkError: HTTP Client says - ClientConnectorDNSError: Cannot connect to host api.telegram.org:443 ssl:default [getaddrinfo failed]
2026-03-19 11:40:13,689 [WARNING] aiogram.dispatcher: Sleep for 5.115154 seconds and try again... (tryings = 1359, bot id = 8749354405)
2026-03-19 11:40:22,464 [ERROR] data.orderflow_ws: WS error: timed out during opening handshake — reconnect in 10s
2026-03-19 11:40:30,041 [ERROR] aiogram.dispatcher: Failed to fetch updates - TelegramNetworkError: HTTP Client says - ClientConnectorDNSError: Cannot connect to host api.telegram.org:443 ssl:default [getaddrinfo failed]
2026-03-19 11:40:30,042 [WARNING] aiogram.dispatcher: Sleep for 4.991774 seconds and try again... (tryings = 1360, bot id = 8749354405)
2026-03-19 11:40:42,502 [ERROR] data.orderflow_ws: WS error: timed out during opening handshake — reconnect in 10s
2026-03-19 11:40:46,244 [ERROR] aiogram.dispatcher: Failed to fetch updates - TelegramNetworkError: HTTP Client says - ClientConnectorDNSError: Cannot connect to host api.telegram.org:443 ssl:default [getaddrinfo failed]
2026-03-19 11:40:46,249 [WARNING] aiogram.dispatcher: Sleep for 4.919628 seconds and try again... (tryings = 1361, bot id = 8749354405)
2026-03-19 11:41:02,388 [ERROR] aiogram.dispatcher: Failed to fetch updates - TelegramNetworkError: HTTP Client says - ClientConnectorDNSError: Cannot connect to host api.telegram.org:443 ssl:default [getaddrinfo failed]
2026-03-19 11:41:02,394 [WARNING] aiogram.dispatcher: Sleep for 4.983209 seconds and try again... (tryings = 1362, bot id = 8749354405)
2026-03-19 11:41:02,530 [ERROR] data.orderflow_ws: WS error: timed out during opening handshake — reconnect in 10s
2026-03-19 11:41:18,586 [ERROR] aiogram.dispatcher: Failed to fetch updates - TelegramNetworkError: HTTP Client says - ClientConnectorDNSError: Cannot connect to host api.telegram.org:443 ssl:default [getaddrinfo failed]
2026-03-19 11:41:18,587 [WARNING] aiogram.dispatcher: Sleep for 5.104991 seconds and try again... (tryings = 1363, bot id = 8749354405)
2026-03-19 11:41:22,569 [ERROR] data.orderflow_ws: WS error: timed out during opening handshake — reconnect in 10s
2026-03-19 11:41:34,908 [ERROR] aiogram.dispatcher: Failed to fetch updates - TelegramNetworkError: HTTP Client says - ClientConnectorDNSError: Cannot connect to host api.telegram.org:443 ssl:default [getaddrinfo failed]
2026-03-19 11:41:34,909 [WARNING] aiogram.dispatcher: Sleep for 5.015634 seconds and try again... (tryings = 1364, bot id = 8749354405)
2026-03-19 11:41:42,617 [ERROR] data.orderflow_ws: WS error: timed out during opening handshake — reconnect in 10s
2026-03-19 11:41:51,160 [ERROR] aiogram.dispatcher: Failed to fetch updates - TelegramNetworkError: HTTP Client says - ClientConnectorDNSError: Cannot connect to host api.telegram.org:443 ssl:default [getaddrinfo failed]
2026-03-19 11:41:51,161 [WARNING] aiogram.dispatcher: Sleep for 5.005727 seconds and try again... (tryings = 1365, bot id = 8749354405)
2026-03-19 11:42:02,638 [ERROR] data.orderflow_ws: WS error: timed out during opening handshake — reconnect in 10s
2026-03-19 11:42:07,395 [ERROR] aiogram.dispatcher: Failed to fetch updates - TelegramNetworkError: HTTP Client says - ClientConnectorDNSError: Cannot connect to host api.telegram.org:443 ssl:default [getaddrinfo failed]
2026-03-19 11:42:07,397 [WARNING] aiogram.dispatcher: Sleep for 4.776257 seconds and try again... (tryings = 1366, bot id = 8749354405)
2026-03-19 11:42:22,675 [ERROR] data.orderflow_ws: WS error: timed out during opening handshake — reconnect in 10s
2026-03-19 11:42:23,378 [ERROR] aiogram.dispatcher: Failed to fetch updates - TelegramNetworkError: HTTP Client says - ClientConnectorDNSError: Cannot connect to host api.telegram.org:443 ssl:default [getaddrinfo failed]
2026-03-19 11:42:23,379 [WARNING] aiogram.dispatcher: Sleep for 4.880370 seconds and try again... (tryings = 1367, bot id = 8749354405)
2026-03-19 11:42:39,508 [ERROR] aiogram.dispatcher: Failed to fetch updates - TelegramNetworkError: HTTP Client says - ClientConnectorDNSError: Cannot connect to host api.telegram.org:443 ssl:default [getaddrinfo failed]
2026-03-19 11:42:39,509 [WARNING] aiogram.dispatcher: Sleep for 5.138698 seconds and try again... (tryings = 1368, bot id = 8749354405)
2026-03-19 11:42:42,707 [ERROR] data.orderflow_ws: WS error: timed out during opening handshake — reconnect in 10s
2026-03-19 11:42:55,866 [ERROR] aiogram.dispatcher: Failed to fetch updates - TelegramNetworkError: HTTP Client says - ClientConnectorDNSError: Cannot connect to host api.telegram.org:443 ssl:default [getaddrinfo failed]
2026-03-19 11:42:55,873 [WARNING] aiogram.dispatcher: Sleep for 4.826408 seconds and try again... (tryings = 1369, bot id = 8749354405)
2026-03-19 11:43:02,738 [ERROR] data.orderflow_ws: WS error: timed out during opening handshake — reconnect in 10s
2026-03-19 11:43:11,913 [ERROR] aiogram.dispatcher: Failed to fetch updates - TelegramNetworkError: HTTP Client says - ClientConnectorDNSError: Cannot connect to host api.telegram.org:443 ssl:default [getaddrinfo failed]
2026-03-19 11:43:11,914 [WARNING] aiogram.dispatcher: Sleep for 4.919362 seconds and try again... (tryings = 1370, bot id = 8749354405)
2026-03-19 11:43:22,776 [ERROR] data.orderflow_ws: WS error: timed out during opening handshake — reconnect in 10s
2026-03-19 11:43:28,072 [ERROR] aiogram.dispatcher: Failed to fetch updates - TelegramNetworkError: HTTP Client says - ClientConnectorDNSError: Cannot connect to host api.telegram.org:443 ssl:default [getaddrinfo failed]
2026-03-19 11:43:28,073 [WARNING] aiogram.dispatcher: Sleep for 5.064705 seconds and try again... (tryings = 1371, bot id = 8749354405)
2026-03-19 11:43:42,797 [ERROR] data.orderflow_ws: WS error: timed out during opening handshake — reconnect in 10s
2026-03-19 11:43:44,385 [ERROR] aiogram.dispatcher: Failed to fetch updates - TelegramNetworkError: HTTP Client says - ClientConnectorDNSError: Cannot connect to host api.telegram.org:443 ssl:default [getaddrinfo failed]
2026-03-19 11:43:44,387 [WARNING] aiogram.dispatcher: Sleep for 4.903471 seconds and try again... (tryings = 1372, bot id = 8749354405)
2026-03-19 11:44:00,505 [ERROR] aiogram.dispatcher: Failed to fetch updates - TelegramNetworkError: HTTP Client says - ClientConnectorDNSError: Cannot connect to host api.telegram.org:443 ssl:default [getaddrinfo failed]
2026-03-19 11:44:00,506 [WARNING] aiogram.dispatcher: Sleep for 5.019835 seconds and try again... (tryings = 1373, bot id = 8749354405)
2026-03-19 11:44:02,809 [ERROR] data.orderflow_ws: WS error: timed out during opening handshake — reconnect in 10s
2026-03-19 11:44:16,766 [ERROR] aiogram.dispatcher: Failed to fetch updates - TelegramNetworkError: HTTP Client says - ClientConnectorDNSError: Cannot connect to host api.telegram.org:443 ssl:default [getaddrinfo failed]
2026-03-19 11:44:16,767 [WARNING] aiogram.dispatcher: Sleep for 5.173954 seconds and try again... (tryings = 1374, bot id = 8749354405)
2026-03-19 11:44:22,830 [ERROR] data.orderflow_ws: WS error: timed out during opening handshake — reconnect in 10s
2026-03-19 11:44:33,162 [ERROR] aiogram.dispatcher: Failed to fetch updates - TelegramNetworkError: HTTP Client says - ClientConnectorDNSError: Cannot connect to host api.telegram.org:443 ssl:default [getaddrinfo failed]
2026-03-19 11:44:33,163 [WARNING] aiogram.dispatcher: Sleep for 5.158531 seconds and try again... (tryings = 1375, bot id = 8749354405)
2026-03-19 11:44:42,869 [ERROR] data.orderflow_ws: WS error: timed out during opening handshake — reconnect in 10s
2026-03-19 11:44:49,519 [ERROR] aiogram.dispatcher: Failed to fetch updates - TelegramNetworkError: HTTP Client says - ClientConnectorDNSError: Cannot connect to host api.telegram.org:443 ssl:default [getaddrinfo failed]
2026-03-19 11:44:49,520 [WARNING] aiogram.dispatcher: Sleep for 4.916855 seconds and try again... (tryings = 1376, bot id = 8749354405)
2026-03-19 11:45:02,896 [ERROR] data.orderflow_ws: WS error: timed out during opening handshake — reconnect in 10s
2026-03-19 11:45:03,010 [INFO] apscheduler.executors.default: Running job "analysis_cycle (trigger: cron[minute='*/15', second='3'], next run at: 2026-03-19 12:00:03 MSK)" (scheduled at 2026-03-19 11:45:03+03:00)
2026-03-19 11:45:03,012 [INFO] __main__: ── Analysis cycle start ──────────────────
2026-03-19 11:45:05,646 [ERROR] aiogram.dispatcher: Failed to fetch updates - TelegramNetworkError: HTTP Client says - ClientConnectorDNSError: Cannot connect to host api.telegram.org:443 ssl:default [getaddrinfo failed]
2026-03-19 11:45:05,652 [WARNING] aiogram.dispatcher: Sleep for 5.094636 seconds and try again... (tryings = 1377, bot id = 8749354405)
2026-03-19 11:45:13,289 [ERROR] engine.pipeline: Candle load failed: 
2026-03-19 11:45:13,290 [INFO] apscheduler.executors.default: Job "analysis_cycle (trigger: cron[minute='*/15', second='3'], next run at: 2026-03-19 12:00:03 MSK)" executed successfully
2026-03-19 11:45:14,246 [ERROR] asyncio: gaierror exception in shielded future
future: <Task finished name='Task-1507' coro=<TCPConnector._resolve_host_with_throttle() done, defined at C:\Users\89118\AppData\Roaming\Python\Python314\site-packages\aiohttp\connector.py:1188> exception=gaierror(11001, 'getaddrinfo failed')>
Traceback (most recent call last):
  File "C:\Users\89118\AppData\Roaming\Python\Python314\site-packages\aiohttp\connector.py", line 1209, in _resolve_host_with_throttle
    addrs = await self._resolver.resolve(host, port, family=self._family)
            ^^^^^^^^^^^^^^^^^^^^^^^^^^^^^^^^^^^^^^^^^^^^^^^^^^^^^^^^^^^^^
  File "C:\Users\89118\AppData\Roaming\Python\Python314\site-packages\aiohttp\resolver.py", line 40, in resolve
    infos = await self._loop.getaddrinfo(
            ^^^^^^^^^^^^^^^^^^^^^^^^^^^^^
    ...<5 lines>...
    )
    ^
  File "C:\Python314\Lib\asyncio\base_events.py", line 936, in getaddrinfo
    return await self.run_in_executor(
           ^^^^^^^^^^^^^^^^^^^^^^^^^^^
        None, getaddr_func, host, port, family, type, proto, flags)
        ^^^^^^^^^^^^^^^^^^^^^^^^^^^^^^^^^^^^^^^^^^^^^^^^^^^^^^^^^^^
  File "C:\Python314\Lib\concurrent\futures\thread.py", line 86, in run
    result = ctx.run(self.task)
  File "C:\Python314\Lib\concurrent\futures\thread.py", line 73, in run
    return fn(*args, **kwargs)
  File "C:\Python314\Lib\socket.py", line 983, in getaddrinfo
    for res in _socket.getaddrinfo(host, port, family, type, proto, flags):
               ~~~~~~~~~~~~~~~~~~~^^^^^^^^^^^^^^^^^^^^^^^^^^^^^^^^^^^^^^^^
socket.gaierror: [Errno 11001] getaddrinfo failed
2026-03-19 11:45:21,955 [ERROR] aiogram.dispatcher: Failed to fetch updates - TelegramNetworkError: HTTP Client says - ClientConnectorDNSError: Cannot connect to host api.telegram.org:443 ssl:default [getaddrinfo failed]
2026-03-19 11:45:21,961 [WARNING] aiogram.dispatcher: Sleep for 5.066959 seconds and try again... (tryings = 1378, bot id = 8749354405)
2026-03-19 11:45:22,920 [ERROR] data.orderflow_ws: WS error: timed out during opening handshake — reconnect in 10s
2026-03-19 11:45:38,243 [ERROR] aiogram.dispatcher: Failed to fetch updates - TelegramNetworkError: HTTP Client says - ClientConnectorDNSError: Cannot connect to host api.telegram.org:443 ssl:default [getaddrinfo failed]
2026-03-19 11:45:38,244 [WARNING] aiogram.dispatcher: Sleep for 4.891042 seconds and try again... (tryings = 1379, bot id = 8749354405)
2026-03-19 11:45:42,950 [ERROR] data.orderflow_ws: WS error: timed out during opening handshake — reconnect in 10s
2026-03-19 11:45:54,344 [ERROR] aiogram.dispatcher: Failed to fetch updates - TelegramNetworkError: HTTP Client says - ClientConnectorDNSError: Cannot connect to host api.telegram.org:443 ssl:default [getaddrinfo failed]
2026-03-19 11:45:54,349 [WARNING] aiogram.dispatcher: Sleep for 4.929327 seconds and try again... (tryings = 1380, bot id = 8749354405)
2026-03-19 11:46:02,969 [ERROR] data.orderflow_ws: WS error: timed out during opening handshake — reconnect in 10s
2026-03-19 11:46:10,509 [ERROR] aiogram.dispatcher: Failed to fetch updates - TelegramNetworkError: HTTP Client says - ClientConnectorDNSError: Cannot connect to host api.telegram.org:443 ssl:default [getaddrinfo failed]
2026-03-19 11:46:10,515 [WARNING] aiogram.dispatcher: Sleep for 4.921612 seconds and try again... (tryings = 1381, bot id = 8749354405)
2026-03-19 11:46:22,999 [ERROR] data.orderflow_ws: WS error: timed out during opening handshake — reconnect in 10s
2026-03-19 11:46:26,681 [ERROR] aiogram.dispatcher: Failed to fetch updates - TelegramNetworkError: HTTP Client says - ClientConnectorDNSError: Cannot connect to host api.telegram.org:443 ssl:default [getaddrinfo failed]
2026-03-19 11:46:26,688 [WARNING] aiogram.dispatcher: Sleep for 4.939835 seconds and try again... (tryings = 1382, bot id = 8749354405)
2026-03-19 11:46:42,853 [ERROR] aiogram.dispatcher: Failed to fetch updates - TelegramNetworkError: HTTP Client says - ClientConnectorDNSError: Cannot connect to host api.telegram.org:443 ssl:default [getaddrinfo failed]
2026-03-19 11:46:42,854 [WARNING] aiogram.dispatcher: Sleep for 4.981812 seconds and try again... (tryings = 1383, bot id = 8749354405)
2026-03-19 11:46:43,014 [ERROR] data.orderflow_ws: WS error: timed out during opening handshake — reconnect in 10s
2026-03-19 11:46:59,063 [ERROR] aiogram.dispatcher: Failed to fetch updates - TelegramNetworkError: HTTP Client says - ClientConnectorDNSError: Cannot connect to host api.telegram.org:443 ssl:default [getaddrinfo failed]
2026-03-19 11:46:59,072 [WARNING] aiogram.dispatcher: Sleep for 4.979932 seconds and try again... (tryings = 1384, bot id = 8749354405)
2026-03-19 11:47:03,049 [ERROR] data.orderflow_ws: WS error: timed out during opening handshake — reconnect in 10s
2026-03-19 11:47:15,282 [ERROR] aiogram.dispatcher: Failed to fetch updates - TelegramNetworkError: HTTP Client says - ClientConnectorDNSError: Cannot connect to host api.telegram.org:443 ssl:default [getaddrinfo failed]
2026-03-19 11:47:15,290 [WARNING] aiogram.dispatcher: Sleep for 5.133924 seconds and try again... (tryings = 1385, bot id = 8749354405)
2026-03-19 11:47:23,074 [ERROR] data.orderflow_ws: WS error: timed out during opening handshake — reconnect in 10s
2026-03-19 11:47:31,644 [ERROR] aiogram.dispatcher: Failed to fetch updates - TelegramNetworkError: HTTP Client says - ClientConnectorDNSError: Cannot connect to host api.telegram.org:443 ssl:default [getaddrinfo failed]
2026-03-19 11:47:31,645 [WARNING] aiogram.dispatcher: Sleep for 4.988514 seconds and try again... (tryings = 1386, bot id = 8749354405)
2026-03-19 11:47:43,094 [ERROR] data.orderflow_ws: WS error: timed out during opening handshake — reconnect in 10s
2026-03-19 11:47:47,867 [ERROR] aiogram.dispatcher: Failed to fetch updates - TelegramNetworkError: HTTP Client says - ClientConnectorDNSError: Cannot connect to host api.telegram.org:443 ssl:default [getaddrinfo failed]
2026-03-19 11:47:47,872 [WARNING] aiogram.dispatcher: Sleep for 4.873349 seconds and try again... (tryings = 1387, bot id = 8749354405)
2026-03-19 11:48:03,100 [ERROR] data.orderflow_ws: WS error: timed out during opening handshake — reconnect in 10s
2026-03-19 11:48:03,982 [ERROR] aiogram.dispatcher: Failed to fetch updates - TelegramNetworkError: HTTP Client says - ClientConnectorDNSError: Cannot connect to host api.telegram.org:443 ssl:default [getaddrinfo failed]
2026-03-19 11:48:03,986 [WARNING] aiogram.dispatcher: Sleep for 4.978289 seconds and try again... (tryings = 1388, bot id = 8749354405)
2026-03-19 11:48:20,162 [ERROR] aiogram.dispatcher: Failed to fetch updates - TelegramNetworkError: HTTP Client says - ClientConnectorDNSError: Cannot connect to host api.telegram.org:443 ssl:default [getaddrinfo failed]
2026-03-19 11:48:20,169 [WARNING] aiogram.dispatcher: Sleep for 4.920543 seconds and try again... (tryings = 1389, bot id = 8749354405)
2026-03-19 11:48:23,135 [ERROR] data.orderflow_ws: WS error: timed out during opening handshake — reconnect in 10s
2026-03-19 11:48:36,315 [ERROR] aiogram.dispatcher: Failed to fetch updates - TelegramNetworkError: HTTP Client says - ClientConnectorDNSError: Cannot connect to host api.telegram.org:443 ssl:default [getaddrinfo failed]
2026-03-19 11:48:36,316 [WARNING] aiogram.dispatcher: Sleep for 5.042390 seconds and try again... (tryings = 1390, bot id = 8749354405)
2026-03-19 11:48:43,154 [ERROR] data.orderflow_ws: WS error: timed out during opening handshake — reconnect in 10s
2026-03-19 11:48:52,575 [ERROR] aiogram.dispatcher: Failed to fetch updates - TelegramNetworkError: HTTP Client says - ClientConnectorDNSError: Cannot connect to host api.telegram.org:443 ssl:default [getaddrinfo failed]
2026-03-19 11:48:52,583 [WARNING] aiogram.dispatcher: Sleep for 4.965447 seconds and try again... (tryings = 1391, bot id = 8749354405)
2026-03-19 11:49:03,166 [ERROR] data.orderflow_ws: WS error: timed out during opening handshake — reconnect in 10s
2026-03-19 11:49:08,791 [ERROR] aiogram.dispatcher: Failed to fetch updates - TelegramNetworkError: HTTP Client says - ClientConnectorDNSError: Cannot connect to host api.telegram.org:443 ssl:default [getaddrinfo failed]
2026-03-19 11:49:08,796 [WARNING] aiogram.dispatcher: Sleep for 4.931296 seconds and try again... (tryings = 1392, bot id = 8749354405)
2026-03-19 11:49:23,185 [ERROR] data.orderflow_ws: WS error: timed out during opening handshake — reconnect in 10s
2026-03-19 11:49:24,945 [ERROR] aiogram.dispatcher: Failed to fetch updates - TelegramNetworkError: HTTP Client says - ClientConnectorDNSError: Cannot connect to host api.telegram.org:443 ssl:default [getaddrinfo failed]
2026-03-19 11:49:24,946 [WARNING] aiogram.dispatcher: Sleep for 5.015531 seconds and try again... (tryings = 1393, bot id = 8749354405)
2026-03-19 11:49:41,218 [ERROR] aiogram.dispatcher: Failed to fetch updates - TelegramNetworkError: HTTP Client says - ClientConnectorDNSError: Cannot connect to host api.telegram.org:443 ssl:default [getaddrinfo failed]
2026-03-19 11:49:41,219 [WARNING] aiogram.dispatcher: Sleep for 5.086858 seconds and try again... (tryings = 1394, bot id = 8749354405)
2026-03-19 11:49:43,208 [ERROR] data.orderflow_ws: WS error: timed out during opening handshake — reconnect in 10s
2026-03-19 11:49:57,504 [ERROR] aiogram.dispatcher: Failed to fetch updates - TelegramNetworkError: HTTP Client says - ClientConnectorDNSError: Cannot connect to host api.telegram.org:443 ssl:default [getaddrinfo failed]
2026-03-19 11:49:57,510 [WARNING] aiogram.dispatcher: Sleep for 5.149086 seconds and try again... (tryings = 1395, bot id = 8749354405)
2026-03-19 11:50:03,223 [ERROR] data.orderflow_ws: WS error: timed out during opening handshake — reconnect in 10s
2026-03-19 11:50:13,866 [ERROR] aiogram.dispatcher: Failed to fetch updates - TelegramNetworkError: HTTP Client says - ClientConnectorDNSError: Cannot connect to host api.telegram.org:443 ssl:default [getaddrinfo failed]
2026-03-19 11:50:13,871 [WARNING] aiogram.dispatcher: Sleep for 5.065883 seconds and try again... (tryings = 1396, bot id = 8749354405)
2026-03-19 11:50:23,249 [ERROR] data.orderflow_ws: WS error: timed out during opening handshake — reconnect in 10s
2026-03-19 11:50:30,156 [ERROR] aiogram.dispatcher: Failed to fetch updates - TelegramNetworkError: HTTP Client says - ClientConnectorDNSError: Cannot connect to host api.telegram.org:443 ssl:default [getaddrinfo failed]
2026-03-19 11:50:30,162 [WARNING] aiogram.dispatcher: Sleep for 5.031654 seconds and try again... (tryings = 1397, bot id = 8749354405)
2026-03-19 11:50:43,264 [ERROR] data.orderflow_ws: WS error: timed out during opening handshake — reconnect in 10s
2026-03-19 11:50:46,405 [ERROR] aiogram.dispatcher: Failed to fetch updates - TelegramNetworkError: HTTP Client says - ClientConnectorDNSError: Cannot connect to host api.telegram.org:443 ssl:default [getaddrinfo failed]
2026-03-19 11:50:46,411 [WARNING] aiogram.dispatcher: Sleep for 4.935414 seconds and try again... (tryings = 1398, bot id = 8749354405)
2026-03-19 11:51:02,552 [ERROR] aiogram.dispatcher: Failed to fetch updates - TelegramNetworkError: HTTP Client says - ClientConnectorDNSError: Cannot connect to host api.telegram.org:443 ssl:default [getaddrinfo failed]
2026-03-19 11:51:02,553 [WARNING] aiogram.dispatcher: Sleep for 5.163212 seconds and try again... (tryings = 1399, bot id = 8749354405)
2026-03-19 11:51:03,305 [ERROR] data.orderflow_ws: WS error: timed out during opening handshake — reconnect in 10s
2026-03-19 11:51:18,921 [ERROR] aiogram.dispatcher: Failed to fetch updates - TelegramNetworkError: HTTP Client says - ClientConnectorDNSError: Cannot connect to host api.telegram.org:443 ssl:default [getaddrinfo failed]
2026-03-19 11:51:18,922 [WARNING] aiogram.dispatcher: Sleep for 4.979922 seconds and try again... (tryings = 1400, bot id = 8749354405)
2026-03-19 11:51:23,312 [ERROR] data.orderflow_ws: WS error: timed out during opening handshake — reconnect in 10s
2026-03-19 11:51:35,135 [ERROR] aiogram.dispatcher: Failed to fetch updates - TelegramNetworkError: HTTP Client says - ClientConnectorDNSError: Cannot connect to host api.telegram.org:443 ssl:default [getaddrinfo failed]
2026-03-19 11:51:35,138 [WARNING] aiogram.dispatcher: Sleep for 5.120509 seconds and try again... (tryings = 1401, bot id = 8749354405)
2026-03-19 11:51:43,342 [ERROR] data.orderflow_ws: WS error: timed out during opening handshake — reconnect in 10s
2026-03-19 11:51:51,468 [ERROR] aiogram.dispatcher: Failed to fetch updates - TelegramNetworkError: HTTP Client says - ClientConnectorDNSError: Cannot connect to host api.telegram.org:443 ssl:default [getaddrinfo failed]
2026-03-19 11:51:51,469 [WARNING] aiogram.dispatcher: Sleep for 5.076096 seconds and try again... (tryings = 1402, bot id = 8749354405)
2026-03-19 11:52:03,361 [ERROR] data.orderflow_ws: WS error: timed out during opening handshake — reconnect in 10s
2026-03-19 11:52:07,748 [ERROR] aiogram.dispatcher: Failed to fetch updates - TelegramNetworkError: HTTP Client says - ClientConnectorDNSError: Cannot connect to host api.telegram.org:443 ssl:default [getaddrinfo failed]
2026-03-19 11:52:07,749 [WARNING] aiogram.dispatcher: Sleep for 5.038062 seconds and try again... (tryings = 1403, bot id = 8749354405)
2026-03-19 11:52:23,394 [ERROR] data.orderflow_ws: WS error: timed out during opening handshake — reconnect in 10s
2026-03-19 11:52:24,015 [ERROR] aiogram.dispatcher: Failed to fetch updates - TelegramNetworkError: HTTP Client says - ClientConnectorDNSError: Cannot connect to host api.telegram.org:443 ssl:default [getaddrinfo failed]
2026-03-19 11:52:24,017 [WARNING] aiogram.dispatcher: Sleep for 5.000587 seconds and try again... (tryings = 1404, bot id = 8749354405)
2026-03-19 11:52:40,229 [ERROR] aiogram.dispatcher: Failed to fetch updates - TelegramNetworkError: HTTP Client says - ClientConnectorDNSError: Cannot connect to host api.telegram.org:443 ssl:default [getaddrinfo failed]
2026-03-19 11:52:40,238 [WARNING] aiogram.dispatcher: Sleep for 5.047301 seconds and try again... (tryings = 1405, bot id = 8749354405)
2026-03-19 11:52:43,413 [ERROR] data.orderflow_ws: WS error: timed out during opening handshake — reconnect in 10s
2026-03-19 11:52:56,516 [ERROR] aiogram.dispatcher: Failed to fetch updates - TelegramNetworkError: HTTP Client says - ClientConnectorDNSError: Cannot connect to host api.telegram.org:443 ssl:default [getaddrinfo failed]
2026-03-19 11:52:56,517 [WARNING] aiogram.dispatcher: Sleep for 4.984635 seconds and try again... (tryings = 1406, bot id = 8749354405)
2026-03-19 11:53:03,436 [ERROR] data.orderflow_ws: WS error: timed out during opening handshake — reconnect in 10s
2026-03-19 11:53:12,710 [ERROR] aiogram.dispatcher: Failed to fetch updates - TelegramNetworkError: HTTP Client says - ClientConnectorDNSError: Cannot connect to host api.telegram.org:443 ssl:default [getaddrinfo failed]
2026-03-19 11:53:12,716 [WARNING] aiogram.dispatcher: Sleep for 5.183107 seconds and try again... (tryings = 1407, bot id = 8749354405)
2026-03-19 11:53:23,462 [ERROR] data.orderflow_ws: WS error: timed out during opening handshake — reconnect in 10s
2026-03-19 11:53:29,115 [ERROR] aiogram.dispatcher: Failed to fetch updates - TelegramNetworkError: HTTP Client says - ClientConnectorDNSError: Cannot connect to host api.telegram.org:443 ssl:default [getaddrinfo failed]
2026-03-19 11:53:29,116 [WARNING] aiogram.dispatcher: Sleep for 4.902442 seconds and try again... (tryings = 1408, bot id = 8749354405)
2026-03-19 21:49:35,145 [INFO] __main__: DRY RUN mode — Telegram disabled
2026-03-19 21:49:35,147 [INFO] __main__: Initialising components...
2026-03-19 21:49:35,169 [INFO] database.db: DB connected (WAL): data\signals.db
2026-03-19 21:49:35,170 [INFO] __main__: DB connected
2026-03-19 21:49:35,171 [INFO] __main__: Binance client created
2026-03-19 21:49:35,171 [INFO] __main__: WebSocket client created
2026-03-19 21:49:35,526 [INFO] aiogram.dispatcher: Start polling
2026-03-19 21:49:36,508 [INFO] aiogram.dispatcher: Run polling for bot @Akoffice_bot id=8749354405 - 'Akoffice bot'
2026-03-19 21:49:36,589 [INFO] telegram.bot: ✓ Telegram notifier started
2026-03-19 21:49:36,589 [INFO] __main__: Telegram notifier started
2026-03-19 21:49:36,589 [INFO] __main__: All components ready
2026-03-19 21:49:36,602 [INFO] apscheduler.scheduler: Adding job tentatively -- it will be properly scheduled when the scheduler starts
2026-03-19 21:49:36,606 [INFO] apscheduler.scheduler: Added job "analysis_cycle" to job store "default"
2026-03-19 21:49:36,607 [INFO] apscheduler.scheduler: Scheduler started
2026-03-19 21:49:36,607 [INFO] __main__: Bot running. Ctrl+C to stop.
2026-03-19 21:49:36,608 [INFO] __main__: ── Analysis cycle start ──────────────────
2026-03-19 21:49:36,766 [INFO] __main__: Starting API server on port 8001...
2026-03-19 21:49:37,803 [INFO] __main__: API server starting on port 8001...
2026-03-19 21:49:39,406 [INFO] engine.pipeline: MarketContext(dead_zone, vol=low, adx=21.1, trend=SHORT, atr=0.39%, session=None, tradeable=False)
2026-03-19 21:49:39,407 [INFO] engine.pipeline: Not tradeable: dead_zone, vol=low, session=None
2026-03-19 21:49:39,475 [INFO] data.orderflow_ws: ✓ WS connected: wss://stream.binancefuture.com/ws/btcusdt@aggTrade
2026-03-19 21:55:19,688 [INFO] __main__: Initialising components...
2026-03-19 21:55:19,696 [INFO] database.db: DB connected (WAL): data\signals.db
2026-03-19 21:55:19,696 [INFO] __main__: DB connected
2026-03-19 21:55:19,697 [INFO] __main__: Binance client created
2026-03-19 21:55:19,697 [INFO] __main__: WebSocket client created
2026-03-19 21:55:20,019 [INFO] aiogram.dispatcher: Start polling
2026-03-19 21:55:21,057 [INFO] aiogram.dispatcher: Run polling for bot @Akoffice_bot id=8749354405 - 'Akoffice bot'
2026-03-19 21:55:21,176 [INFO] telegram.bot: ✓ Telegram notifier started
2026-03-19 21:55:21,193 [INFO] __main__: Telegram notifier started
2026-03-19 21:55:21,193 [INFO] __main__: All components ready
2026-03-19 21:55:21,198 [INFO] apscheduler.scheduler: Adding job tentatively -- it will be properly scheduled when the scheduler starts
2026-03-19 21:55:21,200 [INFO] apscheduler.scheduler: Added job "analysis_cycle" to job store "default"
2026-03-19 21:55:21,200 [INFO] apscheduler.scheduler: Scheduler started
2026-03-19 21:55:21,200 [INFO] __main__: Bot running. Ctrl+C to stop.
2026-03-19 21:55:21,200 [INFO] __main__: ── Analysis cycle start ──────────────────
2026-03-19 21:55:21,282 [INFO] __main__: Starting API server on port 8001...
2026-03-19 21:55:21,328 [ERROR] aiogram.dispatcher: Failed to fetch updates - TelegramConflictError: Telegram server says - Conflict: terminated by other getUpdates request; make sure that only one bot instance is running
2026-03-19 21:55:21,328 [WARNING] aiogram.dispatcher: Sleep for 1.000000 seconds and try again... (tryings = 0, bot id = 8749354405)
2026-03-19 21:55:21,810 [INFO] __main__: API server starting on port 8001...
2026-03-19 21:55:21,858 [INFO] __main__: API server stopped
2026-03-19 21:55:21,859 [INFO] aiogram.dispatcher: Polling stopped
2026-03-19 21:55:21,859 [INFO] aiogram.dispatcher: Polling stopped for bot @Akoffice_bot id=8749354405 - 'Akoffice bot'
2026-03-19 21:55:32,585 [INFO] aiogram.dispatcher: Connection established (tryings = 1, bot id = 8749354405)
2026-03-19 21:56:08,976 [INFO] __main__: Initialising components...
2026-03-19 21:56:08,984 [INFO] database.db: DB connected (WAL): data\signals.db
2026-03-19 21:56:08,984 [INFO] __main__: DB connected
2026-03-19 21:56:08,984 [INFO] __main__: Binance client created
2026-03-19 21:56:08,984 [INFO] __main__: WebSocket client created
2026-03-19 21:56:09,271 [INFO] aiogram.dispatcher: Start polling
2026-03-19 21:56:10,121 [INFO] aiogram.dispatcher: Run polling for bot @Akoffice_bot id=8749354405 - 'Akoffice bot'
2026-03-19 21:56:10,261 [INFO] telegram.bot: ✓ Telegram notifier started
2026-03-19 21:56:10,269 [INFO] __main__: Telegram notifier started
2026-03-19 21:56:10,269 [INFO] __main__: All components ready
2026-03-19 21:56:10,273 [INFO] apscheduler.scheduler: Adding job tentatively -- it will be properly scheduled when the scheduler starts
2026-03-19 21:56:10,274 [INFO] apscheduler.scheduler: Added job "analysis_cycle" to job store "default"
2026-03-19 21:56:10,274 [INFO] apscheduler.scheduler: Scheduler started
2026-03-19 21:56:10,274 [INFO] __main__: Bot running. Ctrl+C to stop.
2026-03-19 21:56:10,274 [INFO] __main__: ── Analysis cycle start ──────────────────
2026-03-19 21:56:10,348 [INFO] __main__: Starting API server on port 8001...
2026-03-19 21:56:10,826 [INFO] __main__: API server starting on port 8001...
2026-03-19 21:56:11,823 [INFO] engine.pipeline: MarketContext(dead_zone, vol=low, adx=21.2, trend=SHORT, atr=0.40%, session=None, tradeable=False)
2026-03-19 21:56:11,823 [INFO] engine.pipeline: Not tradeable: dead_zone, vol=low, session=None
2026-03-19 21:56:12,185 [INFO] data.orderflow_ws: ✓ WS connected: wss://stream.binancefuture.com/ws/btcusdt@aggTrade
2026-03-19 21:59:03,375 [INFO] __main__: Initialising components...
2026-03-19 21:59:03,383 [INFO] database.db: DB connected (WAL): data\signals.db
2026-03-19 21:59:03,384 [INFO] __main__: DB connected
2026-03-19 21:59:03,384 [INFO] __main__: Binance client created
2026-03-19 21:59:03,384 [INFO] __main__: WebSocket client created
2026-03-19 21:59:03,747 [INFO] aiogram.dispatcher: Start polling
2026-03-19 21:59:04,731 [INFO] aiogram.dispatcher: Run polling for bot @Akoffice_bot id=8749354405 - 'Akoffice bot'
2026-03-19 21:59:04,885 [INFO] telegram.bot: ✓ Telegram notifier started
2026-03-19 21:59:04,894 [INFO] __main__: Telegram notifier started
2026-03-19 21:59:04,894 [INFO] __main__: All components ready
2026-03-19 21:59:04,899 [INFO] apscheduler.scheduler: Adding job tentatively -- it will be properly scheduled when the scheduler starts
2026-03-19 21:59:04,901 [INFO] apscheduler.scheduler: Added job "analysis_cycle" to job store "default"
2026-03-19 21:59:04,901 [INFO] apscheduler.scheduler: Scheduler started
2026-03-19 21:59:04,901 [INFO] __main__: Bot running. Ctrl+C to stop.
2026-03-19 21:59:04,901 [INFO] __main__: ── Analysis cycle start ──────────────────
2026-03-19 21:59:04,977 [INFO] __main__: Starting API server on port 8001...
2026-03-19 21:59:05,477 [INFO] __main__: API server starting on port 8001...
2026-03-19 21:59:06,420 [INFO] aiogram.event: Update id=961905549 is handled. Duration 877 ms by bot id=8749354405
2026-03-19 21:59:06,464 [INFO] aiogram.event: Update id=961905548 is handled. Duration 922 ms by bot id=8749354405
2026-03-19 21:59:06,898 [INFO] data.orderflow_ws: ✓ WS connected: wss://stream.binancefuture.com/ws/btcusdt@aggTrade
2026-03-19 21:59:08,165 [INFO] engine.pipeline: MarketContext(dead_zone, vol=low, adx=21.2, trend=SHORT, atr=0.40%, session=None, tradeable=False)
2026-03-19 21:59:08,165 [INFO] engine.pipeline: Not tradeable: dead_zone, vol=low, session=None
2026-03-19 22:00:03,003 [INFO] apscheduler.executors.default: Running job "analysis_cycle (trigger: cron[minute='*/15', second='3'], next run at: 2026-03-19 22:15:03 MSK)" (scheduled at 2026-03-19 22:00:03+03:00)
2026-03-19 22:00:03,003 [INFO] __main__: ── Analysis cycle start ──────────────────
2026-03-19 22:00:05,139 [INFO] engine.pipeline: MarketContext(dead_zone, vol=low, adx=21.2, trend=SHORT, atr=0.40%, session=None, tradeable=False)
2026-03-19 22:00:05,140 [INFO] engine.pipeline: Not tradeable: dead_zone, vol=low, session=None
2026-03-19 22:00:05,140 [INFO] apscheduler.executors.default: Job "analysis_cycle (trigger: cron[minute='*/15', second='3'], next run at: 2026-03-19 22:15:03 MSK)" executed successfully
2026-03-19 22:02:17,962 [INFO] database.db: DB connected (WAL): D:\bot_final\tests\_tmp_integration\a17260fcf29545e0ad8d9c41c9b7e686\integration.db
2026-03-19 22:02:17,988 [INFO] httpx: HTTP Request: GET http://testserver/health "HTTP/1.1 200 OK"
2026-03-19 22:02:18,015 [INFO] database.db: DB connected (WAL): D:\bot_final\tests\_tmp_integration\7ffdc0663a514ddba1ccb1fa5e427ee4\integration.db
2026-03-19 22:02:18,029 [INFO] httpx: HTTP Request: GET http://testserver/signals/?limit=5 "HTTP/1.1 200 OK"
2026-03-19 22:02:18,035 [INFO] httpx: HTTP Request: GET http://testserver/signals/stats "HTTP/1.1 200 OK"
2026-03-19 22:02:18,042 [INFO] httpx: HTTP Request: GET http://testserver/signals/liquidity?current_price=60000 "HTTP/1.1 200 OK"
2026-03-19 22:02:18,067 [INFO] database.db: DB connected (WAL): D:\bot_final\tests\_tmp_integration\23be8ed34a7446fb9078afd65f6656a0\integration.db
2026-03-19 22:02:18,081 [INFO] httpx: HTTP Request: GET http://testserver/metrics "HTTP/1.1 200 OK"
2026-03-19 22:02:18,110 [INFO] database.db: DB connected (WAL): D:\bot_final\tests\_tmp_integration\7a095f752bd743089b42d481de8ac80b\integration.db
2026-03-19 22:02:18,121 [INFO] httpx: HTTP Request: GET http://testserver/logs?limit=2 "HTTP/1.1 200 OK"
2026-03-19 22:02:18,126 [INFO] httpx: HTTP Request: GET http://testserver/logs?limit=5&important_only=true "HTTP/1.1 200 OK"
2026-03-19 22:02:18,131 [INFO] httpx: HTTP Request: GET http://testserver/logs?limit=20&important_only=true&last_cycle_only=true "HTTP/1.1 200 OK"
2026-03-19 22:02:18,136 [INFO] httpx: HTTP Request: GET http://testserver/logs/summary "HTTP/1.1 200 OK"
2026-03-19 22:02:18,190 [INFO] httpx: HTTP Request: GET http://testserver/dashboard "HTTP/1.1 200 OK"
2026-03-19 22:02:18,217 [INFO] database.db: DB connected (WAL): D:\bot_final\tests\_tmp_integration\720fd18334ee48399784329ff13f0f78\integration.db
2026-03-19 22:02:18,230 [INFO] httpx: HTTP Request: GET http://testserver/dashboard "HTTP/1.1 200 OK"
2026-03-19 22:02:18,236 [INFO] httpx: HTTP Request: GET http://testserver/signals/export.csv?limit=2 "HTTP/1.1 200 OK"
2026-03-19 22:02:18,261 [INFO] database.db: DB connected (WAL): D:\bot_final\tests\_tmp_integration\851e3629418b4b6eb29a580a3f2d32f0\integration.db
2026-03-19 22:02:18,271 [INFO] httpx: HTTP Request: GET http://testserver/ "HTTP/1.1 307 Temporary Redirect"
2026-03-19 22:02:18,276 [INFO] httpx: HTTP Request: GET http://testserver/favicon.ico "HTTP/1.1 200 OK"
2026-03-19 22:02:18,281 [INFO] httpx: HTTP Request: GET http://testserver/.well-known/appspecific/com.chrome.devtools.json "HTTP/1.1 200 OK"
2026-03-19 22:02:18,308 [INFO] database.db: DB connected (WAL): D:\bot_final\tests\_tmp_integration\4a74d6ef887740caa3776aa927de7d5f\integration.db
2026-03-19 22:02:18,319 [INFO] httpx: HTTP Request: POST http://testserver/signals/export/google-sheets "HTTP/1.1 200 OK"
2026-03-19 22:06:21,167 [INFO] __main__: Initialising components...
2026-03-19 22:06:21,177 [INFO] database.db: DB connected (WAL): data\signals.db
2026-03-19 22:06:21,177 [INFO] __main__: DB connected
2026-03-19 22:06:21,177 [INFO] __main__: Binance client created
2026-03-19 22:06:21,178 [INFO] __main__: WebSocket client created
2026-03-19 22:06:21,551 [INFO] aiogram.dispatcher: Start polling
2026-03-19 22:06:22,513 [INFO] aiogram.dispatcher: Run polling for bot @Akoffice_bot id=8749354405 - 'Akoffice bot'
2026-03-19 22:06:22,525 [INFO] telegram.bot: ✓ Telegram notifier started
2026-03-19 22:06:22,531 [INFO] __main__: Telegram notifier started
2026-03-19 22:06:22,531 [INFO] __main__: All components ready
2026-03-19 22:06:22,535 [INFO] apscheduler.scheduler: Adding job tentatively -- it will be properly scheduled when the scheduler starts
2026-03-19 22:06:22,536 [INFO] apscheduler.scheduler: Added job "analysis_cycle" to job store "default"
2026-03-19 22:06:22,537 [INFO] apscheduler.scheduler: Scheduler started
2026-03-19 22:06:22,537 [INFO] __main__: Bot running. Ctrl+C to stop.
2026-03-19 22:06:22,537 [INFO] __main__: ── Analysis cycle start ──────────────────
2026-03-19 22:06:22,601 [INFO] __main__: Starting API server on port 8001...
2026-03-19 22:06:23,019 [INFO] __main__: API server starting on port 8001...
2026-03-19 22:06:24,393 [INFO] data.orderflow_ws: ✓ WS connected: wss://stream.binancefuture.com/ws/btcusdt@aggTrade
2026-03-19 22:06:24,413 [INFO] engine.pipeline: MarketContext(dead_zone, vol=low, adx=20.8, trend=SHORT, atr=0.40%, session=None, tradeable=False)
2026-03-19 22:06:24,413 [INFO] engine.pipeline: Not tradeable: dead_zone, vol=low, session=None
2026-03-19 22:08:03,090 [INFO] __main__: Initialising components...
2026-03-19 22:08:03,100 [INFO] database.db: DB connected (WAL): data\signals.db
2026-03-19 22:08:03,100 [INFO] __main__: DB connected
2026-03-19 22:08:03,100 [INFO] __main__: Binance client created
2026-03-19 22:08:03,101 [INFO] __main__: WebSocket client created
2026-03-19 22:08:03,465 [INFO] aiogram.dispatcher: Start polling
2026-03-19 22:08:04,266 [INFO] telegram.bot: ✓ Telegram notifier started
2026-03-19 22:08:04,266 [INFO] __main__: Telegram notifier started
2026-03-19 22:08:04,266 [INFO] __main__: All components ready
2026-03-19 22:08:04,272 [INFO] apscheduler.scheduler: Adding job tentatively -- it will be properly scheduled when the scheduler starts
2026-03-19 22:08:04,273 [INFO] apscheduler.scheduler: Added job "analysis_cycle" to job store "default"
2026-03-19 22:08:04,274 [INFO] apscheduler.scheduler: Scheduler started
2026-03-19 22:08:04,275 [INFO] __main__: Bot running. Ctrl+C to stop.
2026-03-19 22:08:04,275 [INFO] __main__: ── Analysis cycle start ──────────────────
2026-03-19 22:08:04,318 [INFO] __main__: Starting API server on port 8001...
2026-03-19 22:08:04,955 [INFO] __main__: API server starting on port 8001...
2026-03-19 22:08:05,027 [INFO] aiogram.dispatcher: Run polling for bot @Akoffice_bot id=8749354405 - 'Akoffice bot'
2026-03-19 22:08:05,089 [INFO] __main__: API server stopped
2026-03-19 22:08:05,091 [INFO] aiogram.dispatcher: Polling stopped for bot @Akoffice_bot id=8749354405 - 'Akoffice bot'
2026-03-19 22:08:05,091 [INFO] aiogram.dispatcher: Polling stopped
2026-03-19 22:08:05,281 [ERROR] aiogram.dispatcher: Failed to fetch updates - TelegramConflictError: Telegram server says - Conflict: terminated by other getUpdates request; make sure that only one bot instance is running
2026-03-19 22:08:05,281 [WARNING] aiogram.dispatcher: Sleep for 1.000000 seconds and try again... (tryings = 0, bot id = 8749354405)
2026-03-19 22:08:16,539 [INFO] aiogram.dispatcher: Connection established (tryings = 1, bot id = 8749354405)
2026-03-19 22:11:24,156 [ERROR] asyncio: Task exception was never retrieved
future: <Task finished name='Task-8' coro=<_start_api() done, defined at D:\bot_final\main.py:200> exception=SystemExit(1)>
Traceback (most recent call last):
  File "C:\Users\89118\AppData\Roaming\Python\Python314\site-packages\uvicorn\server.py", line 172, in startup
  File "C:\Python314\Lib\asyncio\base_events.py", line 1627, in create_server
OSError: [Errno 10048] error while attempting to bind on address ('0.0.0.0', 8001): [winerror 10048] обычно разрешается только одно использование адреса сокета (протокол/сетевой адрес/порт)

During handling of the above exception, another exception occurred:

Traceback (most recent call last):
  File "D:\bot_final\main.py", line 226, in <module>
  File "C:\Python314\Lib\asyncio\runners.py", line 204, in run
  File "C:\Python314\Lib\asyncio\runners.py", line 127, in run
  File "C:\Python314\Lib\asyncio\base_events.py", line 706, in run_until_complete
  File "C:\Python314\Lib\asyncio\base_events.py", line 677, in run_forever
  File "C:\Python314\Lib\asyncio\base_events.py", line 2046, in _run_once
  File "C:\Python314\Lib\asyncio\events.py", line 94, in _run
  File "D:\bot_final\main.py", line 213, in _start_api
  File "C:\Users\89118\AppData\Roaming\Python\Python314\site-packages\uvicorn\server.py", line 79, in serve
  File "C:\Users\89118\AppData\Roaming\Python\Python314\site-packages\uvicorn\server.py", line 94, in _serve
  File "C:\Users\89118\AppData\Roaming\Python\Python314\site-packages\uvicorn\server.py", line 182, in startup
SystemExit: 1
2026-03-19 22:11:24,163 [ERROR] asyncio: Unclosed client session
client_session: <aiohttp.client.ClientSession object at 0x00000237A1641550>
2026-03-19 22:15:34,005 [INFO] __main__: Initialising components...
2026-03-19 22:15:34,012 [INFO] database.db: DB connected (WAL): data\signals.db
2026-03-19 22:15:34,012 [INFO] __main__: DB connected
2026-03-19 22:15:34,012 [INFO] __main__: Binance client created
2026-03-19 22:15:34,013 [INFO] __main__: WebSocket client created
2026-03-19 22:15:34,364 [INFO] aiogram.dispatcher: Start polling
2026-03-19 22:15:35,327 [INFO] telegram.bot: ✓ Telegram notifier started
2026-03-19 22:15:35,333 [INFO] __main__: Telegram notifier started
2026-03-19 22:15:35,334 [INFO] __main__: All components ready
2026-03-19 22:15:35,338 [INFO] apscheduler.scheduler: Adding job tentatively -- it will be properly scheduled when the scheduler starts
2026-03-19 22:15:35,339 [INFO] apscheduler.scheduler: Added job "analysis_cycle" to job store "default"
2026-03-19 22:15:35,339 [INFO] apscheduler.scheduler: Scheduler started
2026-03-19 22:15:35,339 [INFO] __main__: Bot running. Ctrl+C to stop.
2026-03-19 22:15:35,340 [INFO] __main__: ── Analysis cycle start ──────────────────
2026-03-19 22:15:35,408 [INFO] __main__: Starting API server on port 8001...
2026-03-19 22:15:35,880 [INFO] __main__: API server starting on port 8001...
2026-03-19 22:15:35,937 [INFO] aiogram.dispatcher: Run polling for bot @Akoffice_bot id=8749354405 - 'Akoffice bot'
2026-03-19 22:15:36,207 [INFO] aiogram.event: Update id=961905550 is not handled. Duration 0 ms by bot id=8749354405
2026-03-19 22:15:36,207 [ERROR] aiogram.event: Cause exception while process update id=961905550 by bot id=8749354405
ValidationError: 1 validation error for SendMessage
text
  Input should be a valid string [type=string_type, input_value=<coroutine object Telegra...t at 0x0000029FDFCA3940>, input_type=coroutine]
    For further information visit https://errors.pydantic.dev/2.12/v/string_type
Traceback (most recent call last):
  File "C:\Users\89118\AppData\Roaming\Python\Python314\site-packages\aiogram\dispatcher\dispatcher.py", line 320, in _process_update
    response = await self.feed_update(bot, update, **kwargs)
               ^^^^^^^^^^^^^^^^^^^^^^^^^^^^^^^^^^^^^^^^^^^^^
  File "C:\Users\89118\AppData\Roaming\Python\Python314\site-packages\aiogram\dispatcher\dispatcher.py", line 164, in feed_update
    response = await self.update.wrap_outer_middleware(
               ^^^^^^^^^^^^^^^^^^^^^^^^^^^^^^^^^^^^^^^^
    ...<7 lines>...
    )
    ^
  File "C:\Users\89118\AppData\Roaming\Python\Python314\site-packages\aiogram\dispatcher\middlewares\error.py", line 27, in __call__
    return await handler(event, data)
           ^^^^^^^^^^^^^^^^^^^^^^^^^^
  File "C:\Users\89118\AppData\Roaming\Python\Python314\site-packages\aiogram\dispatcher\middlewares\user_context.py", line 58, in __call__
    return await handler(event, data)
           ^^^^^^^^^^^^^^^^^^^^^^^^^^
  File "C:\Users\89118\AppData\Roaming\Python\Python314\site-packages\aiogram\fsm\middleware.py", line 43, in __call__
    return await handler(event, data)
           ^^^^^^^^^^^^^^^^^^^^^^^^^^
  File "C:\Users\89118\AppData\Roaming\Python\Python314\site-packages\aiogram\dispatcher\event\telegram.py", line 126, in trigger
    return await wrapped_inner(event, kwargs)
           ^^^^^^^^^^^^^^^^^^^^^^^^^^^^^^^^^^
  File "C:\Users\89118\AppData\Roaming\Python\Python314\site-packages\aiogram\dispatcher\event\handler.py", line 71, in call
    return await wrapped()
           ^^^^^^^^^^^^^^^
  File "C:\Users\89118\AppData\Roaming\Python\Python314\site-packages\aiogram\dispatcher\dispatcher.py", line 283, in _listen_update
    return await self.propagate_event(update_type=update_type, event=event, **kwargs)
           ^^^^^^^^^^^^^^^^^^^^^^^^^^^^^^^^^^^^^^^^^^^^^^^^^^^^^^^^^^^^^^^^^^^^^^^^^^
  File "C:\Users\89118\AppData\Roaming\Python\Python314\site-packages\aiogram\dispatcher\router.py", line 161, in propagate_event
    return await observer.wrap_outer_middleware(_wrapped, event=event, data=kwargs)
           ^^^^^^^^^^^^^^^^^^^^^^^^^^^^^^^^^^^^^^^^^^^^^^^^^^^^^^^^^^^^^^^^^^^^^^^^
  File "C:\Users\89118\AppData\Roaming\Python\Python314\site-packages\aiogram\dispatcher\router.py", line 153, in _wrapped
    return await self._propagate_event(
           ^^^^^^^^^^^^^^^^^^^^^^^^^^^^
    ...<4 lines>...
    )
    ^
  File "C:\Users\89118\AppData\Roaming\Python\Python314\site-packages\aiogram\dispatcher\router.py", line 189, in _propagate_event
    response = await router.propagate_event(update_type=update_type, event=event, **kwargs)
               ^^^^^^^^^^^^^^^^^^^^^^^^^^^^^^^^^^^^^^^^^^^^^^^^^^^^^^^^^^^^^^^^^^^^^^^^^^^^
  File "C:\Users\89118\AppData\Roaming\Python\Python314\site-packages\aiogram\dispatcher\router.py", line 161, in propagate_event
    return await observer.wrap_outer_middleware(_wrapped, event=event, data=kwargs)
           ^^^^^^^^^^^^^^^^^^^^^^^^^^^^^^^^^^^^^^^^^^^^^^^^^^^^^^^^^^^^^^^^^^^^^^^^
  File "C:\Users\89118\AppData\Roaming\Python\Python314\site-packages\aiogram\dispatcher\router.py", line 153, in _wrapped
    return await self._propagate_event(
           ^^^^^^^^^^^^^^^^^^^^^^^^^^^^
    ...<4 lines>...
    )
    ^
  File "C:\Users\89118\AppData\Roaming\Python\Python314\site-packages\aiogram\dispatcher\router.py", line 181, in _propagate_event
    response = await observer.trigger(event, **kwargs)
               ^^^^^^^^^^^^^^^^^^^^^^^^^^^^^^^^^^^^^^^
  File "C:\Users\89118\AppData\Roaming\Python\Python314\site-packages\aiogram\dispatcher\event\telegram.py", line 126, in trigger
    return await wrapped_inner(event, kwargs)
           ^^^^^^^^^^^^^^^^^^^^^^^^^^^^^^^^^^
  File "C:\Users\89118\AppData\Roaming\Python\Python314\site-packages\aiogram\dispatcher\event\handler.py", line 71, in call
    return await wrapped()
           ^^^^^^^^^^^^^^^
  File "d:\bot_final\telegram\bot.py", line 152, in stats_handler
    await message.answer(self._build_stats_text(), parse_mode="Markdown")
          ~~~~~~~~~~~~~~^^^^^^^^^^^^^^^^^^^^^^^^^^^^^^^^^^^^^^^^^^^^^^^^^
  File "C:\Users\89118\AppData\Roaming\Python\Python314\site-packages\aiogram\types\message.py", line 2256, in answer
    return SendMessage(
           ~~~~~~~~~~~^
        chat_id=self.chat.id,
        ^^^^^^^^^^^^^^^^^^^^^
    ...<17 lines>...
        **kwargs,
        ^^^^^^^^^
    ).as_(self._bot)
    ^
  File "C:\Users\89118\AppData\Roaming\Python\Python314\site-packages\pydantic\main.py", line 250, in __init__
    validated_self = self.__pydantic_validator__.validate_python(data, self_instance=self)
pydantic_core._pydantic_core.ValidationError: 1 validation error for SendMessage
text
  Input should be a valid string [type=string_type, input_value=<coroutine object Telegra...t at 0x0000029FDFCA3940>, input_type=coroutine]
    For further information visit https://errors.pydantic.dev/2.12/v/string_type
2026-03-19 22:15:36,267 [INFO] aiogram.event: Update id=961905551 is not handled. Duration 0 ms by bot id=8749354405
2026-03-19 22:15:36,267 [ERROR] aiogram.event: Cause exception while process update id=961905551 by bot id=8749354405
ValidationError: 1 validation error for SendMessage
text
  Input should be a valid string [type=string_type, input_value=<coroutine object Telegra...t at 0x0000029FDFE56430>, input_type=coroutine]
    For further information visit https://errors.pydantic.dev/2.12/v/string_type
Traceback (most recent call last):
  File "C:\Users\89118\AppData\Roaming\Python\Python314\site-packages\aiogram\dispatcher\dispatcher.py", line 320, in _process_update
    response = await self.feed_update(bot, update, **kwargs)
               ^^^^^^^^^^^^^^^^^^^^^^^^^^^^^^^^^^^^^^^^^^^^^
  File "C:\Users\89118\AppData\Roaming\Python\Python314\site-packages\aiogram\dispatcher\dispatcher.py", line 164, in feed_update
    response = await self.update.wrap_outer_middleware(
               ^^^^^^^^^^^^^^^^^^^^^^^^^^^^^^^^^^^^^^^^
    ...<7 lines>...
    )
    ^
  File "C:\Users\89118\AppData\Roaming\Python\Python314\site-packages\aiogram\dispatcher\middlewares\error.py", line 27, in __call__
    return await handler(event, data)
           ^^^^^^^^^^^^^^^^^^^^^^^^^^
  File "C:\Users\89118\AppData\Roaming\Python\Python314\site-packages\aiogram\dispatcher\middlewares\user_context.py", line 58, in __call__
    return await handler(event, data)
           ^^^^^^^^^^^^^^^^^^^^^^^^^^
  File "C:\Users\89118\AppData\Roaming\Python\Python314\site-packages\aiogram\fsm\middleware.py", line 43, in __call__
    return await handler(event, data)
           ^^^^^^^^^^^^^^^^^^^^^^^^^^
  File "C:\Users\89118\AppData\Roaming\Python\Python314\site-packages\aiogram\dispatcher\event\telegram.py", line 126, in trigger
    return await wrapped_inner(event, kwargs)
           ^^^^^^^^^^^^^^^^^^^^^^^^^^^^^^^^^^
  File "C:\Users\89118\AppData\Roaming\Python\Python314\site-packages\aiogram\dispatcher\event\handler.py", line 71, in call
    return await wrapped()
           ^^^^^^^^^^^^^^^
  File "C:\Users\89118\AppData\Roaming\Python\Python314\site-packages\aiogram\dispatcher\dispatcher.py", line 283, in _listen_update
    return await self.propagate_event(update_type=update_type, event=event, **kwargs)
           ^^^^^^^^^^^^^^^^^^^^^^^^^^^^^^^^^^^^^^^^^^^^^^^^^^^^^^^^^^^^^^^^^^^^^^^^^^
  File "C:\Users\89118\AppData\Roaming\Python\Python314\site-packages\aiogram\dispatcher\router.py", line 161, in propagate_event
    return await observer.wrap_outer_middleware(_wrapped, event=event, data=kwargs)
           ^^^^^^^^^^^^^^^^^^^^^^^^^^^^^^^^^^^^^^^^^^^^^^^^^^^^^^^^^^^^^^^^^^^^^^^^
  File "C:\Users\89118\AppData\Roaming\Python\Python314\site-packages\aiogram\dispatcher\router.py", line 153, in _wrapped
    return await self._propagate_event(
           ^^^^^^^^^^^^^^^^^^^^^^^^^^^^
    ...<4 lines>...
    )
    ^
  File "C:\Users\89118\AppData\Roaming\Python\Python314\site-packages\aiogram\dispatcher\router.py", line 189, in _propagate_event
    response = await router.propagate_event(update_type=update_type, event=event, **kwargs)
               ^^^^^^^^^^^^^^^^^^^^^^^^^^^^^^^^^^^^^^^^^^^^^^^^^^^^^^^^^^^^^^^^^^^^^^^^^^^^
  File "C:\Users\89118\AppData\Roaming\Python\Python314\site-packages\aiogram\dispatcher\router.py", line 161, in propagate_event
    return await observer.wrap_outer_middleware(_wrapped, event=event, data=kwargs)
           ^^^^^^^^^^^^^^^^^^^^^^^^^^^^^^^^^^^^^^^^^^^^^^^^^^^^^^^^^^^^^^^^^^^^^^^^
  File "C:\Users\89118\AppData\Roaming\Python\Python314\site-packages\aiogram\dispatcher\router.py", line 153, in _wrapped
    return await self._propagate_event(
           ^^^^^^^^^^^^^^^^^^^^^^^^^^^^
    ...<4 lines>...
    )
    ^
  File "C:\Users\89118\AppData\Roaming\Python\Python314\site-packages\aiogram\dispatcher\router.py", line 181, in _propagate_event
    response = await observer.trigger(event, **kwargs)
               ^^^^^^^^^^^^^^^^^^^^^^^^^^^^^^^^^^^^^^^
  File "C:\Users\89118\AppData\Roaming\Python\Python314\site-packages\aiogram\dispatcher\event\telegram.py", line 126, in trigger
    return await wrapped_inner(event, kwargs)
           ^^^^^^^^^^^^^^^^^^^^^^^^^^^^^^^^^^
  File "C:\Users\89118\AppData\Roaming\Python\Python314\site-packages\aiogram\dispatcher\event\handler.py", line 71, in call
    return await wrapped()
           ^^^^^^^^^^^^^^^
  File "d:\bot_final\telegram\bot.py", line 148, in signals_handler
    await message.answer(self._build_signals_text(), parse_mode="Markdown")
          ~~~~~~~~~~~~~~^^^^^^^^^^^^^^^^^^^^^^^^^^^^^^^^^^^^^^^^^^^^^^^^^^^
  File "C:\Users\89118\AppData\Roaming\Python\Python314\site-packages\aiogram\types\message.py", line 2256, in answer
    return SendMessage(
           ~~~~~~~~~~~^
        chat_id=self.chat.id,
        ^^^^^^^^^^^^^^^^^^^^^
    ...<17 lines>...
        **kwargs,
        ^^^^^^^^^
    ).as_(self._bot)
    ^
  File "C:\Users\89118\AppData\Roaming\Python\Python314\site-packages\pydantic\main.py", line 250, in __init__
    validated_self = self.__pydantic_validator__.validate_python(data, self_instance=self)
pydantic_core._pydantic_core.ValidationError: 1 validation error for SendMessage
text
  Input should be a valid string [type=string_type, input_value=<coroutine object Telegra...t at 0x0000029FDFE56430>, input_type=coroutine]
    For further information visit https://errors.pydantic.dev/2.12/v/string_type
2026-03-19 22:15:37,201 [INFO] data.orderflow_ws: ✓ WS connected: wss://stream.binancefuture.com/ws/btcusdt@aggTrade
2026-03-19 22:15:38,811 [INFO] engine.pipeline: MarketContext(dead_zone, vol=low, adx=21.8, trend=LONG, atr=0.44%, session=None, tradeable=False)
2026-03-19 22:15:38,811 [INFO] engine.pipeline: Not tradeable: dead_zone, vol=low, session=None
2026-03-19 22:15:57,613 [INFO] aiogram.event: Update id=961905552 is handled. Duration 285 ms by bot id=8749354405
2026-03-19 22:16:06,480 [INFO] aiogram.event: Update id=961905553 is not handled. Duration 0 ms by bot id=8749354405
2026-03-19 22:16:06,480 [ERROR] aiogram.event: Cause exception while process update id=961905553 by bot id=8749354405
ValidationError: 1 validation error for SendMessage
text
  Input should be a valid string [type=string_type, input_value=<coroutine object Telegra...t at 0x0000029FDFF86750>, input_type=coroutine]
    For further information visit https://errors.pydantic.dev/2.12/v/string_type
Traceback (most recent call last):
  File "C:\Users\89118\AppData\Roaming\Python\Python314\site-packages\aiogram\dispatcher\dispatcher.py", line 320, in _process_update
    response = await self.feed_update(bot, update, **kwargs)
               ^^^^^^^^^^^^^^^^^^^^^^^^^^^^^^^^^^^^^^^^^^^^^
  File "C:\Users\89118\AppData\Roaming\Python\Python314\site-packages\aiogram\dispatcher\dispatcher.py", line 164, in feed_update
    response = await self.update.wrap_outer_middleware(
               ^^^^^^^^^^^^^^^^^^^^^^^^^^^^^^^^^^^^^^^^
    ...<7 lines>...
    )
    ^
  File "C:\Users\89118\AppData\Roaming\Python\Python314\site-packages\aiogram\dispatcher\middlewares\error.py", line 27, in __call__
    return await handler(event, data)
           ^^^^^^^^^^^^^^^^^^^^^^^^^^
  File "C:\Users\89118\AppData\Roaming\Python\Python314\site-packages\aiogram\dispatcher\middlewares\user_context.py", line 58, in __call__
    return await handler(event, data)
           ^^^^^^^^^^^^^^^^^^^^^^^^^^
  File "C:\Users\89118\AppData\Roaming\Python\Python314\site-packages\aiogram\fsm\middleware.py", line 43, in __call__
    return await handler(event, data)
           ^^^^^^^^^^^^^^^^^^^^^^^^^^
  File "C:\Users\89118\AppData\Roaming\Python\Python314\site-packages\aiogram\dispatcher\event\telegram.py", line 126, in trigger
    return await wrapped_inner(event, kwargs)
           ^^^^^^^^^^^^^^^^^^^^^^^^^^^^^^^^^^
  File "C:\Users\89118\AppData\Roaming\Python\Python314\site-packages\aiogram\dispatcher\event\handler.py", line 71, in call
    return await wrapped()
           ^^^^^^^^^^^^^^^
  File "C:\Users\89118\AppData\Roaming\Python\Python314\site-packages\aiogram\dispatcher\dispatcher.py", line 283, in _listen_update
    return await self.propagate_event(update_type=update_type, event=event, **kwargs)
           ^^^^^^^^^^^^^^^^^^^^^^^^^^^^^^^^^^^^^^^^^^^^^^^^^^^^^^^^^^^^^^^^^^^^^^^^^^
  File "C:\Users\89118\AppData\Roaming\Python\Python314\site-packages\aiogram\dispatcher\router.py", line 161, in propagate_event
    return await observer.wrap_outer_middleware(_wrapped, event=event, data=kwargs)
           ^^^^^^^^^^^^^^^^^^^^^^^^^^^^^^^^^^^^^^^^^^^^^^^^^^^^^^^^^^^^^^^^^^^^^^^^
  File "C:\Users\89118\AppData\Roaming\Python\Python314\site-packages\aiogram\dispatcher\router.py", line 153, in _wrapped
    return await self._propagate_event(
           ^^^^^^^^^^^^^^^^^^^^^^^^^^^^
    ...<4 lines>...
    )
    ^
  File "C:\Users\89118\AppData\Roaming\Python\Python314\site-packages\aiogram\dispatcher\router.py", line 189, in _propagate_event
    response = await router.propagate_event(update_type=update_type, event=event, **kwargs)
               ^^^^^^^^^^^^^^^^^^^^^^^^^^^^^^^^^^^^^^^^^^^^^^^^^^^^^^^^^^^^^^^^^^^^^^^^^^^^
  File "C:\Users\89118\AppData\Roaming\Python\Python314\site-packages\aiogram\dispatcher\router.py", line 161, in propagate_event
    return await observer.wrap_outer_middleware(_wrapped, event=event, data=kwargs)
           ^^^^^^^^^^^^^^^^^^^^^^^^^^^^^^^^^^^^^^^^^^^^^^^^^^^^^^^^^^^^^^^^^^^^^^^^
  File "C:\Users\89118\AppData\Roaming\Python\Python314\site-packages\aiogram\dispatcher\router.py", line 153, in _wrapped
    return await self._propagate_event(
           ^^^^^^^^^^^^^^^^^^^^^^^^^^^^
    ...<4 lines>...
    )
    ^
  File "C:\Users\89118\AppData\Roaming\Python\Python314\site-packages\aiogram\dispatcher\router.py", line 181, in _propagate_event
    response = await observer.trigger(event, **kwargs)
               ^^^^^^^^^^^^^^^^^^^^^^^^^^^^^^^^^^^^^^^
  File "C:\Users\89118\AppData\Roaming\Python\Python314\site-packages\aiogram\dispatcher\event\telegram.py", line 126, in trigger
    return await wrapped_inner(event, kwargs)
           ^^^^^^^^^^^^^^^^^^^^^^^^^^^^^^^^^^
  File "C:\Users\89118\AppData\Roaming\Python\Python314\site-packages\aiogram\dispatcher\event\handler.py", line 71, in call
    return await wrapped()
           ^^^^^^^^^^^^^^^
  File "d:\bot_final\telegram\bot.py", line 148, in signals_handler
    await message.answer(self._build_signals_text(), parse_mode="Markdown")
          ~~~~~~~~~~~~~~^^^^^^^^^^^^^^^^^^^^^^^^^^^^^^^^^^^^^^^^^^^^^^^^^^^
  File "C:\Users\89118\AppData\Roaming\Python\Python314\site-packages\aiogram\types\message.py", line 2256, in answer
    return SendMessage(
           ~~~~~~~~~~~^
        chat_id=self.chat.id,
        ^^^^^^^^^^^^^^^^^^^^^
    ...<17 lines>...
        **kwargs,
        ^^^^^^^^^
    ).as_(self._bot)
    ^
  File "C:\Users\89118\AppData\Roaming\Python\Python314\site-packages\pydantic\main.py", line 250, in __init__
    validated_self = self.__pydantic_validator__.validate_python(data, self_instance=self)
pydantic_core._pydantic_core.ValidationError: 1 validation error for SendMessage
text
  Input should be a valid string [type=string_type, input_value=<coroutine object Telegra...t at 0x0000029FDFF86750>, input_type=coroutine]
    For further information visit https://errors.pydantic.dev/2.12/v/string_type
2026-03-19 22:30:03,015 [INFO] apscheduler.executors.default: Running job "analysis_cycle (trigger: cron[minute='*/15', second='3'], next run at: 2026-03-19 22:45:03 MSK)" (scheduled at 2026-03-19 22:30:03+03:00)
2026-03-19 22:30:03,016 [INFO] __main__: ── Analysis cycle start ──────────────────
2026-03-19 22:30:04,767 [INFO] engine.pipeline: MarketContext(trending, vol=low, adx=25.1, trend=LONG, atr=0.37%, session=None, tradeable=False)
2026-03-19 22:30:04,767 [INFO] engine.pipeline: Not tradeable: trending, vol=low, session=None
2026-03-19 22:30:04,767 [INFO] apscheduler.executors.default: Job "analysis_cycle (trigger: cron[minute='*/15', second='3'], next run at: 2026-03-19 22:45:03 MSK)" executed successfully
2026-03-19 22:44:36,431 [INFO] __main__: Initialising components...
2026-03-19 22:44:36,441 [INFO] database.db: DB connected (WAL): data\signals.db
2026-03-19 22:44:36,442 [INFO] __main__: DB connected
2026-03-19 22:44:36,442 [INFO] __main__: Binance client created
2026-03-19 22:44:36,442 [INFO] __main__: WebSocket client created
2026-03-19 22:44:36,883 [INFO] aiogram.dispatcher: Start polling
2026-03-19 22:44:37,847 [INFO] aiogram.dispatcher: Run polling for bot @Akoffice_bot id=8749354405 - 'Akoffice bot'
2026-03-19 22:44:37,882 [INFO] telegram.bot: ✓ Telegram notifier started
2026-03-19 22:44:37,882 [INFO] __main__: Telegram notifier started
2026-03-19 22:44:37,882 [INFO] __main__: All components ready
2026-03-19 22:44:37,889 [INFO] apscheduler.scheduler: Adding job tentatively -- it will be properly scheduled when the scheduler starts
2026-03-19 22:44:37,893 [INFO] apscheduler.scheduler: Added job "analysis_cycle" to job store "default"
2026-03-19 22:44:37,893 [INFO] apscheduler.scheduler: Scheduler started
2026-03-19 22:44:37,894 [INFO] __main__: Bot running. Ctrl+C to stop.
2026-03-19 22:44:37,894 [INFO] __main__: ── Analysis cycle start ──────────────────
2026-03-19 22:44:37,976 [INFO] __main__: Starting API server on port 8001...
2026-03-19 22:44:38,099 [ERROR] aiogram.dispatcher: Failed to fetch updates - TelegramConflictError: Telegram server says - Conflict: terminated by other getUpdates request; make sure that only one bot instance is running
2026-03-19 22:44:38,100 [WARNING] aiogram.dispatcher: Sleep for 1.000000 seconds and try again... (tryings = 0, bot id = 8749354405)
2026-03-19 22:44:38,501 [INFO] __main__: API server starting on port 8001...
2026-03-19 22:44:38,604 [INFO] __main__: API server stopped
2026-03-19 22:44:38,607 [INFO] aiogram.dispatcher: Polling stopped for bot @Akoffice_bot id=8749354405 - 'Akoffice bot'
2026-03-19 22:44:38,608 [INFO] aiogram.dispatcher: Polling stopped
2026-03-19 22:44:49,351 [INFO] aiogram.dispatcher: Connection established (tryings = 1, bot id = 8749354405)
2026-03-19 22:44:54,778 [INFO] aiogram.event: Update id=961905554 is handled. Duration 284 ms by bot id=8749354405
2026-03-19 22:44:57,799 [INFO] aiogram.event: Update id=961905555 is not handled. Duration 0 ms by bot id=8749354405
2026-03-19 22:44:57,800 [ERROR] aiogram.event: Cause exception while process update id=961905555 by bot id=8749354405
ValidationError: 1 validation error for SendMessage
text
  Input should be a valid string [type=string_type, input_value=<coroutine object Telegra...t at 0x0000029FDFF86C00>, input_type=coroutine]
    For further information visit https://errors.pydantic.dev/2.12/v/string_type
Traceback (most recent call last):
  File "C:\Users\89118\AppData\Roaming\Python\Python314\site-packages\aiogram\dispatcher\dispatcher.py", line 320, in _process_update
    response = await self.feed_update(bot, update, **kwargs)
               ^^^^^^^^^^^^^^^^^^^^^^^^^^^^^^^^^^^^^^^^^^^^^
  File "C:\Users\89118\AppData\Roaming\Python\Python314\site-packages\aiogram\dispatcher\dispatcher.py", line 164, in feed_update
    response = await self.update.wrap_outer_middleware(
               ^^^^^^^^^^^^^^^^^^^^^^^^^^^^^^^^^^^^^^^^
    ...<7 lines>...
    )
    ^
  File "C:\Users\89118\AppData\Roaming\Python\Python314\site-packages\aiogram\dispatcher\middlewares\error.py", line 27, in __call__
    return await handler(event, data)
           ^^^^^^^^^^^^^^^^^^^^^^^^^^
  File "C:\Users\89118\AppData\Roaming\Python\Python314\site-packages\aiogram\dispatcher\middlewares\user_context.py", line 58, in __call__
    return await handler(event, data)
           ^^^^^^^^^^^^^^^^^^^^^^^^^^
  File "C:\Users\89118\AppData\Roaming\Python\Python314\site-packages\aiogram\fsm\middleware.py", line 43, in __call__
    return await handler(event, data)
           ^^^^^^^^^^^^^^^^^^^^^^^^^^
  File "C:\Users\89118\AppData\Roaming\Python\Python314\site-packages\aiogram\dispatcher\event\telegram.py", line 126, in trigger
    return await wrapped_inner(event, kwargs)
           ^^^^^^^^^^^^^^^^^^^^^^^^^^^^^^^^^^
  File "C:\Users\89118\AppData\Roaming\Python\Python314\site-packages\aiogram\dispatcher\event\handler.py", line 71, in call
    return await wrapped()
           ^^^^^^^^^^^^^^^
  File "C:\Users\89118\AppData\Roaming\Python\Python314\site-packages\aiogram\dispatcher\dispatcher.py", line 283, in _listen_update
    return await self.propagate_event(update_type=update_type, event=event, **kwargs)
           ^^^^^^^^^^^^^^^^^^^^^^^^^^^^^^^^^^^^^^^^^^^^^^^^^^^^^^^^^^^^^^^^^^^^^^^^^^
  File "C:\Users\89118\AppData\Roaming\Python\Python314\site-packages\aiogram\dispatcher\router.py", line 161, in propagate_event
    return await observer.wrap_outer_middleware(_wrapped, event=event, data=kwargs)
           ^^^^^^^^^^^^^^^^^^^^^^^^^^^^^^^^^^^^^^^^^^^^^^^^^^^^^^^^^^^^^^^^^^^^^^^^
  File "C:\Users\89118\AppData\Roaming\Python\Python314\site-packages\aiogram\dispatcher\router.py", line 153, in _wrapped
    return await self._propagate_event(
           ^^^^^^^^^^^^^^^^^^^^^^^^^^^^
    ...<4 lines>...
    )
    ^
  File "C:\Users\89118\AppData\Roaming\Python\Python314\site-packages\aiogram\dispatcher\router.py", line 189, in _propagate_event
    response = await router.propagate_event(update_type=update_type, event=event, **kwargs)
               ^^^^^^^^^^^^^^^^^^^^^^^^^^^^^^^^^^^^^^^^^^^^^^^^^^^^^^^^^^^^^^^^^^^^^^^^^^^^
  File "C:\Users\89118\AppData\Roaming\Python\Python314\site-packages\aiogram\dispatcher\router.py", line 161, in propagate_event
    return await observer.wrap_outer_middleware(_wrapped, event=event, data=kwargs)
           ^^^^^^^^^^^^^^^^^^^^^^^^^^^^^^^^^^^^^^^^^^^^^^^^^^^^^^^^^^^^^^^^^^^^^^^^
  File "C:\Users\89118\AppData\Roaming\Python\Python314\site-packages\aiogram\dispatcher\router.py", line 153, in _wrapped
    return await self._propagate_event(
           ^^^^^^^^^^^^^^^^^^^^^^^^^^^^
    ...<4 lines>...
    )
    ^
  File "C:\Users\89118\AppData\Roaming\Python\Python314\site-packages\aiogram\dispatcher\router.py", line 181, in _propagate_event
    response = await observer.trigger(event, **kwargs)
               ^^^^^^^^^^^^^^^^^^^^^^^^^^^^^^^^^^^^^^^
  File "C:\Users\89118\AppData\Roaming\Python\Python314\site-packages\aiogram\dispatcher\event\telegram.py", line 126, in trigger
    return await wrapped_inner(event, kwargs)
           ^^^^^^^^^^^^^^^^^^^^^^^^^^^^^^^^^^
  File "C:\Users\89118\AppData\Roaming\Python\Python314\site-packages\aiogram\dispatcher\event\handler.py", line 71, in call
    return await wrapped()
           ^^^^^^^^^^^^^^^
  File "d:\bot_final\telegram\bot.py", line 148, in signals_handler
    await message.answer(self._build_signals_text(), parse_mode="Markdown")
          ~~~~~~~~~~~~~~^^^^^^^^^^^^^^^^^^^^^^^^^^^^^^^^^^^^^^^^^^^^^^^^^^^
  File "C:\Users\89118\AppData\Roaming\Python\Python314\site-packages\aiogram\types\message.py", line 2256, in answer
    return SendMessage(
           ~~~~~~~~~~~^
        chat_id=self.chat.id,
        ^^^^^^^^^^^^^^^^^^^^^
    ...<17 lines>...
        **kwargs,
        ^^^^^^^^^
    ).as_(self._bot)
    ^
  File "C:\Users\89118\AppData\Roaming\Python\Python314\site-packages\pydantic\main.py", line 250, in __init__
    validated_self = self.__pydantic_validator__.validate_python(data, self_instance=self)
pydantic_core._pydantic_core.ValidationError: 1 validation error for SendMessage
text
  Input should be a valid string [type=string_type, input_value=<coroutine object Telegra...t at 0x0000029FDFF86C00>, input_type=coroutine]
    For further information visit https://errors.pydantic.dev/2.12/v/string_type
2026-03-19 22:45:03,013 [INFO] apscheduler.executors.default: Running job "analysis_cycle (trigger: cron[minute='*/15', second='3'], next run at: 2026-03-19 23:00:03 MSK)" (scheduled at 2026-03-19 22:45:03+03:00)
2026-03-19 22:45:03,013 [INFO] __main__: ── Analysis cycle start ──────────────────
2026-03-19 22:45:04,488 [INFO] engine.pipeline: MarketContext(trending, vol=low, adx=28.5, trend=LONG, atr=0.36%, session=None, tradeable=False)
2026-03-19 22:45:04,488 [INFO] engine.pipeline: Not tradeable: trending, vol=low, session=None
2026-03-19 22:45:04,488 [INFO] apscheduler.executors.default: Job "analysis_cycle (trigger: cron[minute='*/15', second='3'], next run at: 2026-03-19 23:00:03 MSK)" executed successfully
2026-03-19 22:47:36,385 [ERROR] asyncio: Task exception was never retrieved
future: <Task finished name='Task-9' coro=<_start_api() done, defined at D:\bot_final\main.py:200> exception=SystemExit(1)>
Traceback (most recent call last):
  File "C:\Users\89118\AppData\Roaming\Python\Python314\site-packages\uvicorn\server.py", line 172, in startup
  File "C:\Python314\Lib\asyncio\base_events.py", line 1627, in create_server
OSError: [Errno 10048] error while attempting to bind on address ('0.0.0.0', 8001): [winerror 10048] обычно разрешается только одно использование адреса сокета (протокол/сетевой адрес/порт)

During handling of the above exception, another exception occurred:

Traceback (most recent call last):
  File "D:\bot_final\main.py", line 226, in <module>
  File "C:\Python314\Lib\asyncio\runners.py", line 204, in run
  File "C:\Python314\Lib\asyncio\runners.py", line 127, in run
  File "C:\Python314\Lib\asyncio\base_events.py", line 706, in run_until_complete
  File "C:\Python314\Lib\asyncio\base_events.py", line 677, in run_forever
  File "C:\Python314\Lib\asyncio\base_events.py", line 2046, in _run_once
  File "C:\Python314\Lib\asyncio\events.py", line 94, in _run
  File "D:\bot_final\main.py", line 213, in _start_api
  File "C:\Users\89118\AppData\Roaming\Python\Python314\site-packages\uvicorn\server.py", line 79, in serve
  File "C:\Users\89118\AppData\Roaming\Python\Python314\site-packages\uvicorn\server.py", line 94, in _serve
  File "C:\Users\89118\AppData\Roaming\Python\Python314\site-packages\uvicorn\server.py", line 182, in startup
SystemExit: 1
2026-03-19 22:47:36,392 [ERROR] asyncio: Unclosed client session
client_session: <aiohttp.client.ClientSession object at 0x000001CED0992900>
2026-03-19 22:47:51,999 [INFO] __main__: Initialising components...
2026-03-19 22:47:52,007 [INFO] database.db: DB connected (WAL): data\signals.db
2026-03-19 22:47:52,008 [INFO] __main__: DB connected
2026-03-19 22:47:52,008 [INFO] __main__: Binance client created
2026-03-19 22:47:52,009 [INFO] __main__: WebSocket client created
2026-03-19 22:47:52,354 [INFO] aiogram.dispatcher: Start polling
2026-03-19 22:47:53,181 [INFO] aiogram.dispatcher: Run polling for bot @Akoffice_bot id=8749354405 - 'Akoffice bot'
2026-03-19 22:47:53,305 [INFO] telegram.bot: ✓ Telegram notifier started
2026-03-19 22:47:53,305 [INFO] __main__: Telegram notifier started
2026-03-19 22:47:53,306 [INFO] __main__: All components ready
2026-03-19 22:47:53,311 [INFO] apscheduler.scheduler: Adding job tentatively -- it will be properly scheduled when the scheduler starts
2026-03-19 22:47:53,314 [INFO] apscheduler.scheduler: Added job "analysis_cycle" to job store "default"
2026-03-19 22:47:53,314 [INFO] apscheduler.scheduler: Scheduler started
2026-03-19 22:47:53,315 [INFO] __main__: Bot running. Ctrl+C to stop.
2026-03-19 22:47:53,315 [INFO] __main__: ── Analysis cycle start ──────────────────
2026-03-19 22:47:53,384 [INFO] __main__: Starting API server on port 8001...
2026-03-19 22:47:53,827 [INFO] __main__: API server starting on port 8001...
2026-03-19 22:47:55,009 [INFO] aiogram.event: Update id=961905556 is handled. Duration 1117 ms by bot id=8749354405
2026-03-19 22:47:55,198 [INFO] data.orderflow_ws: ✓ WS connected: wss://stream.binancefuture.com/ws/btcusdt@aggTrade
2026-03-19 22:47:55,241 [INFO] engine.pipeline: MarketContext(trending, vol=low, adx=32.4, trend=LONG, atr=0.34%, session=None, tradeable=False)
2026-03-19 22:47:55,242 [INFO] engine.pipeline: Not tradeable: trending, vol=low, session=None
2026-03-19 22:48:47,160 [INFO] aiogram.event: Update id=961905557 is handled. Duration 272 ms by bot id=8749354405
2026-03-19 22:48:50,289 [INFO] aiogram.event: Update id=961905558 is handled. Duration 276 ms by bot id=8749354405
2026-03-19 22:48:58,169 [INFO] aiogram.event: Update id=961905559 is not handled. Duration 0 ms by bot id=8749354405
2026-03-19 22:48:58,169 [ERROR] aiogram.event: Cause exception while process update id=961905559 by bot id=8749354405
ValidationError: 1 validation error for SendMessage
text
  Input should be a valid string [type=string_type, input_value=<coroutine object Telegra...t at 0x000002DB1A7730B0>, input_type=coroutine]
    For further information visit https://errors.pydantic.dev/2.12/v/string_type
Traceback (most recent call last):
  File "C:\Users\89118\AppData\Roaming\Python\Python314\site-packages\aiogram\dispatcher\dispatcher.py", line 320, in _process_update
    response = await self.feed_update(bot, update, **kwargs)
               ^^^^^^^^^^^^^^^^^^^^^^^^^^^^^^^^^^^^^^^^^^^^^
  File "C:\Users\89118\AppData\Roaming\Python\Python314\site-packages\aiogram\dispatcher\dispatcher.py", line 164, in feed_update
    response = await self.update.wrap_outer_middleware(
               ^^^^^^^^^^^^^^^^^^^^^^^^^^^^^^^^^^^^^^^^
    ...<7 lines>...
    )
    ^
  File "C:\Users\89118\AppData\Roaming\Python\Python314\site-packages\aiogram\dispatcher\middlewares\error.py", line 27, in __call__
    return await handler(event, data)
           ^^^^^^^^^^^^^^^^^^^^^^^^^^
  File "C:\Users\89118\AppData\Roaming\Python\Python314\site-packages\aiogram\dispatcher\middlewares\user_context.py", line 58, in __call__
    return await handler(event, data)
           ^^^^^^^^^^^^^^^^^^^^^^^^^^
  File "C:\Users\89118\AppData\Roaming\Python\Python314\site-packages\aiogram\fsm\middleware.py", line 43, in __call__
    return await handler(event, data)
           ^^^^^^^^^^^^^^^^^^^^^^^^^^
  File "C:\Users\89118\AppData\Roaming\Python\Python314\site-packages\aiogram\dispatcher\event\telegram.py", line 126, in trigger
    return await wrapped_inner(event, kwargs)
           ^^^^^^^^^^^^^^^^^^^^^^^^^^^^^^^^^^
  File "C:\Users\89118\AppData\Roaming\Python\Python314\site-packages\aiogram\dispatcher\event\handler.py", line 71, in call
    return await wrapped()
           ^^^^^^^^^^^^^^^
  File "C:\Users\89118\AppData\Roaming\Python\Python314\site-packages\aiogram\dispatcher\dispatcher.py", line 283, in _listen_update
    return await self.propagate_event(update_type=update_type, event=event, **kwargs)
           ^^^^^^^^^^^^^^^^^^^^^^^^^^^^^^^^^^^^^^^^^^^^^^^^^^^^^^^^^^^^^^^^^^^^^^^^^^
  File "C:\Users\89118\AppData\Roaming\Python\Python314\site-packages\aiogram\dispatcher\router.py", line 161, in propagate_event
    return await observer.wrap_outer_middleware(_wrapped, event=event, data=kwargs)
           ^^^^^^^^^^^^^^^^^^^^^^^^^^^^^^^^^^^^^^^^^^^^^^^^^^^^^^^^^^^^^^^^^^^^^^^^
  File "C:\Users\89118\AppData\Roaming\Python\Python314\site-packages\aiogram\dispatcher\router.py", line 153, in _wrapped
    return await self._propagate_event(
           ^^^^^^^^^^^^^^^^^^^^^^^^^^^^
    ...<4 lines>...
    )
    ^
  File "C:\Users\89118\AppData\Roaming\Python\Python314\site-packages\aiogram\dispatcher\router.py", line 189, in _propagate_event
    response = await router.propagate_event(update_type=update_type, event=event, **kwargs)
               ^^^^^^^^^^^^^^^^^^^^^^^^^^^^^^^^^^^^^^^^^^^^^^^^^^^^^^^^^^^^^^^^^^^^^^^^^^^^
  File "C:\Users\89118\AppData\Roaming\Python\Python314\site-packages\aiogram\dispatcher\router.py", line 161, in propagate_event
    return await observer.wrap_outer_middleware(_wrapped, event=event, data=kwargs)
           ^^^^^^^^^^^^^^^^^^^^^^^^^^^^^^^^^^^^^^^^^^^^^^^^^^^^^^^^^^^^^^^^^^^^^^^^
  File "C:\Users\89118\AppData\Roaming\Python\Python314\site-packages\aiogram\dispatcher\router.py", line 153, in _wrapped
    return await self._propagate_event(
           ^^^^^^^^^^^^^^^^^^^^^^^^^^^^
    ...<4 lines>...
    )
    ^
  File "C:\Users\89118\AppData\Roaming\Python\Python314\site-packages\aiogram\dispatcher\router.py", line 181, in _propagate_event
    response = await observer.trigger(event, **kwargs)
               ^^^^^^^^^^^^^^^^^^^^^^^^^^^^^^^^^^^^^^^
  File "C:\Users\89118\AppData\Roaming\Python\Python314\site-packages\aiogram\dispatcher\event\telegram.py", line 126, in trigger
    return await wrapped_inner(event, kwargs)
           ^^^^^^^^^^^^^^^^^^^^^^^^^^^^^^^^^^
  File "C:\Users\89118\AppData\Roaming\Python\Python314\site-packages\aiogram\dispatcher\event\handler.py", line 71, in call
    return await wrapped()
           ^^^^^^^^^^^^^^^
  File "D:\bot_final\telegram\bot.py", line 148, in signals_handler
    await message.answer(self._build_signals_text(), parse_mode="Markdown")
          ~~~~~~~~~~~~~~^^^^^^^^^^^^^^^^^^^^^^^^^^^^^^^^^^^^^^^^^^^^^^^^^^^
  File "C:\Users\89118\AppData\Roaming\Python\Python314\site-packages\aiogram\types\message.py", line 2256, in answer
    return SendMessage(
           ~~~~~~~~~~~^
        chat_id=self.chat.id,
        ^^^^^^^^^^^^^^^^^^^^^
    ...<17 lines>...
        **kwargs,
        ^^^^^^^^^
    ).as_(self._bot)
    ^
  File "C:\Users\89118\AppData\Roaming\Python\Python314\site-packages\pydantic\main.py", line 250, in __init__
    validated_self = self.__pydantic_validator__.validate_python(data, self_instance=self)
pydantic_core._pydantic_core.ValidationError: 1 validation error for SendMessage
text
  Input should be a valid string [type=string_type, input_value=<coroutine object Telegra...t at 0x000002DB1A7730B0>, input_type=coroutine]
    For further information visit https://errors.pydantic.dev/2.12/v/string_type
2026-03-19 22:51:22,884 [INFO] aiogram.event: Update id=961905560 is handled. Duration 320 ms by bot id=8749354405
2026-03-19 22:51:26,903 [INFO] aiogram.event: Update id=961905561 is not handled. Duration 0 ms by bot id=8749354405
2026-03-19 22:51:26,904 [ERROR] aiogram.event: Cause exception while process update id=961905561 by bot id=8749354405
ValidationError: 1 validation error for SendMessage
text
  Input should be a valid string [type=string_type, input_value=<coroutine object Telegra...t at 0x000002DB1A880940>, input_type=coroutine]
    For further information visit https://errors.pydantic.dev/2.12/v/string_type
Traceback (most recent call last):
  File "C:\Users\89118\AppData\Roaming\Python\Python314\site-packages\aiogram\dispatcher\dispatcher.py", line 320, in _process_update
    response = await self.feed_update(bot, update, **kwargs)
               ^^^^^^^^^^^^^^^^^^^^^^^^^^^^^^^^^^^^^^^^^^^^^
  File "C:\Users\89118\AppData\Roaming\Python\Python314\site-packages\aiogram\dispatcher\dispatcher.py", line 164, in feed_update
    response = await self.update.wrap_outer_middleware(
               ^^^^^^^^^^^^^^^^^^^^^^^^^^^^^^^^^^^^^^^^
    ...<7 lines>...
    )
    ^
  File "C:\Users\89118\AppData\Roaming\Python\Python314\site-packages\aiogram\dispatcher\middlewares\error.py", line 27, in __call__
    return await handler(event, data)
           ^^^^^^^^^^^^^^^^^^^^^^^^^^
  File "C:\Users\89118\AppData\Roaming\Python\Python314\site-packages\aiogram\dispatcher\middlewares\user_context.py", line 58, in __call__
    return await handler(event, data)
           ^^^^^^^^^^^^^^^^^^^^^^^^^^
  File "C:\Users\89118\AppData\Roaming\Python\Python314\site-packages\aiogram\fsm\middleware.py", line 43, in __call__
    return await handler(event, data)
           ^^^^^^^^^^^^^^^^^^^^^^^^^^
  File "C:\Users\89118\AppData\Roaming\Python\Python314\site-packages\aiogram\dispatcher\event\telegram.py", line 126, in trigger
    return await wrapped_inner(event, kwargs)
           ^^^^^^^^^^^^^^^^^^^^^^^^^^^^^^^^^^
  File "C:\Users\89118\AppData\Roaming\Python\Python314\site-packages\aiogram\dispatcher\event\handler.py", line 71, in call
    return await wrapped()
           ^^^^^^^^^^^^^^^
  File "C:\Users\89118\AppData\Roaming\Python\Python314\site-packages\aiogram\dispatcher\dispatcher.py", line 283, in _listen_update
    return await self.propagate_event(update_type=update_type, event=event, **kwargs)
           ^^^^^^^^^^^^^^^^^^^^^^^^^^^^^^^^^^^^^^^^^^^^^^^^^^^^^^^^^^^^^^^^^^^^^^^^^^
  File "C:\Users\89118\AppData\Roaming\Python\Python314\site-packages\aiogram\dispatcher\router.py", line 161, in propagate_event
    return await observer.wrap_outer_middleware(_wrapped, event=event, data=kwargs)
           ^^^^^^^^^^^^^^^^^^^^^^^^^^^^^^^^^^^^^^^^^^^^^^^^^^^^^^^^^^^^^^^^^^^^^^^^
  File "C:\Users\89118\AppData\Roaming\Python\Python314\site-packages\aiogram\dispatcher\router.py", line 153, in _wrapped
    return await self._propagate_event(
           ^^^^^^^^^^^^^^^^^^^^^^^^^^^^
    ...<4 lines>...
    )
    ^
  File "C:\Users\89118\AppData\Roaming\Python\Python314\site-packages\aiogram\dispatcher\router.py", line 189, in _propagate_event
    response = await router.propagate_event(update_type=update_type, event=event, **kwargs)
               ^^^^^^^^^^^^^^^^^^^^^^^^^^^^^^^^^^^^^^^^^^^^^^^^^^^^^^^^^^^^^^^^^^^^^^^^^^^^
  File "C:\Users\89118\AppData\Roaming\Python\Python314\site-packages\aiogram\dispatcher\router.py", line 161, in propagate_event
    return await observer.wrap_outer_middleware(_wrapped, event=event, data=kwargs)
           ^^^^^^^^^^^^^^^^^^^^^^^^^^^^^^^^^^^^^^^^^^^^^^^^^^^^^^^^^^^^^^^^^^^^^^^^
  File "C:\Users\89118\AppData\Roaming\Python\Python314\site-packages\aiogram\dispatcher\router.py", line 153, in _wrapped
    return await self._propagate_event(
           ^^^^^^^^^^^^^^^^^^^^^^^^^^^^
    ...<4 lines>...
    )
    ^
  File "C:\Users\89118\AppData\Roaming\Python\Python314\site-packages\aiogram\dispatcher\router.py", line 181, in _propagate_event
    response = await observer.trigger(event, **kwargs)
               ^^^^^^^^^^^^^^^^^^^^^^^^^^^^^^^^^^^^^^^
  File "C:\Users\89118\AppData\Roaming\Python\Python314\site-packages\aiogram\dispatcher\event\telegram.py", line 126, in trigger
    return await wrapped_inner(event, kwargs)
           ^^^^^^^^^^^^^^^^^^^^^^^^^^^^^^^^^^
  File "C:\Users\89118\AppData\Roaming\Python\Python314\site-packages\aiogram\dispatcher\event\handler.py", line 71, in call
    return await wrapped()
           ^^^^^^^^^^^^^^^
  File "D:\bot_final\telegram\bot.py", line 152, in stats_handler
    await message.answer(await self._build_stats_text(), parse_mode="Markdown")
          ^^^^^^^^^^^^^^^^^^^^^^^^^^^^^^^^^^^^^^^^^^^^^^^^^^^^^^^^^^^^^^^
  File "C:\Users\89118\AppData\Roaming\Python\Python314\site-packages\aiogram\types\message.py", line 2256, in answer
    return SendMessage(
           ~~~~~~~~~~~^
        chat_id=self.chat.id,
        ^^^^^^^^^^^^^^^^^^^^^
    ...<17 lines>...
        **kwargs,
        ^^^^^^^^^
    ).as_(self._bot)
    ^
  File "C:\Users\89118\AppData\Roaming\Python\Python314\site-packages\pydantic\main.py", line 250, in __init__
    validated_self = self.__pydantic_validator__.validate_python(data, self_instance=self)
pydantic_core._pydantic_core.ValidationError: 1 validation error for SendMessage
text
  Input should be a valid string [type=string_type, input_value=<coroutine object Telegra...t at 0x000002DB1A880940>, input_type=coroutine]
    For further information visit https://errors.pydantic.dev/2.12/v/string_type
2026-03-19 22:51:35,873 [INFO] aiogram.event: Update id=961905562 is not handled. Duration 1 ms by bot id=8749354405
2026-03-19 22:51:35,874 [ERROR] aiogram.event: Cause exception while process update id=961905562 by bot id=8749354405
ValidationError: 1 validation error for SendMessage
text
  Input should be a valid string [type=string_type, input_value=<coroutine object Telegra...t at 0x000002DB1A771C60>, input_type=coroutine]
    For further information visit https://errors.pydantic.dev/2.12/v/string_type
Traceback (most recent call last):
  File "C:\Users\89118\AppData\Roaming\Python\Python314\site-packages\aiogram\dispatcher\dispatcher.py", line 320, in _process_update
    response = await self.feed_update(bot, update, **kwargs)
               ^^^^^^^^^^^^^^^^^^^^^^^^^^^^^^^^^^^^^^^^^^^^^
  File "C:\Users\89118\AppData\Roaming\Python\Python314\site-packages\aiogram\dispatcher\dispatcher.py", line 164, in feed_update
    response = await self.update.wrap_outer_middleware(
               ^^^^^^^^^^^^^^^^^^^^^^^^^^^^^^^^^^^^^^^^
    ...<7 lines>...
    )
    ^
  File "C:\Users\89118\AppData\Roaming\Python\Python314\site-packages\aiogram\dispatcher\middlewares\error.py", line 27, in __call__
    return await handler(event, data)
           ^^^^^^^^^^^^^^^^^^^^^^^^^^
  File "C:\Users\89118\AppData\Roaming\Python\Python314\site-packages\aiogram\dispatcher\middlewares\user_context.py", line 58, in __call__
    return await handler(event, data)
           ^^^^^^^^^^^^^^^^^^^^^^^^^^
  File "C:\Users\89118\AppData\Roaming\Python\Python314\site-packages\aiogram\fsm\middleware.py", line 43, in __call__
    return await handler(event, data)
           ^^^^^^^^^^^^^^^^^^^^^^^^^^
  File "C:\Users\89118\AppData\Roaming\Python\Python314\site-packages\aiogram\dispatcher\event\telegram.py", line 126, in trigger
    return await wrapped_inner(event, kwargs)
           ^^^^^^^^^^^^^^^^^^^^^^^^^^^^^^^^^^
  File "C:\Users\89118\AppData\Roaming\Python\Python314\site-packages\aiogram\dispatcher\event\handler.py", line 71, in call
    return await wrapped()
           ^^^^^^^^^^^^^^^
  File "C:\Users\89118\AppData\Roaming\Python\Python314\site-packages\aiogram\dispatcher\dispatcher.py", line 283, in _listen_update
    return await self.propagate_event(update_type=update_type, event=event, **kwargs)
           ^^^^^^^^^^^^^^^^^^^^^^^^^^^^^^^^^^^^^^^^^^^^^^^^^^^^^^^^^^^^^^^^^^^^^^^^^^
  File "C:\Users\89118\AppData\Roaming\Python\Python314\site-packages\aiogram\dispatcher\router.py", line 161, in propagate_event
    return await observer.wrap_outer_middleware(_wrapped, event=event, data=kwargs)
           ^^^^^^^^^^^^^^^^^^^^^^^^^^^^^^^^^^^^^^^^^^^^^^^^^^^^^^^^^^^^^^^^^^^^^^^^
  File "C:\Users\89118\AppData\Roaming\Python\Python314\site-packages\aiogram\dispatcher\router.py", line 153, in _wrapped
    return await self._propagate_event(
           ^^^^^^^^^^^^^^^^^^^^^^^^^^^^
    ...<4 lines>...
    )
    ^
  File "C:\Users\89118\AppData\Roaming\Python\Python314\site-packages\aiogram\dispatcher\router.py", line 189, in _propagate_event
    response = await router.propagate_event(update_type=update_type, event=event, **kwargs)
               ^^^^^^^^^^^^^^^^^^^^^^^^^^^^^^^^^^^^^^^^^^^^^^^^^^^^^^^^^^^^^^^^^^^^^^^^^^^^
  File "C:\Users\89118\AppData\Roaming\Python\Python314\site-packages\aiogram\dispatcher\router.py", line 161, in propagate_event
    return await observer.wrap_outer_middleware(_wrapped, event=event, data=kwargs)
           ^^^^^^^^^^^^^^^^^^^^^^^^^^^^^^^^^^^^^^^^^^^^^^^^^^^^^^^^^^^^^^^^^^^^^^^^
  File "C:\Users\89118\AppData\Roaming\Python\Python314\site-packages\aiogram\dispatcher\router.py", line 153, in _wrapped
    return await self._propagate_event(
           ^^^^^^^^^^^^^^^^^^^^^^^^^^^^
    ...<4 lines>...
    )
    ^
  File "C:\Users\89118\AppData\Roaming\Python\Python314\site-packages\aiogram\dispatcher\router.py", line 181, in _propagate_event
    response = await observer.trigger(event, **kwargs)
               ^^^^^^^^^^^^^^^^^^^^^^^^^^^^^^^^^^^^^^^
  File "C:\Users\89118\AppData\Roaming\Python\Python314\site-packages\aiogram\dispatcher\event\telegram.py", line 126, in trigger
    return await wrapped_inner(event, kwargs)
           ^^^^^^^^^^^^^^^^^^^^^^^^^^^^^^^^^^
  File "C:\Users\89118\AppData\Roaming\Python\Python314\site-packages\aiogram\dispatcher\event\handler.py", line 71, in call
    return await wrapped()
           ^^^^^^^^^^^^^^^
  File "D:\bot_final\telegram\bot.py", line 148, in signals_handler
    await message.answer(await self._build_signals_text(), parse_mode="Markdown")
          ^^^^^^^^^^^^^^^^^^^^^^^^^^^^^^^^^^^^^^^^^^^^^^^^^^^^^^^^^^^^^^^^^
  File "C:\Users\89118\AppData\Roaming\Python\Python314\site-packages\aiogram\types\message.py", line 2256, in answer
    return SendMessage(
           ~~~~~~~~~~~^
        chat_id=self.chat.id,
        ^^^^^^^^^^^^^^^^^^^^^
    ...<17 lines>...
        **kwargs,
        ^^^^^^^^^
    ).as_(self._bot)
    ^
  File "C:\Users\89118\AppData\Roaming\Python\Python314\site-packages\pydantic\main.py", line 250, in __init__
    validated_self = self.__pydantic_validator__.validate_python(data, self_instance=self)
pydantic_core._pydantic_core.ValidationError: 1 validation error for SendMessage
text
  Input should be a valid string [type=string_type, input_value=<coroutine object Telegra...t at 0x000002DB1A771C60>, input_type=coroutine]
    For further information visit https://errors.pydantic.dev/2.12/v/string_type
2026-03-19 22:51:48,617 [INFO] aiogram.event: Update id=961905563 is handled. Duration 273 ms by bot id=8749354405
2026-03-19 22:52:37,573 [INFO] aiogram.event: Update id=961905564 is not handled. Duration 1 ms by bot id=8749354405
2026-03-19 22:52:37,574 [ERROR] aiogram.event: Cause exception while process update id=961905564 by bot id=8749354405
ValidationError: 1 validation error for SendMessage
text
  Input should be a valid string [type=string_type, input_value=<coroutine object Telegra...t at 0x000002DB1A771DF0>, input_type=coroutine]
    For further information visit https://errors.pydantic.dev/2.12/v/string_type
Traceback (most recent call last):
  File "C:\Users\89118\AppData\Roaming\Python\Python314\site-packages\aiogram\dispatcher\dispatcher.py", line 320, in _process_update
    response = await self.feed_update(bot, update, **kwargs)
               ^^^^^^^^^^^^^^^^^^^^^^^^^^^^^^^^^^^^^^^^^^^^^
  File "C:\Users\89118\AppData\Roaming\Python\Python314\site-packages\aiogram\dispatcher\dispatcher.py", line 164, in feed_update
    response = await self.update.wrap_outer_middleware(
               ^^^^^^^^^^^^^^^^^^^^^^^^^^^^^^^^^^^^^^^^
    ...<7 lines>...
    )
    ^
  File "C:\Users\89118\AppData\Roaming\Python\Python314\site-packages\aiogram\dispatcher\middlewares\error.py", line 27, in __call__
    return await handler(event, data)
           ^^^^^^^^^^^^^^^^^^^^^^^^^^
  File "C:\Users\89118\AppData\Roaming\Python\Python314\site-packages\aiogram\dispatcher\middlewares\user_context.py", line 58, in __call__
    return await handler(event, data)
           ^^^^^^^^^^^^^^^^^^^^^^^^^^
  File "C:\Users\89118\AppData\Roaming\Python\Python314\site-packages\aiogram\fsm\middleware.py", line 43, in __call__
    return await handler(event, data)
           ^^^^^^^^^^^^^^^^^^^^^^^^^^
  File "C:\Users\89118\AppData\Roaming\Python\Python314\site-packages\aiogram\dispatcher\event\telegram.py", line 126, in trigger
    return await wrapped_inner(event, kwargs)
           ^^^^^^^^^^^^^^^^^^^^^^^^^^^^^^^^^^
  File "C:\Users\89118\AppData\Roaming\Python\Python314\site-packages\aiogram\dispatcher\event\handler.py", line 71, in call
    return await wrapped()
           ^^^^^^^^^^^^^^^
  File "C:\Users\89118\AppData\Roaming\Python\Python314\site-packages\aiogram\dispatcher\dispatcher.py", line 283, in _listen_update
    return await self.propagate_event(update_type=update_type, event=event, **kwargs)
           ^^^^^^^^^^^^^^^^^^^^^^^^^^^^^^^^^^^^^^^^^^^^^^^^^^^^^^^^^^^^^^^^^^^^^^^^^^
  File "C:\Users\89118\AppData\Roaming\Python\Python314\site-packages\aiogram\dispatcher\router.py", line 161, in propagate_event
    return await observer.wrap_outer_middleware(_wrapped, event=event, data=kwargs)
           ^^^^^^^^^^^^^^^^^^^^^^^^^^^^^^^^^^^^^^^^^^^^^^^^^^^^^^^^^^^^^^^^^^^^^^^^
  File "C:\Users\89118\AppData\Roaming\Python\Python314\site-packages\aiogram\dispatcher\router.py", line 153, in _wrapped
    return await self._propagate_event(
           ^^^^^^^^^^^^^^^^^^^^^^^^^^^^
    ...<4 lines>...
    )
    ^
  File "C:\Users\89118\AppData\Roaming\Python\Python314\site-packages\aiogram\dispatcher\router.py", line 189, in _propagate_event
    response = await router.propagate_event(update_type=update_type, event=event, **kwargs)
               ^^^^^^^^^^^^^^^^^^^^^^^^^^^^^^^^^^^^^^^^^^^^^^^^^^^^^^^^^^^^^^^^^^^^^^^^^^^^
  File "C:\Users\89118\AppData\Roaming\Python\Python314\site-packages\aiogram\dispatcher\router.py", line 161, in propagate_event
    return await observer.wrap_outer_middleware(_wrapped, event=event, data=kwargs)
           ^^^^^^^^^^^^^^^^^^^^^^^^^^^^^^^^^^^^^^^^^^^^^^^^^^^^^^^^^^^^^^^^^^^^^^^^
  File "C:\Users\89118\AppData\Roaming\Python\Python314\site-packages\aiogram\dispatcher\router.py", line 153, in _wrapped
    return await self._propagate_event(
           ^^^^^^^^^^^^^^^^^^^^^^^^^^^^
    ...<4 lines>...
    )
    ^
  File "C:\Users\89118\AppData\Roaming\Python\Python314\site-packages\aiogram\dispatcher\router.py", line 181, in _propagate_event
    response = await observer.trigger(event, **kwargs)
               ^^^^^^^^^^^^^^^^^^^^^^^^^^^^^^^^^^^^^^^
  File "C:\Users\89118\AppData\Roaming\Python\Python314\site-packages\aiogram\dispatcher\event\telegram.py", line 126, in trigger
    return await wrapped_inner(event, kwargs)
           ^^^^^^^^^^^^^^^^^^^^^^^^^^^^^^^^^^
  File "C:\Users\89118\AppData\Roaming\Python\Python314\site-packages\aiogram\dispatcher\event\handler.py", line 71, in call
    return await wrapped()
           ^^^^^^^^^^^^^^^
  File "D:\bot_final\telegram\bot.py", line 148, in signals_handler
    await message.answer(await self._build_signals_text(), parse_mode="Markdown")
          ^^^^^^^^^^^^^^^^^^^^^^^^^^^^^^^^^^^^^^^^^^^^^^^^^^^^^^^^^^^^^^^^^
  File "C:\Users\89118\AppData\Roaming\Python\Python314\site-packages\aiogram\types\message.py", line 2256, in answer
    return SendMessage(
           ~~~~~~~~~~~^
        chat_id=self.chat.id,
        ^^^^^^^^^^^^^^^^^^^^^
    ...<17 lines>...
        **kwargs,
        ^^^^^^^^^
    ).as_(self._bot)
    ^
  File "C:\Users\89118\AppData\Roaming\Python\Python314\site-packages\pydantic\main.py", line 250, in __init__
    validated_self = self.__pydantic_validator__.validate_python(data, self_instance=self)
pydantic_core._pydantic_core.ValidationError: 1 validation error for SendMessage
text
  Input should be a valid string [type=string_type, input_value=<coroutine object Telegra...t at 0x000002DB1A771DF0>, input_type=coroutine]
    For further information visit https://errors.pydantic.dev/2.12/v/string_type
2026-03-19 22:54:15,832 [INFO] __main__: Initialising components...
2026-03-19 22:54:15,841 [INFO] database.db: DB connected (WAL): data\signals.db
2026-03-19 22:54:15,841 [INFO] __main__: DB connected
2026-03-19 22:54:15,841 [INFO] __main__: Binance client created
2026-03-19 22:54:15,841 [INFO] __main__: WebSocket client created
2026-03-19 22:54:16,167 [INFO] aiogram.dispatcher: Start polling
2026-03-19 22:54:17,133 [INFO] aiogram.dispatcher: Run polling for bot @Akoffice_bot id=8749354405 - 'Akoffice bot'
2026-03-19 22:54:17,264 [INFO] telegram.bot: ✓ Telegram notifier started
2026-03-19 22:54:17,274 [INFO] __main__: Telegram notifier started
2026-03-19 22:54:17,274 [INFO] __main__: All components ready
2026-03-19 22:54:17,279 [INFO] apscheduler.scheduler: Adding job tentatively -- it will be properly scheduled when the scheduler starts
2026-03-19 22:54:17,281 [INFO] apscheduler.scheduler: Added job "analysis_cycle" to job store "default"
2026-03-19 22:54:17,281 [INFO] apscheduler.scheduler: Scheduler started
2026-03-19 22:54:17,281 [INFO] __main__: Bot running. Ctrl+C to stop.
2026-03-19 22:54:17,281 [INFO] __main__: ── Analysis cycle start ──────────────────
2026-03-19 22:54:17,362 [INFO] __main__: Starting API server on port 8001...
2026-03-19 22:54:17,930 [INFO] __main__: API server starting on port 8001...
2026-03-19 22:54:19,282 [INFO] data.orderflow_ws: ✓ WS connected: wss://stream.binancefuture.com/ws/btcusdt@aggTrade
2026-03-19 22:54:20,103 [INFO] engine.pipeline: MarketContext(trending, vol=low, adx=32.2, trend=LONG, atr=0.36%, session=None, tradeable=False)
2026-03-19 22:54:20,103 [INFO] engine.pipeline: Not tradeable: trending, vol=low, session=None
2026-03-19 23:00:03,008 [INFO] apscheduler.executors.default: Running job "analysis_cycle (trigger: cron[minute='*/15', second='3'], next run at: 2026-03-19 23:15:03 MSK)" (scheduled at 2026-03-19 23:00:03+03:00)
2026-03-19 23:00:03,008 [INFO] __main__: ── Analysis cycle start ──────────────────
2026-03-19 23:00:04,626 [INFO] engine.pipeline: MarketContext(trending, vol=low, adx=32.2, trend=LONG, atr=0.36%, session=None, tradeable=False)
2026-03-19 23:00:04,626 [INFO] engine.pipeline: Not tradeable: trending, vol=low, session=None
2026-03-19 23:00:04,626 [INFO] apscheduler.executors.default: Job "analysis_cycle (trigger: cron[minute='*/15', second='3'], next run at: 2026-03-19 23:15:03 MSK)" executed successfully
2026-03-19 23:02:40,414 [INFO] aiogram.event: Update id=961905565 is handled. Duration 269 ms by bot id=8749354405
2026-03-19 23:02:43,973 [INFO] aiogram.event: Update id=961905566 is handled. Duration 278 ms by bot id=8749354405
2026-03-19 23:02:46,421 [INFO] database.db: DB connected (WAL): data\signals.db
2026-03-19 23:02:46,700 [INFO] aiogram.event: Update id=961905567 is handled. Duration 290 ms by bot id=8749354405
2026-03-19 23:02:49,909 [INFO] database.db: DB connected (WAL): data\signals.db
2026-03-19 23:02:50,184 [INFO] aiogram.event: Update id=961905568 is handled. Duration 282 ms by bot id=8749354405
2026-03-19 23:02:52,823 [INFO] database.db: DB connected (WAL): data\signals.db
2026-03-19 23:02:53,097 [INFO] aiogram.event: Update id=961905569 is handled. Duration 282 ms by bot id=8749354405
2026-03-20 09:01:33,567 [INFO] __main__: Initialising components...
2026-03-20 09:01:33,582 [INFO] database.db: DB connected (WAL): data\signals.db
2026-03-20 09:01:33,583 [INFO] __main__: DB connected
2026-03-20 09:01:33,583 [INFO] __main__: Binance client created
2026-03-20 09:01:33,583 [INFO] __main__: WebSocket client created
2026-03-20 09:01:33,946 [INFO] aiogram.dispatcher: Start polling
2026-03-20 09:01:34,932 [INFO] aiogram.dispatcher: Run polling for bot @Akoffice_bot id=8749354405 - 'Akoffice bot'
2026-03-20 09:01:35,081 [INFO] telegram.bot: ✓ Telegram notifier started
2026-03-20 09:01:35,097 [INFO] __main__: Telegram notifier started
2026-03-20 09:01:35,097 [INFO] __main__: All components ready
2026-03-20 09:01:35,109 [INFO] apscheduler.scheduler: Adding job tentatively -- it will be properly scheduled when the scheduler starts
2026-03-20 09:01:35,111 [INFO] apscheduler.scheduler: Added job "analysis_cycle" to job store "default"
2026-03-20 09:01:35,111 [INFO] apscheduler.scheduler: Scheduler started
2026-03-20 09:01:35,112 [INFO] __main__: Bot running. Ctrl+C to stop.
2026-03-20 09:01:35,112 [INFO] __main__: ── Analysis cycle start ──────────────────
2026-03-20 09:01:35,212 [INFO] __main__: Starting API server on port 8001...
2026-03-20 09:01:35,950 [INFO] __main__: API server starting on port 8001...
2026-03-20 09:01:36,055 [INFO] aiogram.event: Update id=961905570 is not handled. Duration 0 ms by bot id=8749354405
2026-03-20 09:01:37,385 [INFO] data.orderflow_ws: ✓ WS connected: wss://stream.binancefuture.com/ws/btcusdt@aggTrade
2026-03-20 09:01:37,875 [INFO] engine.pipeline: MarketContext(trending, vol=low, adx=31.5, trend=LONG, atr=0.22%, session=asian, tradeable=False)
2026-03-20 09:01:37,875 [INFO] engine.pipeline: Not tradeable: trending, vol=low, session=asian
2026-03-20 09:09:53,311 [INFO] __main__: Initialising components...
2026-03-20 09:09:53,319 [INFO] database.db: DB connected (WAL): data\signals.db
2026-03-20 09:09:53,320 [INFO] __main__: DB connected
2026-03-20 09:09:53,320 [INFO] __main__: Binance client created
2026-03-20 09:09:53,320 [INFO] __main__: WebSocket client created
2026-03-20 09:09:53,691 [INFO] aiogram.dispatcher: Start polling
2026-03-20 09:09:54,672 [INFO] telegram.bot: ✓ Telegram notifier started
2026-03-20 09:09:54,682 [INFO] __main__: Telegram notifier started
2026-03-20 09:09:54,682 [INFO] __main__: All components ready
2026-03-20 09:09:54,688 [INFO] apscheduler.scheduler: Adding job tentatively -- it will be properly scheduled when the scheduler starts
2026-03-20 09:09:54,689 [INFO] apscheduler.scheduler: Added job "analysis_cycle" to job store "default"
2026-03-20 09:09:54,689 [INFO] apscheduler.scheduler: Scheduler started
2026-03-20 09:09:54,690 [INFO] __main__: Bot running. Ctrl+C to stop.
2026-03-20 09:09:54,690 [INFO] __main__: ── Analysis cycle start ──────────────────
2026-03-20 09:09:54,762 [INFO] __main__: Starting API server on port 8001...
2026-03-20 09:09:55,222 [INFO] __main__: API server starting on port 8001...
2026-03-20 09:09:55,276 [INFO] aiogram.dispatcher: Run polling for bot @Akoffice_bot id=8749354405 - 'Akoffice bot'
2026-03-20 09:09:56,536 [INFO] data.orderflow_ws: ✓ WS connected: wss://stream.binancefuture.com/ws/btcusdt@aggTrade
2026-03-20 09:09:56,651 [INFO] engine.pipeline: MarketContext(trending, vol=low, adx=31.4, trend=LONG, atr=0.23%, session=asian, tradeable=False)
2026-03-20 09:09:56,652 [INFO] engine.pipeline: Not tradeable: trending, vol=low, session=asian
2026-03-20 09:10:57,822 [INFO] __main__: Initialising components...
2026-03-20 09:10:57,829 [INFO] database.db: DB connected (WAL): data\signals.db
2026-03-20 09:10:57,830 [INFO] __main__: DB connected
2026-03-20 09:10:57,830 [INFO] __main__: Binance client created
2026-03-20 09:10:57,830 [INFO] __main__: WebSocket client created
2026-03-20 09:10:58,166 [INFO] aiogram.dispatcher: Start polling
2026-03-20 09:10:59,002 [INFO] aiogram.dispatcher: Run polling for bot @Akoffice_bot id=8749354405 - 'Akoffice bot'
2026-03-20 09:10:59,103 [INFO] telegram.bot: ✓ Telegram notifier started
2026-03-20 09:10:59,104 [INFO] __main__: Telegram notifier started
2026-03-20 09:10:59,104 [INFO] __main__: All components ready
2026-03-20 09:10:59,113 [INFO] apscheduler.scheduler: Adding job tentatively -- it will be properly scheduled when the scheduler starts
2026-03-20 09:10:59,115 [INFO] apscheduler.scheduler: Added job "analysis_cycle" to job store "default"
2026-03-20 09:10:59,116 [INFO] apscheduler.scheduler: Scheduler started
2026-03-20 09:10:59,116 [INFO] __main__: Bot running. Ctrl+C to stop.
2026-03-20 09:10:59,117 [INFO] __main__: ── Analysis cycle start ──────────────────
2026-03-20 09:10:59,186 [INFO] __main__: Starting API server on port 8001...
2026-03-20 09:10:59,255 [ERROR] aiogram.dispatcher: Failed to fetch updates - TelegramConflictError: Telegram server says - Conflict: terminated by other getUpdates request; make sure that only one bot instance is running
2026-03-20 09:10:59,256 [WARNING] aiogram.dispatcher: Sleep for 1.000000 seconds and try again... (tryings = 0, bot id = 8749354405)
2026-03-20 09:10:59,654 [INFO] __main__: API server starting on port 8001...
2026-03-20 09:10:59,754 [INFO] __main__: API server stopped
2026-03-20 09:10:59,759 [INFO] aiogram.dispatcher: Polling stopped for bot @Akoffice_bot id=8749354405 - 'Akoffice bot'
2026-03-20 09:10:59,759 [INFO] aiogram.dispatcher: Polling stopped
2026-03-20 09:11:10,510 [INFO] aiogram.dispatcher: Connection established (tryings = 1, bot id = 8749354405)
2026-03-20 09:11:35,118 [INFO] aiogram.event: Update id=961905571 is handled. Duration 286 ms by bot id=8749354405
2026-03-20 09:12:11,774 [INFO] aiogram.event: Update id=961905572 is handled. Duration 288 ms by bot id=8749354405
2026-03-20 09:12:20,520 [INFO] database.db: DB connected (WAL): data\signals.db
2026-03-20 09:12:20,801 [INFO] aiogram.event: Update id=961905573 is handled. Duration 289 ms by bot id=8749354405
2026-03-20 09:12:24,132 [INFO] aiogram.event: Update id=961905574 is handled. Duration 287 ms by bot id=8749354405
2026-03-20 09:12:28,124 [INFO] database.db: DB connected (WAL): data\signals.db
2026-03-20 09:12:28,419 [INFO] aiogram.event: Update id=961905575 is handled. Duration 302 ms by bot id=8749354405
2026-03-20 09:14:24,715 [ERROR] asyncio: Task exception was never retrieved
future: <Task finished name='Task-9' coro=<_start_api() done, defined at D:\bot_final\main.py:200> exception=SystemExit(1)>
Traceback (most recent call last):
  File "C:\Users\89118\AppData\Roaming\Python\Python314\site-packages\uvicorn\server.py", line 172, in startup
  File "C:\Python314\Lib\asyncio\base_events.py", line 1627, in create_server
OSError: [Errno 10048] error while attempting to bind on address ('0.0.0.0', 8001): [winerror 10048] обычно разрешается только одно использование адреса сокета (протокол/сетевой адрес/порт)

During handling of the above exception, another exception occurred:

Traceback (most recent call last):
  File "D:\bot_final\main.py", line 226, in <module>
  File "C:\Python314\Lib\asyncio\runners.py", line 204, in run
  File "C:\Python314\Lib\asyncio\runners.py", line 127, in run
  File "C:\Python314\Lib\asyncio\base_events.py", line 706, in run_until_complete
  File "C:\Python314\Lib\asyncio\base_events.py", line 677, in run_forever
  File "C:\Python314\Lib\asyncio\base_events.py", line 2046, in _run_once
  File "C:\Python314\Lib\asyncio\events.py", line 94, in _run
  File "D:\bot_final\main.py", line 213, in _start_api
  File "C:\Users\89118\AppData\Roaming\Python\Python314\site-packages\uvicorn\server.py", line 79, in serve
  File "C:\Users\89118\AppData\Roaming\Python\Python314\site-packages\uvicorn\server.py", line 94, in _serve
  File "C:\Users\89118\AppData\Roaming\Python\Python314\site-packages\uvicorn\server.py", line 182, in startup
SystemExit: 1
2026-03-20 09:14:24,722 [ERROR] asyncio: Unclosed client session
client_session: <aiohttp.client.ClientSession object at 0x000002364CAFEE40>
2026-03-20 09:19:34,323 [INFO] __main__: Initialising components...
2026-03-20 09:19:34,332 [INFO] database.db: DB connected (WAL): data\signals.db
2026-03-20 09:19:34,332 [INFO] __main__: DB connected
2026-03-20 09:19:34,332 [INFO] __main__: Binance client created
2026-03-20 09:19:34,332 [INFO] __main__: WebSocket client created
2026-03-20 09:19:34,714 [INFO] aiogram.dispatcher: Start polling
2026-03-20 09:19:35,820 [INFO] aiogram.dispatcher: Run polling for bot @Akoffice_bot id=8749354405 - 'Akoffice bot'
2026-03-20 09:20:34,861 [INFO] aiogram.dispatcher: Polling stopped
2026-03-20 09:20:34,862 [INFO] aiogram.dispatcher: Polling stopped for bot @Akoffice_bot id=8749354405 - 'Akoffice bot'
2026-03-20 09:21:30,097 [INFO] __main__: Initialising components...
2026-03-20 09:21:30,105 [INFO] database.db: DB connected (WAL): data\signals.db
2026-03-20 09:21:30,105 [INFO] __main__: DB connected
2026-03-20 09:21:30,106 [INFO] __main__: Binance client created
2026-03-20 09:21:30,106 [INFO] __main__: WebSocket client created
2026-03-20 09:21:30,413 [INFO] aiogram.dispatcher: Start polling
2026-03-20 09:21:31,256 [INFO] aiogram.dispatcher: Run polling for bot @Akoffice_bot id=8749354405 - 'Akoffice bot'
2026-03-20 09:21:31,268 [INFO] telegram.bot: ✓ Telegram notifier started
2026-03-20 09:21:31,268 [INFO] __main__: Telegram notifier started
2026-03-20 09:21:31,268 [INFO] __main__: All components ready
2026-03-20 09:21:31,273 [INFO] apscheduler.scheduler: Adding job tentatively -- it will be properly scheduled when the scheduler starts
2026-03-20 09:21:31,275 [INFO] apscheduler.scheduler: Added job "analysis_cycle" to job store "default"
2026-03-20 09:21:31,275 [INFO] apscheduler.scheduler: Scheduler started
2026-03-20 09:21:31,276 [INFO] __main__: Bot running. Ctrl+C to stop.
2026-03-20 09:21:31,276 [INFO] __main__: ── Analysis cycle start ──────────────────
2026-03-20 09:21:31,349 [INFO] __main__: Starting API server on port 8001...
2026-03-20 09:21:31,771 [INFO] __main__: API server starting on port 8001...
2026-03-20 09:21:33,162 [INFO] data.orderflow_ws: ✓ WS connected: wss://stream.binancefuture.com/ws/btcusdt@aggTrade
2026-03-20 09:21:33,200 [INFO] engine.pipeline: MarketContext(trending, vol=low, adx=30.5, trend=LONG, atr=0.21%, session=asian, tradeable=False)
2026-03-20 09:21:33,200 [INFO] engine.pipeline: Not tradeable: trending, vol=low, session=asian
2026-03-20 09:21:58,677 [INFO] aiogram.event: Update id=961905576 is handled. Duration 334 ms by bot id=8749354405
2026-03-20 09:25:41,492 [INFO] __main__: API server stopped
2026-03-20 09:25:41,492 [INFO] __main__: Shutting down ()...
2026-03-20 09:25:41,493 [INFO] apscheduler.scheduler: Scheduler has been shut down
2026-03-20 09:25:46,724 [INFO] aiogram.dispatcher: Polling stopped for bot @Akoffice_bot id=8749354405 - 'Akoffice bot'
2026-03-20 09:25:46,725 [INFO] aiogram.dispatcher: Polling stopped
2026-03-20 09:28:18,757 [INFO] __main__: Initialising components...
2026-03-20 09:28:18,766 [INFO] database.db: DB connected (WAL): data\signals.db
2026-03-20 09:28:18,766 [INFO] __main__: DB connected
2026-03-20 09:28:18,767 [INFO] __main__: Binance client created
2026-03-20 09:28:18,767 [INFO] __main__: WebSocket client created
2026-03-20 09:28:19,111 [INFO] aiogram.dispatcher: Start polling
2026-03-20 09:28:20,086 [INFO] aiogram.dispatcher: Run polling for bot @Akoffice_bot id=8749354405 - 'Akoffice bot'
2026-03-20 09:28:20,205 [INFO] telegram.bot: ✓ Telegram notifier started
2026-03-20 09:28:20,206 [INFO] __main__: Telegram notifier started
2026-03-20 09:28:20,206 [INFO] __main__: All components ready
2026-03-20 09:28:20,214 [INFO] apscheduler.scheduler: Adding job tentatively -- it will be properly scheduled when the scheduler starts
2026-03-20 09:28:20,216 [INFO] apscheduler.scheduler: Added job "analysis_cycle" to job store "default"
2026-03-20 09:28:20,216 [INFO] apscheduler.scheduler: Scheduler started
2026-03-20 09:28:20,217 [INFO] __main__: Bot running. Ctrl+C to stop.
2026-03-20 09:28:20,217 [INFO] __main__: ── Analysis cycle start ──────────────────
2026-03-20 09:28:20,295 [INFO] __main__: Starting API server on port 8001...
2026-03-20 09:28:20,774 [INFO] __main__: API server starting on port 8001...
2026-03-20 09:28:22,187 [INFO] data.orderflow_ws: ✓ WS connected: wss://stream.binancefuture.com/ws/btcusdt@aggTrade
2026-03-20 09:28:23,022 [INFO] engine.pipeline: MarketContext(trending, vol=low, adx=30.3, trend=LONG, atr=0.21%, session=asian, tradeable=False)
2026-03-20 09:28:23,023 [INFO] engine.pipeline: Not tradeable: trending, vol=low, session=asian
2026-03-20 09:28:31,955 [INFO] aiogram.event: Update id=961905577 is handled. Duration 285 ms by bot id=8749354405
2026-03-20 09:29:42,590 [INFO] web.routes.backtest_api: Starting backtest...
2026-03-20 09:29:50,733 [ERROR] web.routes.backtest_api: Backtest error: Binance request failed: 451, message='', url='https://fapi.binance.com/fapi/v1/klines?symbol=BTCUSDT&interval=15m&limit=200'
Traceback (most recent call last):
  File "D:\bot_final\data\binance_client.py", line 76, in _get
    r.raise_for_status()
    ~~~~~~~~~~~~~~~~~~^^
  File "C:\Users\89118\AppData\Roaming\Python\Python314\site-packages\aiohttp\client_reqrep.py", line 636, in raise_for_status
    raise ClientResponseError(
    ...<5 lines>...
    )
aiohttp.client_exceptions.ClientResponseError: 451, message='', url='https://fapi.binance.com/fapi/v1/klines?symbol=BTCUSDT&interval=15m&limit=200'

The above exception was the direct cause of the following exception:

Traceback (most recent call last):
  File "D:\bot_final\web\routes\backtest_api.py", line 30, in _run_backtest_task
    candles = await load_candles(client, "BTCUSDT", ["15m"])
              ^^^^^^^^^^^^^^^^^^^^^^^^^^^^^^^^^^^^^^^^^^^^^^
  File "D:\bot_final\engine\candle_loader.py", line 53, in load_candles
    results = await asyncio.gather(*[fetch_one(tf) for tf in timeframes])
              ^^^^^^^^^^^^^^^^^^^^^^^^^^^^^^^^^^^^^^^^^^^^^^^^^^^^^^^^^^^
  File "D:\bot_final\engine\candle_loader.py", line 50, in fetch_one
    raw   = await client.get_klines(symbol, tf, limit=limit)
            ^^^^^^^^^^^^^^^^^^^^^^^^^^^^^^^^^^^^^^^^^^^^^^^^
  File "D:\bot_final\data\binance_client.py", line 89, in get_klines
    return await self._get(
           ^^^^^^^^^^^^^^^^
    ...<3 lines>...
    )
    ^
  File "D:\bot_final\data\binance_client.py", line 82, in _get
    raise RuntimeError(f"Binance request failed: {e}") from e
RuntimeError: Binance request failed: 451, message='', url='https://fapi.binance.com/fapi/v1/klines?symbol=BTCUSDT&interval=15m&limit=200'
2026-03-20 09:29:50,751 [ERROR] asyncio: Unclosed client session
client_session: <aiohttp.client.ClientSession object at 0x000001F80C8D96A0>
2026-03-20 09:29:50,752 [ERROR] asyncio: Unclosed connector
connections: ['deque([(<aiohttp.client_proto.ResponseHandler object at 0x000001F80C8D9E80>, 42165.5150426)])']
connector: <aiohttp.connector.TCPConnector object at 0x000001F80C960410>
2026-03-20 09:30:03,002 [INFO] apscheduler.executors.default: Running job "analysis_cycle (trigger: cron[minute='*/15', second='3'], next run at: 2026-03-20 09:45:03 MSK)" (scheduled at 2026-03-20 09:30:03+03:00)
2026-03-20 09:30:03,002 [INFO] __main__: ── Analysis cycle start ──────────────────
2026-03-20 09:30:05,307 [INFO] engine.pipeline: MarketContext(trending, vol=low, adx=30.2, trend=LONG, atr=0.21%, session=asian, tradeable=False)
2026-03-20 09:30:05,308 [INFO] engine.pipeline: Not tradeable: trending, vol=low, session=asian
2026-03-20 09:30:05,308 [INFO] apscheduler.executors.default: Job "analysis_cycle (trigger: cron[minute='*/15', second='3'], next run at: 2026-03-20 09:45:03 MSK)" executed successfully
2026-03-20 09:30:20,765 [ERROR] asyncio: Future exception was never retrieved
future: <Future finished exception=ClientConnectionError('Connection lost: SSL shutdown timed out')>
TimeoutError: SSL shutdown timed out

The above exception was the direct cause of the following exception:

aiohttp.client_exceptions.ClientConnectionError: Connection lost: SSL shutdown timed out
2026-03-20 09:34:30,996 [INFO] __main__: API server stopped
2026-03-20 09:34:30,997 [INFO] __main__: Shutting down ()...
2026-03-20 09:34:30,998 [INFO] apscheduler.scheduler: Scheduler has been shut down
2026-03-20 09:34:37,500 [INFO] aiogram.dispatcher: Polling stopped for bot @Akoffice_bot id=8749354405 - 'Akoffice bot'
2026-03-20 09:34:37,501 [INFO] aiogram.dispatcher: Polling stopped
2026-03-20 09:34:59,380 [INFO] __main__: Initialising components...
2026-03-20 09:34:59,389 [INFO] database.db: DB connected (WAL): data\signals.db
2026-03-20 09:34:59,389 [INFO] __main__: DB connected
2026-03-20 09:34:59,390 [INFO] __main__: Binance client created
2026-03-20 09:34:59,390 [INFO] __main__: WebSocket client created
2026-03-20 09:34:59,703 [INFO] aiogram.dispatcher: Start polling
2026-03-20 09:35:00,678 [INFO] aiogram.dispatcher: Run polling for bot @Akoffice_bot id=8749354405 - 'Akoffice bot'
2026-03-20 09:35:00,814 [INFO] telegram.bot: ✓ Telegram notifier started
2026-03-20 09:35:00,815 [INFO] __main__: Telegram notifier started
2026-03-20 09:35:00,815 [INFO] __main__: All components ready
2026-03-20 09:35:00,826 [INFO] apscheduler.scheduler: Adding job tentatively -- it will be properly scheduled when the scheduler starts
2026-03-20 09:35:00,829 [INFO] apscheduler.scheduler: Added job "analysis_cycle" to job store "default"
2026-03-20 09:35:00,829 [INFO] apscheduler.scheduler: Scheduler started
2026-03-20 09:35:00,830 [INFO] __main__: Bot running. Ctrl+C to stop.
2026-03-20 09:35:00,831 [INFO] __main__: ── Analysis cycle start ──────────────────
2026-03-20 09:35:00,904 [INFO] __main__: Starting API server on port 8001...
2026-03-20 09:35:01,332 [INFO] __main__: API server starting on port 8001...
2026-03-20 09:35:02,555 [INFO] engine.pipeline: MarketContext(trending, vol=low, adx=27.1, trend=LONG, atr=0.20%, session=asian, tradeable=False)
2026-03-20 09:35:02,555 [INFO] engine.pipeline: Not tradeable: trending, vol=low, session=asian
2026-03-20 09:35:02,646 [INFO] data.orderflow_ws: ✓ WS connected: wss://stream.binancefuture.com/ws/btcusdt@aggTrade
2026-03-20 09:45:03,002 [INFO] apscheduler.executors.default: Running job "analysis_cycle (trigger: cron[minute='*/15', second='3'], next run at: 2026-03-20 10:00:03 MSK)" (scheduled at 2026-03-20 09:45:03+03:00)
2026-03-20 09:45:03,003 [INFO] __main__: ── Analysis cycle start ──────────────────
2026-03-20 09:45:04,839 [INFO] engine.pipeline: MarketContext(trending, vol=low, adx=27.2, trend=SHORT, atr=0.21%, session=asian, tradeable=False)
2026-03-20 09:45:04,839 [INFO] engine.pipeline: Not tradeable: trending, vol=low, session=asian
2026-03-20 09:45:04,839 [INFO] apscheduler.executors.default: Job "analysis_cycle (trigger: cron[minute='*/15', second='3'], next run at: 2026-03-20 10:00:03 MSK)" executed successfully
2026-03-20 10:00:03,016 [INFO] apscheduler.executors.default: Running job "analysis_cycle (trigger: cron[minute='*/15', second='3'], next run at: 2026-03-20 10:15:03 MSK)" (scheduled at 2026-03-20 10:00:03+03:00)
2026-03-20 10:00:03,017 [INFO] __main__: ── Analysis cycle start ──────────────────
2026-03-20 10:00:05,221 [INFO] engine.pipeline: MarketContext(dead_zone, vol=low, adx=24.3, trend=SHORT, atr=0.20%, session=london, tradeable=False)
2026-03-20 10:00:05,222 [INFO] engine.pipeline: Not tradeable: dead_zone, vol=low, session=london
2026-03-20 10:00:05,222 [INFO] apscheduler.executors.default: Job "analysis_cycle (trigger: cron[minute='*/15', second='3'], next run at: 2026-03-20 10:15:03 MSK)" executed successfully
2026-03-20 10:09:25,798 [INFO] web.routes.backtest_api: Starting backtest...
2026-03-20 10:09:34,358 [ERROR] web.routes.backtest_api: Backtest error: Binance request failed: 451, message='', url='https://fapi.binance.com/fapi/v1/klines?symbol=BTCUSDT&interval=15m&limit=200'
Traceback (most recent call last):
  File "D:\bot_final\data\binance_client.py", line 76, in _get
    r.raise_for_status()
    ~~~~~~~~~~~~~~~~~~^^
  File "C:\Users\89118\AppData\Roaming\Python\Python314\site-packages\aiohttp\client_reqrep.py", line 636, in raise_for_status
    raise ClientResponseError(
    ...<5 lines>...
    )
aiohttp.client_exceptions.ClientResponseError: 451, message='', url='https://fapi.binance.com/fapi/v1/klines?symbol=BTCUSDT&interval=15m&limit=200'

The above exception was the direct cause of the following exception:

Traceback (most recent call last):
  File "D:\bot_final\web\routes\backtest_api.py", line 30, in _run_backtest_task
    candles = await load_candles(client, "BTCUSDT", ["15m"])
              ^^^^^^^^^^^^^^^^^^^^^^^^^^^^^^^^^^^^^^^^^^^^^^
  File "D:\bot_final\engine\candle_loader.py", line 53, in load_candles
    results = await asyncio.gather(*[fetch_one(tf) for tf in timeframes])
              ^^^^^^^^^^^^^^^^^^^^^^^^^^^^^^^^^^^^^^^^^^^^^^^^^^^^^^^^^^^
  File "D:\bot_final\engine\candle_loader.py", line 50, in fetch_one
    raw   = await client.get_klines(symbol, tf, limit=limit)
            ^^^^^^^^^^^^^^^^^^^^^^^^^^^^^^^^^^^^^^^^^^^^^^^^
  File "D:\bot_final\data\binance_client.py", line 89, in get_klines
    return await self._get(
           ^^^^^^^^^^^^^^^^
    ...<3 lines>...
    )
    ^
  File "D:\bot_final\data\binance_client.py", line 82, in _get
    raise RuntimeError(f"Binance request failed: {e}") from e
RuntimeError: Binance request failed: 451, message='', url='https://fapi.binance.com/fapi/v1/klines?symbol=BTCUSDT&interval=15m&limit=200'
2026-03-20 10:09:34,397 [ERROR] asyncio: Unclosed client session
client_session: <aiohttp.client.ClientSession object at 0x000002D9F0149FD0>
2026-03-20 10:09:34,399 [ERROR] asyncio: Unclosed connector
connections: ['deque([(<aiohttp.client_proto.ResponseHandler object at 0x000002D9F01D9910>, 44549.1397671)])']
connector: <aiohttp.connector.TCPConnector object at 0x000002D9F01E5590>
2026-03-20 10:10:04,409 [ERROR] asyncio: Future exception was never retrieved
future: <Future finished exception=ClientConnectionError('Connection lost: SSL shutdown timed out')>
TimeoutError: SSL shutdown timed out

The above exception was the direct cause of the following exception:

aiohttp.client_exceptions.ClientConnectionError: Connection lost: SSL shutdown timed out
2026-03-20 10:12:00,397 [INFO] web.routes.backtest_api: Starting backtest...
2026-03-20 10:12:08,783 [ERROR] web.routes.backtest_api: Backtest error: Binance request failed: 451, message='', url='https://fapi.binance.com/fapi/v1/klines?symbol=BTCUSDT&interval=15m&limit=200'
Traceback (most recent call last):
  File "D:\bot_final\data\binance_client.py", line 76, in _get
    r.raise_for_status()
    ~~~~~~~~~~~~~~~~~~^^
  File "C:\Users\89118\AppData\Roaming\Python\Python314\site-packages\aiohttp\client_reqrep.py", line 636, in raise_for_status
    raise ClientResponseError(
    ...<5 lines>...
    )
aiohttp.client_exceptions.ClientResponseError: 451, message='', url='https://fapi.binance.com/fapi/v1/klines?symbol=BTCUSDT&interval=15m&limit=200'

The above exception was the direct cause of the following exception:

Traceback (most recent call last):
  File "D:\bot_final\web\routes\backtest_api.py", line 30, in _run_backtest_task
    base_url = "https://testnet.binancefuture.com" if settings.testnet else "https://fapi.binance.com"
              ^^^^^^^^^^^^^^^^^^^^^^^^^^^^^^^^^^^^^^^^^^^^^^
  File "D:\bot_final\engine\candle_loader.py", line 53, in load_candles
    results = await asyncio.gather(*[fetch_one(tf) for tf in timeframes])
              ^^^^^^^^^^^^^^^^^^^^^^^^^^^^^^^^^^^^^^^^^^^^^^^^^^^^^^^^^^^
  File "D:\bot_final\engine\candle_loader.py", line 50, in fetch_one
    raw   = await client.get_klines(symbol, tf, limit=limit)
            ^^^^^^^^^^^^^^^^^^^^^^^^^^^^^^^^^^^^^^^^^^^^^^^^
  File "D:\bot_final\data\binance_client.py", line 89, in get_klines
    return await self._get(
           ^^^^^^^^^^^^^^^^
    ...<3 lines>...
    )
    ^
  File "D:\bot_final\data\binance_client.py", line 82, in _get
    raise RuntimeError(f"Binance request failed: {e}") from e
RuntimeError: Binance request failed: 451, message='', url='https://fapi.binance.com/fapi/v1/klines?symbol=BTCUSDT&interval=15m&limit=200'
2026-03-20 10:12:08,821 [ERROR] asyncio: Unclosed client session
client_session: <aiohttp.client.ClientSession object at 0x000002D9F01481A0>
2026-03-20 10:12:08,823 [ERROR] asyncio: Unclosed connector
connections: ['deque([(<aiohttp.client_proto.ResponseHandler object at 0x000002D9F02884D0>, 44703.5650012)])']
connector: <aiohttp.connector.TCPConnector object at 0x000002D9F01E5090>
2026-03-20 10:12:16,257 [ERROR] data.orderflow_ws: WS error: no close frame received or sent — reconnect in 10s
2026-03-20 10:12:16,267 [ERROR] aiogram.dispatcher: Failed to fetch updates - TelegramNetworkError: HTTP Client says - ServerDisconnectedError: Server disconnected
2026-03-20 10:12:16,270 [WARNING] aiogram.dispatcher: Sleep for 1.000000 seconds and try again... (tryings = 0, bot id = 8749354405)
2026-03-20 10:12:20,395 [INFO] web.routes.backtest_api: Starting backtest...
2026-03-20 10:12:30,622 [ERROR] web.routes.backtest_api: Backtest error: 
Traceback (most recent call last):
  File "C:\Users\89118\AppData\Roaming\Python\Python314\site-packages\aiohttp\client.py", line 779, in _request
    resp = await handler(req)
           ^^^^^^^^^^^^^^^^^^
  File "C:\Users\89118\AppData\Roaming\Python\Python314\site-packages\aiohttp\client.py", line 734, in _connect_and_send_request
    conn = await self._connector.connect(
           ^^^^^^^^^^^^^^^^^^^^^^^^^^^^^^
        req, traces=traces, timeout=real_timeout
        ^^^^^^^^^^^^^^^^^^^^^^^^^^^^^^^^^^^^^^^^
    )
    ^
  File "C:\Users\89118\AppData\Roaming\Python\Python314\site-packages\aiohttp\connector.py", line 672, in connect
    proto = await self._create_connection(req, traces, timeout)
            ^^^^^^^^^^^^^^^^^^^^^^^^^^^^^^^^^^^^^^^^^^^^^^^^^^^
  File "C:\Users\89118\AppData\Roaming\Python\Python314\site-packages\aiohttp\connector.py", line 1239, in _create_connection
    _, proto = await self._create_direct_connection(req, traces, timeout)
               ^^^^^^^^^^^^^^^^^^^^^^^^^^^^^^^^^^^^^^^^^^^^^^^^^^^^^^^^^^
  File "C:\Users\89118\AppData\Roaming\Python\Python314\site-packages\aiohttp\connector.py", line 1562, in _create_direct_connection
    hosts = await self._resolve_host(host, port, traces=traces)
            ^^^^^^^^^^^^^^^^^^^^^^^^^^^^^^^^^^^^^^^^^^^^^^^^^^^
  File "C:\Users\89118\AppData\Roaming\Python\Python314\site-packages\aiohttp\connector.py", line 1178, in _resolve_host
    return await asyncio.shield(resolved_host_task)
           ^^^^^^^^^^^^^^^^^^^^^^^^^^^^^^^^^^^^^^^^
asyncio.exceptions.CancelledError

The above exception was the direct cause of the following exception:

Traceback (most recent call last):
  File "D:\bot_final\web\routes\backtest_api.py", line 30, in _run_backtest_task
    base_url = "https://testnet.binancefuture.com" if settings.testnet else "https://fapi.binance.com"
              ^^^^^^^^^^^^^^^^^^^^^^^^^^^^^^^^^^^^^^^^^^^^^^
  File "D:\bot_final\engine\candle_loader.py", line 53, in load_candles
    results = await asyncio.gather(*[fetch_one(tf) for tf in timeframes])
              ^^^^^^^^^^^^^^^^^^^^^^^^^^^^^^^^^^^^^^^^^^^^^^^^^^^^^^^^^^^
  File "D:\bot_final\engine\candle_loader.py", line 50, in fetch_one
    raw   = await client.get_klines(symbol, tf, limit=limit)
            ^^^^^^^^^^^^^^^^^^^^^^^^^^^^^^^^^^^^^^^^^^^^^^^^
  File "D:\bot_final\data\binance_client.py", line 89, in get_klines
    return await self._get(
           ^^^^^^^^^^^^^^^^
    ...<3 lines>...
    )
    ^
  File "D:\bot_final\data\binance_client.py", line 69, in _get
    async with session.get(url, params=params) as r:
               ~~~~~~~~~~~^^^^^^^^^^^^^^^^^^^^
  File "C:\Users\89118\AppData\Roaming\Python\Python314\site-packages\aiohttp\client.py", line 1510, in __aenter__
    self._resp: _RetType = await self._coro
                           ^^^^^^^^^^^^^^^^
  File "C:\Users\89118\AppData\Roaming\Python\Python314\site-packages\aiohttp\client.py", line 624, in _request
    with timer:
         ^^^^^
  File "C:\Users\89118\AppData\Roaming\Python\Python314\site-packages\aiohttp\helpers.py", line 713, in __exit__
    raise asyncio.TimeoutError from exc_val
TimeoutError
2026-03-20 10:12:32,451 [ERROR] asyncio: gaierror exception in shielded future
future: <Task finished name='Task-663' coro=<TCPConnector._resolve_host_with_throttle() done, defined at C:\Users\89118\AppData\Roaming\Python\Python314\site-packages\aiohttp\connector.py:1188> exception=gaierror(11001, 'getaddrinfo failed')>
Traceback (most recent call last):
  File "C:\Users\89118\AppData\Roaming\Python\Python314\site-packages\aiohttp\connector.py", line 1209, in _resolve_host_with_throttle
    addrs = await self._resolver.resolve(host, port, family=self._family)
            ^^^^^^^^^^^^^^^^^^^^^^^^^^^^^^^^^^^^^^^^^^^^^^^^^^^^^^^^^^^^^
  File "C:\Users\89118\AppData\Roaming\Python\Python314\site-packages\aiohttp\resolver.py", line 40, in resolve
    infos = await self._loop.getaddrinfo(
            ^^^^^^^^^^^^^^^^^^^^^^^^^^^^^
    ...<5 lines>...
    )
    ^
  File "C:\Python314\Lib\asyncio\base_events.py", line 936, in getaddrinfo
    return await self.run_in_executor(
           ^^^^^^^^^^^^^^^^^^^^^^^^^^^
        None, getaddr_func, host, port, family, type, proto, flags)
        ^^^^^^^^^^^^^^^^^^^^^^^^^^^^^^^^^^^^^^^^^^^^^^^^^^^^^^^^^^^
  File "C:\Python314\Lib\concurrent\futures\thread.py", line 86, in run
    result = ctx.run(self.task)
  File "C:\Python314\Lib\concurrent\futures\thread.py", line 73, in run
    return fn(*args, **kwargs)
  File "C:\Python314\Lib\socket.py", line 983, in getaddrinfo
    for res in _socket.getaddrinfo(host, port, family, type, proto, flags):
               ~~~~~~~~~~~~~~~~~~~^^^^^^^^^^^^^^^^^^^^^^^^^^^^^^^^^^^^^^^^
socket.gaierror: [Errno 11001] getaddrinfo failed
2026-03-20 10:12:34,685 [ERROR] data.orderflow_ws: WS error: timed out during opening handshake — reconnect in 10s
2026-03-20 10:12:37,361 [ERROR] aiogram.dispatcher: Failed to fetch updates - TelegramNetworkError: HTTP Client says - ClientConnectorError: Cannot connect to host api.telegram.org:443 ssl:default [Превышен таймаут семафора]
2026-03-20 10:12:37,362 [WARNING] aiogram.dispatcher: Sleep for 1.330418 seconds and try again... (tryings = 1, bot id = 8749354405)
2026-03-20 10:12:44,692 [ERROR] data.orderflow_ws: WS error: [Errno 11001] getaddrinfo failed — reconnect in 10s
2026-03-20 10:12:54,698 [ERROR] data.orderflow_ws: WS error: [Errno 11001] getaddrinfo failed — reconnect in 10s
2026-03-20 10:12:59,735 [ERROR] aiogram.dispatcher: Failed to fetch updates - TelegramNetworkError: HTTP Client says - ClientConnectorError: Cannot connect to host api.telegram.org:443 ssl:default [Превышен таймаут семафора]
2026-03-20 10:12:59,736 [WARNING] aiogram.dispatcher: Sleep for 1.661213 seconds and try again... (tryings = 2, bot id = 8749354405)
2026-03-20 10:13:01,426 [ERROR] aiogram.dispatcher: Failed to fetch updates - TelegramNetworkError: HTTP Client says - ClientConnectorError: Cannot connect to host api.telegram.org:443 ssl:default [Сетевая папка недоступна. За информацией о разрешении проблем в сети обратитесь к справочной системе Windows]
2026-03-20 10:13:01,427 [WARNING] aiogram.dispatcher: Sleep for 2.325268 seconds and try again... (tryings = 3, bot id = 8749354405)
2026-03-20 10:13:03,759 [ERROR] aiogram.dispatcher: Failed to fetch updates - TelegramNetworkError: HTTP Client says - ClientConnectorError: Cannot connect to host api.telegram.org:443 ssl:default [Сетевая папка недоступна. За информацией о разрешении проблем в сети обратитесь к справочной системе Windows]
2026-03-20 10:13:03,760 [WARNING] aiogram.dispatcher: Sleep for 3.034443 seconds and try again... (tryings = 4, bot id = 8749354405)
2026-03-20 10:13:04,714 [ERROR] data.orderflow_ws: WS error: [Errno 11001] getaddrinfo failed — reconnect in 10s
2026-03-20 10:13:06,803 [ERROR] aiogram.dispatcher: Failed to fetch updates - TelegramNetworkError: HTTP Client says - ClientConnectorError: Cannot connect to host api.telegram.org:443 ssl:default [Сетевая папка недоступна. За информацией о разрешении проблем в сети обратитесь к справочной системе Windows]
2026-03-20 10:13:06,804 [WARNING] aiogram.dispatcher: Sleep for 4.012077 seconds and try again... (tryings = 5, bot id = 8749354405)
2026-03-20 10:13:07,880 [INFO] web.routes.backtest_api: Starting backtest...
2026-03-20 10:13:10,824 [ERROR] aiogram.dispatcher: Failed to fetch updates - TelegramNetworkError: HTTP Client says - ClientConnectorError: Cannot connect to host api.telegram.org:443 ssl:default [Сетевая папка недоступна. За информацией о разрешении проблем в сети обратитесь к справочной системе Windows]
2026-03-20 10:13:10,826 [WARNING] aiogram.dispatcher: Sleep for 4.951315 seconds and try again... (tryings = 6, bot id = 8749354405)
2026-03-20 10:13:14,732 [ERROR] data.orderflow_ws: WS error: [Errno 11001] getaddrinfo failed — reconnect in 10s
2026-03-20 10:13:14,906 [ERROR] web.routes.backtest_api: Backtest error: Binance request failed: Cannot connect to host fapi.binance.com:443 ssl:default [getaddrinfo failed]
Traceback (most recent call last):
  File "C:\Users\89118\AppData\Roaming\Python\Python314\site-packages\aiohttp\connector.py", line 1562, in _create_direct_connection
    hosts = await self._resolve_host(host, port, traces=traces)
            ^^^^^^^^^^^^^^^^^^^^^^^^^^^^^^^^^^^^^^^^^^^^^^^^^^^
  File "C:\Users\89118\AppData\Roaming\Python\Python314\site-packages\aiohttp\connector.py", line 1178, in _resolve_host
    return await asyncio.shield(resolved_host_task)
           ^^^^^^^^^^^^^^^^^^^^^^^^^^^^^^^^^^^^^^^^
  File "C:\Users\89118\AppData\Roaming\Python\Python314\site-packages\aiohttp\connector.py", line 1209, in _resolve_host_with_throttle
    addrs = await self._resolver.resolve(host, port, family=self._family)
            ^^^^^^^^^^^^^^^^^^^^^^^^^^^^^^^^^^^^^^^^^^^^^^^^^^^^^^^^^^^^^
  File "C:\Users\89118\AppData\Roaming\Python\Python314\site-packages\aiohttp\resolver.py", line 40, in resolve
    infos = await self._loop.getaddrinfo(
            ^^^^^^^^^^^^^^^^^^^^^^^^^^^^^
    ...<5 lines>...
    )
    ^
  File "C:\Python314\Lib\asyncio\base_events.py", line 936, in getaddrinfo
    return await self.run_in_executor(
           ^^^^^^^^^^^^^^^^^^^^^^^^^^^
        None, getaddr_func, host, port, family, type, proto, flags)
        ^^^^^^^^^^^^^^^^^^^^^^^^^^^^^^^^^^^^^^^^^^^^^^^^^^^^^^^^^^^
  File "C:\Python314\Lib\concurrent\futures\thread.py", line 86, in run
    result = ctx.run(self.task)
  File "C:\Python314\Lib\concurrent\futures\thread.py", line 73, in run
    return fn(*args, **kwargs)
  File "C:\Python314\Lib\socket.py", line 983, in getaddrinfo
    for res in _socket.getaddrinfo(host, port, family, type, proto, flags):
               ~~~~~~~~~~~~~~~~~~~^^^^^^^^^^^^^^^^^^^^^^^^^^^^^^^^^^^^^^^^
socket.gaierror: [Errno 11004] getaddrinfo failed

The above exception was the direct cause of the following exception:

Traceback (most recent call last):
  File "D:\bot_final\data\binance_client.py", line 69, in _get
    async with session.get(url, params=params) as r:
               ~~~~~~~~~~~^^^^^^^^^^^^^^^^^^^^
  File "C:\Users\89118\AppData\Roaming\Python\Python314\site-packages\aiohttp\client.py", line 1510, in __aenter__
    self._resp: _RetType = await self._coro
                           ^^^^^^^^^^^^^^^^
  File "C:\Users\89118\AppData\Roaming\Python\Python314\site-packages\aiohttp\client.py", line 779, in _request
    resp = await handler(req)
           ^^^^^^^^^^^^^^^^^^
  File "C:\Users\89118\AppData\Roaming\Python\Python314\site-packages\aiohttp\client.py", line 734, in _connect_and_send_request
    conn = await self._connector.connect(
           ^^^^^^^^^^^^^^^^^^^^^^^^^^^^^^
        req, traces=traces, timeout=real_timeout
        ^^^^^^^^^^^^^^^^^^^^^^^^^^^^^^^^^^^^^^^^
    )
    ^
  File "C:\Users\89118\AppData\Roaming\Python\Python314\site-packages\aiohttp\connector.py", line 672, in connect
    proto = await self._create_connection(req, traces, timeout)
            ^^^^^^^^^^^^^^^^^^^^^^^^^^^^^^^^^^^^^^^^^^^^^^^^^^^
  File "C:\Users\89118\AppData\Roaming\Python\Python314\site-packages\aiohttp\connector.py", line 1239, in _create_connection
    _, proto = await self._create_direct_connection(req, traces, timeout)
               ^^^^^^^^^^^^^^^^^^^^^^^^^^^^^^^^^^^^^^^^^^^^^^^^^^^^^^^^^^
  File "C:\Users\89118\AppData\Roaming\Python\Python314\site-packages\aiohttp\connector.py", line 1568, in _create_direct_connection
    raise ClientConnectorDNSError(req.connection_key, exc) from exc
aiohttp.client_exceptions.ClientConnectorDNSError: Cannot connect to host fapi.binance.com:443 ssl:default [getaddrinfo failed]

The above exception was the direct cause of the following exception:

Traceback (most recent call last):
  File "D:\bot_final\web\routes\backtest_api.py", line 30, in _run_backtest_task
    base_url = "https://testnet.binancefuture.com" if settings.testnet else "https://fapi.binance.com"
              ^^^^^^^^^^^^^^^^^^^^^^^^^^^^^^^^^^^^^^^^^^^^^^
  File "D:\bot_final\engine\candle_loader.py", line 53, in load_candles
    results = await asyncio.gather(*[fetch_one(tf) for tf in timeframes])
              ^^^^^^^^^^^^^^^^^^^^^^^^^^^^^^^^^^^^^^^^^^^^^^^^^^^^^^^^^^^
  File "D:\bot_final\engine\candle_loader.py", line 50, in fetch_one
    raw   = await client.get_klines(symbol, tf, limit=limit)
            ^^^^^^^^^^^^^^^^^^^^^^^^^^^^^^^^^^^^^^^^^^^^^^^^
  File "D:\bot_final\data\binance_client.py", line 89, in get_klines
    return await self._get(
           ^^^^^^^^^^^^^^^^
    ...<3 lines>...
    )
    ^
  File "D:\bot_final\data\binance_client.py", line 82, in _get
    raise RuntimeError(f"Binance request failed: {e}") from e
RuntimeError: Binance request failed: Cannot connect to host fapi.binance.com:443 ssl:default [getaddrinfo failed]
2026-03-20 10:13:15,783 [ERROR] aiogram.dispatcher: Failed to fetch updates - TelegramNetworkError: HTTP Client says - ClientConnectorError: Cannot connect to host api.telegram.org:443 ssl:default [Сетевая папка недоступна. За информацией о разрешении проблем в сети обратитесь к справочной системе Windows]
2026-03-20 10:13:15,785 [WARNING] aiogram.dispatcher: Sleep for 5.047375 seconds and try again... (tryings = 7, bot id = 8749354405)
2026-03-20 10:13:20,837 [ERROR] aiogram.dispatcher: Failed to fetch updates - TelegramNetworkError: HTTP Client says - ClientConnectorError: Cannot connect to host api.telegram.org:443 ssl:default [Сетевая папка недоступна. За информацией о разрешении проблем в сети обратитесь к справочной системе Windows]
2026-03-20 10:13:20,838 [WARNING] aiogram.dispatcher: Sleep for 5.077733 seconds and try again... (tryings = 8, bot id = 8749354405)
2026-03-20 10:13:24,751 [ERROR] data.orderflow_ws: WS error: [Errno 11001] getaddrinfo failed — reconnect in 10s
2026-03-20 10:13:25,930 [ERROR] aiogram.dispatcher: Failed to fetch updates - TelegramNetworkError: HTTP Client says - ClientConnectorError: Cannot connect to host api.telegram.org:443 ssl:default [Сетевая папка недоступна. За информацией о разрешении проблем в сети обратитесь к справочной системе Windows]
2026-03-20 10:13:25,932 [WARNING] aiogram.dispatcher: Sleep for 4.807353 seconds and try again... (tryings = 9, bot id = 8749354405)
2026-03-20 10:13:30,755 [ERROR] aiogram.dispatcher: Failed to fetch updates - TelegramNetworkError: HTTP Client says - ClientConnectorError: Cannot connect to host api.telegram.org:443 ssl:default [Сетевая папка недоступна. За информацией о разрешении проблем в сети обратитесь к справочной системе Windows]
2026-03-20 10:13:30,756 [WARNING] aiogram.dispatcher: Sleep for 5.063372 seconds and try again... (tryings = 10, bot id = 8749354405)
2026-03-20 10:13:34,761 [ERROR] data.orderflow_ws: WS error: [Errno 11001] getaddrinfo failed — reconnect in 10s
2026-03-20 10:13:35,833 [ERROR] aiogram.dispatcher: Failed to fetch updates - TelegramNetworkError: HTTP Client says - ClientConnectorError: Cannot connect to host api.telegram.org:443 ssl:default [Сетевая папка недоступна. За информацией о разрешении проблем в сети обратитесь к справочной системе Windows]
2026-03-20 10:13:35,834 [WARNING] aiogram.dispatcher: Sleep for 5.099439 seconds and try again... (tryings = 11, bot id = 8749354405)
2026-03-20 10:13:40,948 [ERROR] aiogram.dispatcher: Failed to fetch updates - TelegramNetworkError: HTTP Client says - ClientConnectorError: Cannot connect to host api.telegram.org:443 ssl:default [Сетевая папка недоступна. За информацией о разрешении проблем в сети обратитесь к справочной системе Windows]
2026-03-20 10:13:40,949 [WARNING] aiogram.dispatcher: Sleep for 4.977661 seconds and try again... (tryings = 12, bot id = 8749354405)
2026-03-20 10:13:44,770 [ERROR] data.orderflow_ws: WS error: [Errno 11001] getaddrinfo failed — reconnect in 10s
2026-03-20 10:13:45,934 [ERROR] aiogram.dispatcher: Failed to fetch updates - TelegramNetworkError: HTTP Client says - ClientConnectorError: Cannot connect to host api.telegram.org:443 ssl:default [Сетевая папка недоступна. За информацией о разрешении проблем в сети обратитесь к справочной системе Windows]
2026-03-20 10:13:45,936 [WARNING] aiogram.dispatcher: Sleep for 5.196943 seconds and try again... (tryings = 13, bot id = 8749354405)
2026-03-20 10:13:59,447 [INFO] __main__: API server stopped
2026-03-20 10:13:59,448 [INFO] __main__: Shutting down ()...
2026-03-20 10:13:59,449 [INFO] apscheduler.scheduler: Scheduler has been shut down
2026-03-20 10:13:59,450 [INFO] aiogram.dispatcher: Polling stopped
2026-03-20 10:13:59,719 [INFO] __main__: Shutdown complete
2026-03-20 10:13:59,721 [INFO] aiogram.dispatcher: Polling stopped for bot @Akoffice_bot id=8749354405 - 'Akoffice bot'
2026-03-20 10:14:05,903 [ERROR] asyncio: Unclosed client session
client_session: <aiohttp.client.ClientSession object at 0x000002D9F0149FD0>
2026-03-20 10:14:05,904 [ERROR] asyncio: Unclosed client session
client_session: <aiohttp.client.ClientSession object at 0x000002D9F014ABA0>
2026-03-20 10:14:26,171 [INFO] __main__: Initialising components...
2026-03-20 10:14:26,192 [INFO] database.db: DB connected (WAL): data\signals.db
2026-03-20 10:14:26,193 [INFO] __main__: DB connected
2026-03-20 10:14:26,194 [INFO] __main__: Binance client created
2026-03-20 10:14:26,195 [INFO] __main__: WebSocket client created
2026-03-20 10:14:26,935 [INFO] aiogram.dispatcher: Start polling
2026-03-20 10:15:27,018 [INFO] aiogram.dispatcher: Polling stopped
2026-03-20 10:16:48,250 [ERROR] asyncio: Task exception was never retrieved
future: <Task finished name='Task-3' coro=<Dispatcher._polling() done, defined at C:\Users\89118\AppData\Roaming\Python\Python314\site-packages\aiogram\dispatcher\dispatcher.py:354> exception=TelegramNetworkError('HTTP Client says - ClientConnectorError: Cannot connect to host api.telegram.org:443 ssl:default [None]')>
Traceback (most recent call last):
  File "C:\Users\89118\AppData\Roaming\Python\Python314\site-packages\aiohttp\connector.py", line 1313, in _wrap_create_connection
    return await self._loop.create_connection(*args, **kwargs, sock=sock)
           ^^^^^^^^^^^^^^^^^^^^^^^^^^^^^^^^^^^^^^^^^^^^^^^^^^^^^^^^^^^^^^
  File "C:\Python314\Lib\asyncio\base_events.py", line 1198, in create_connection
    transport, protocol = await self._create_connection_transport(
                          ^^^^^^^^^^^^^^^^^^^^^^^^^^^^^^^^^^^^^^^^
    ...<2 lines>...
        ssl_shutdown_timeout=ssl_shutdown_timeout)
        ^^^^^^^^^^^^^^^^^^^^^^^^^^^^^^^^^^^^^^^^^^
  File "C:\Python314\Lib\asyncio\base_events.py", line 1231, in _create_connection_transport
    await waiter
ConnectionAbortedError: SSL handshake is taking longer than 60.0 seconds: aborting the connection

The above exception was the direct cause of the following exception:

Traceback (most recent call last):
  File "C:\Users\89118\AppData\Roaming\Python\Python314\site-packages\aiogram\client\session\aiohttp.py", line 167, in make_request
    async with session.post(
               ^^^^^^^^^^^^^
    ...<3 lines>...
    ) as resp:
    ^
  File "C:\Users\89118\AppData\Roaming\Python\Python314\site-packages\aiohttp\client.py", line 1510, in __aenter__
    self._resp: _RetType = await self._coro
                           ^^^^^^^^^^^^^^^^
  File "C:\Users\89118\AppData\Roaming\Python\Python314\site-packages\aiohttp\client.py", line 779, in _request
    resp = await handler(req)
           ^^^^^^^^^^^^^^^^^^
  File "C:\Users\89118\AppData\Roaming\Python\Python314\site-packages\aiohttp\client.py", line 734, in _connect_and_send_request
    conn = await self._connector.connect(
           ^^^^^^^^^^^^^^^^^^^^^^^^^^^^^^
        req, traces=traces, timeout=real_timeout
        ^^^^^^^^^^^^^^^^^^^^^^^^^^^^^^^^^^^^^^^^
    )
    ^
  File "C:\Users\89118\AppData\Roaming\Python\Python314\site-packages\aiohttp\connector.py", line 672, in connect
    proto = await self._create_connection(req, traces, timeout)
            ^^^^^^^^^^^^^^^^^^^^^^^^^^^^^^^^^^^^^^^^^^^^^^^^^^^
  File "C:\Users\89118\AppData\Roaming\Python\Python314\site-packages\aiohttp\connector.py", line 1239, in _create_connection
    _, proto = await self._create_direct_connection(req, traces, timeout)
               ^^^^^^^^^^^^^^^^^^^^^^^^^^^^^^^^^^^^^^^^^^^^^^^^^^^^^^^^^^
  File "C:\Users\89118\AppData\Roaming\Python\Python314\site-packages\aiohttp\connector.py", line 1611, in _create_direct_connection
    raise last_exc
  File "C:\Users\89118\AppData\Roaming\Python\Python314\site-packages\aiohttp\connector.py", line 1580, in _create_direct_connection
    transp, proto = await self._wrap_create_connection(
                    ^^^^^^^^^^^^^^^^^^^^^^^^^^^^^^^^^^^
    ...<7 lines>...
    )
    ^
  File "C:\Users\89118\AppData\Roaming\Python\Python314\site-packages\aiohttp\connector.py", line 1321, in _wrap_create_connection
    raise client_error(req.connection_key, exc) from exc
aiohttp.client_exceptions.ClientConnectorError: Cannot connect to host api.telegram.org:443 ssl:default [None]

The above exception was the direct cause of the following exception:

Traceback (most recent call last):
  File "C:\Users\89118\AppData\Roaming\Python\Python314\site-packages\aiogram\dispatcher\dispatcher.py", line 377, in _polling
  File "C:\Users\89118\AppData\Roaming\Python\Python314\site-packages\aiogram\client\bot.py", line 362, in me
    self._me = await self.get_me()
               ^^^^^^^^^^^^^^^^^^^
  File "C:\Users\89118\AppData\Roaming\Python\Python314\site-packages\aiogram\client\bot.py", line 1798, in get_me
    return await self(call, request_timeout=request_timeout)
           ^^^^^^^^^^^^^^^^^^^^^^^^^^^^^^^^^^^^^^^^^^^^^^^^^
  File "C:\Users\89118\AppData\Roaming\Python\Python314\site-packages\aiogram\client\bot.py", line 488, in __call__
    return await self.session(self, method, timeout=request_timeout)
           ^^^^^^^^^^^^^^^^^^^^^^^^^^^^^^^^^^^^^^^^^^^^^^^^^^^^^^^^^
  File "C:\Users\89118\AppData\Roaming\Python\Python314\site-packages\aiogram\client\session\base.py", line 259, in __call__
    return cast(TelegramType, await middleware(bot, method))
                              ^^^^^^^^^^^^^^^^^^^^^^^^^^^^^
  File "C:\Users\89118\AppData\Roaming\Python\Python314\site-packages\aiogram\client\session\aiohttp.py", line 176, in make_request
    raise TelegramNetworkError(method=method, message=f"{type(e).__name__}: {e}") from e
aiogram.exceptions.TelegramNetworkError: HTTP Client says - ClientConnectorError: Cannot connect to host api.telegram.org:443 ssl:default [None]
2026-03-20 10:17:00,536 [INFO] __main__: Initialising components...
2026-03-20 10:17:00,547 [INFO] database.db: DB connected (WAL): data\signals.db
2026-03-20 10:17:00,548 [INFO] __main__: DB connected
2026-03-20 10:17:00,549 [INFO] __main__: Binance client created
2026-03-20 10:17:00,550 [INFO] __main__: WebSocket client created
2026-03-20 10:17:01,157 [INFO] aiogram.dispatcher: Start polling
2026-03-20 10:17:02,320 [INFO] aiogram.dispatcher: Run polling for bot @Akoffice_bot id=8749354405 - 'Akoffice bot'
2026-03-20 10:17:02,330 [INFO] telegram.bot: ✓ Telegram notifier started
2026-03-20 10:17:02,331 [INFO] __main__: Telegram notifier started
2026-03-20 10:17:02,331 [INFO] __main__: All components ready
2026-03-20 10:17:02,346 [INFO] apscheduler.scheduler: Adding job tentatively -- it will be properly scheduled when the scheduler starts
2026-03-20 10:17:02,351 [INFO] apscheduler.scheduler: Added job "analysis_cycle" to job store "default"
2026-03-20 10:17:02,351 [INFO] apscheduler.scheduler: Scheduler started
2026-03-20 10:17:02,353 [INFO] __main__: Bot running. Ctrl+C to stop.
2026-03-20 10:17:02,354 [INFO] __main__: ── Analysis cycle start ──────────────────
2026-03-20 10:17:02,476 [INFO] __main__: Starting API server on port 8001...
2026-03-20 10:17:03,322 [INFO] __main__: API server starting on port 8001...
2026-03-20 10:17:04,874 [INFO] engine.pipeline: MarketContext(dead_zone, vol=low, adx=23.0, trend=SHORT, atr=0.20%, session=london, tradeable=False)
2026-03-20 10:17:04,875 [INFO] engine.pipeline: Not tradeable: dead_zone, vol=low, session=london
2026-03-20 10:17:05,080 [INFO] data.orderflow_ws: ✓ WS connected: wss://stream.binancefuture.com/ws/btcusdt@aggTrade
2026-03-20 10:18:23,938 [INFO] web.routes.backtest_api: Starting backtest...
2026-03-20 10:18:23,950 [INFO] web.routes.backtest_api: Using Binance API: https://testnet.binancefuture.com
2026-03-20 10:18:25,517 [INFO] web.routes.backtest_api: Backtest completed: {'initial_balance': 10000.0, 'final_balance': 9994.81, 'total_return_pct': -0.05, 'profit_factor': np.float64(0.0), 'winrate_pct': 0.0, 'max_drawdown_pct': 0.05, 'total_trades': 1, 'winning_trades': 0, 'losing_trades': 1, 'avg_rr': 1.0, 'exits': {'sl': 1}, 'trades': [{'entry_date': '2026-03-20 02:00:00+00:00', 'exit_date': '2026-03-20 03:30:00+00:00', 'direction': 'SHORT', 'entry_price': 70286.82552, 'exit_price': 70595.6251, 'pnl_pct': -0.43934204983000386, 'pnl_net': -5.193420498300039, 'rr_achieved': 1.0, 'confidence': 70, 'exit_reason': 'sl'}], 'equity_curve': [{'date': '2026-03-19 06:30:00+00:00', 'equity': 10000.0, 'in_pos': False}, {'date': '2026-03-19 06:45:00+00:00', 'equity': 10000.0, 'in_pos': False}, {'date': '2026-03-19 07:00:00+00:00', 'equity': 10000.0, 'in_pos': False}, {'date': '2026-03-19 07:15:00+00:00', 'equity': 10000.0, 'in_pos': False}, {'date': '2026-03-19 07:30:00+00:00', 'equity': 10000.0, 'in_pos': False}, {'date': '2026-03-19 07:45:00+00:00', 'equity': 10000.0, 'in_pos': False}, {'date': '2026-03-19 08:00:00+00:00', 'equity': 10000.0, 'in_pos': False}, {'date': '2026-03-19 08:15:00+00:00', 'equity': 10000.0, 'in_pos': False}, {'date': '2026-03-19 08:30:00+00:00', 'equity': 10000.0, 'in_pos': False}, {'date': '2026-03-19 08:45:00+00:00', 'equity': 10000.0, 'in_pos': False}, {'date': '2026-03-19 09:00:00+00:00', 'equity': 10000.0, 'in_pos': False}, {'date': '2026-03-19 09:15:00+00:00', 'equity': 10000.0, 'in_pos': False}, {'date': '2026-03-19 09:30:00+00:00', 'equity': 10000.0, 'in_pos': False}, {'date': '2026-03-19 09:45:00+00:00', 'equity': 10000.0, 'in_pos': False}, {'date': '2026-03-19 10:00:00+00:00', 'equity': 10000.0, 'in_pos': False}, {'date': '2026-03-19 10:15:00+00:00', 'equity': 10000.0, 'in_pos': False}, {'date': '2026-03-19 10:30:00+00:00', 'equity': 10000.0, 'in_pos': False}, {'date': '2026-03-19 10:45:00+00:00', 'equity': 10000.0, 'in_pos': False}, {'date': '2026-03-19 11:00:00+00:00', 'equity': 10000.0, 'in_pos': False}, {'date': '2026-03-19 11:15:00+00:00', 'equity': 10000.0, 'in_pos': False}, {'date': '2026-03-19 11:30:00+00:00', 'equity': 10000.0, 'in_pos': False}, {'date': '2026-03-19 11:45:00+00:00', 'equity': 10000.0, 'in_pos': False}, {'date': '2026-03-19 12:00:00+00:00', 'equity': 10000.0, 'in_pos': False}, {'date': '2026-03-19 12:15:00+00:00', 'equity': 10000.0, 'in_pos': False}, {'date': '2026-03-19 12:30:00+00:00', 'equity': 10000.0, 'in_pos': False}, {'date': '2026-03-19 12:45:00+00:00', 'equity': 10000.0, 'in_pos': False}, {'date': '2026-03-19 13:00:00+00:00', 'equity': 10000.0, 'in_pos': False}, {'date': '2026-03-19 13:15:00+00:00', 'equity': 10000.0, 'in_pos': False}, {'date': '2026-03-19 13:30:00+00:00', 'equity': 10000.0, 'in_pos': False}, {'date': '2026-03-19 13:45:00+00:00', 'equity': 10000.0, 'in_pos': False}, {'date': '2026-03-19 14:00:00+00:00', 'equity': 10000.0, 'in_pos': False}, {'date': '2026-03-19 14:15:00+00:00', 'equity': 10000.0, 'in_pos': False}, {'date': '2026-03-19 14:30:00+00:00', 'equity': 10000.0, 'in_pos': False}, {'date': '2026-03-19 14:45:00+00:00', 'equity': 10000.0, 'in_pos': False}, {'date': '2026-03-19 15:00:00+00:00', 'equity': 10000.0, 'in_pos': False}, {'date': '2026-03-19 15:15:00+00:00', 'equity': 10000.0, 'in_pos': False}, {'date': '2026-03-19 15:30:00+00:00', 'equity': 10000.0, 'in_pos': False}, {'date': '2026-03-19 15:45:00+00:00', 'equity': 10000.0, 'in_pos': False}, {'date': '2026-03-19 16:00:00+00:00', 'equity': 10000.0, 'in_pos': False}, {'date': '2026-03-19 16:15:00+00:00', 'equity': 10000.0, 'in_pos': False}, {'date': '2026-03-19 16:30:00+00:00', 'equity': 10000.0, 'in_pos': False}, {'date': '2026-03-19 16:45:00+00:00', 'equity': 10000.0, 'in_pos': False}, {'date': '2026-03-19 17:00:00+00:00', 'equity': 10000.0, 'in_pos': False}, {'date': '2026-03-19 17:15:00+00:00', 'equity': 10000.0, 'in_pos': False}, {'date': '2026-03-19 17:30:00+00:00', 'equity': 10000.0, 'in_pos': False}, {'date': '2026-03-19 17:45:00+00:00', 'equity': 10000.0, 'in_pos': False}, {'date': '2026-03-19 18:00:00+00:00', 'equity': 10000.0, 'in_pos': False}, {'date': '2026-03-19 18:15:00+00:00', 'equity': 10000.0, 'in_pos': False}, {'date': '2026-03-19 18:30:00+00:00', 'equity': 10000.0, 'in_pos': False}, {'date': '2026-03-19 18:45:00+00:00', 'equity': 10000.0, 'in_pos': False}, {'date': '2026-03-19 19:00:00+00:00', 'equity': 10000.0, 'in_pos': False}, {'date': '2026-03-19 19:15:00+00:00', 'equity': 10000.0, 'in_pos': False}, {'date': '2026-03-19 19:30:00+00:00', 'equity': 10000.0, 'in_pos': False}, {'date': '2026-03-19 19:45:00+00:00', 'equity': 10000.0, 'in_pos': False}, {'date': '2026-03-19 20:00:00+00:00', 'equity': 10000.0, 'in_pos': False}, {'date': '2026-03-19 20:15:00+00:00', 'equity': 10000.0, 'in_pos': False}, {'date': '2026-03-19 20:30:00+00:00', 'equity': 10000.0, 'in_pos': False}, {'date': '2026-03-19 20:45:00+00:00', 'equity': 10000.0, 'in_pos': False}, {'date': '2026-03-19 21:00:00+00:00', 'equity': 10000.0, 'in_pos': False}, {'date': '2026-03-19 21:15:00+00:00', 'equity': 10000.0, 'in_pos': False}, {'date': '2026-03-19 21:30:00+00:00', 'equity': 10000.0, 'in_pos': False}, {'date': '2026-03-19 21:45:00+00:00', 'equity': 10000.0, 'in_pos': False}, {'date': '2026-03-19 22:00:00+00:00', 'equity': 10000.0, 'in_pos': False}, {'date': '2026-03-19 22:15:00+00:00', 'equity': 10000.0, 'in_pos': False}, {'date': '2026-03-19 22:30:00+00:00', 'equity': 10000.0, 'in_pos': False}, {'date': '2026-03-19 22:45:00+00:00', 'equity': 10000.0, 'in_pos': False}, {'date': '2026-03-19 23:00:00+00:00', 'equity': 10000.0, 'in_pos': False}, {'date': '2026-03-19 23:15:00+00:00', 'equity': 10000.0, 'in_pos': False}, {'date': '2026-03-19 23:30:00+00:00', 'equity': 10000.0, 'in_pos': False}, {'date': '2026-03-19 23:45:00+00:00', 'equity': 10000.0, 'in_pos': False}, {'date': '2026-03-20 00:00:00+00:00', 'equity': 10000.0, 'in_pos': False}, {'date': '2026-03-20 00:15:00+00:00', 'equity': 10000.0, 'in_pos': False}, {'date': '2026-03-20 00:30:00+00:00', 'equity': 10000.0, 'in_pos': False}, {'date': '2026-03-20 00:45:00+00:00', 'equity': 10000.0, 'in_pos': False}, {'date': '2026-03-20 01:00:00+00:00', 'equity': 10000.0, 'in_pos': False}, {'date': '2026-03-20 01:15:00+00:00', 'equity': 10000.0, 'in_pos': False}, {'date': '2026-03-20 01:30:00+00:00', 'equity': 10000.0, 'in_pos': False}, {'date': '2026-03-20 01:45:00+00:00', 'equity': 10000.0, 'in_pos': False}, {'date': '2026-03-20 02:00:00+00:00', 'equity': 10000.0, 'in_pos': True}, {'date': '2026-03-20 02:15:00+00:00', 'equity': 10000.0, 'in_pos': True}, {'date': '2026-03-20 02:30:00+00:00', 'equity': 10000.0, 'in_pos': True}, {'date': '2026-03-20 02:45:00+00:00', 'equity': 10000.0, 'in_pos': True}, {'date': '2026-03-20 03:00:00+00:00', 'equity': 10000.0, 'in_pos': True}, {'date': '2026-03-20 03:15:00+00:00', 'equity': 10000.0, 'in_pos': True}, {'date': '2026-03-20 03:30:00+00:00', 'equity': 9994.81, 'in_pos': False}, {'date': '2026-03-20 03:45:00+00:00', 'equity': 9994.81, 'in_pos': False}, {'date': '2026-03-20 04:00:00+00:00', 'equity': 9994.81, 'in_pos': False}, {'date': '2026-03-20 04:15:00+00:00', 'equity': 9994.81, 'in_pos': False}, {'date': '2026-03-20 04:30:00+00:00', 'equity': 9994.81, 'in_pos': False}, {'date': '2026-03-20 04:45:00+00:00', 'equity': 9994.81, 'in_pos': False}, {'date': '2026-03-20 05:00:00+00:00', 'equity': 9994.81, 'in_pos': False}, {'date': '2026-03-20 05:15:00+00:00', 'equity': 9994.81, 'in_pos': False}, {'date': '2026-03-20 05:30:00+00:00', 'equity': 9994.81, 'in_pos': False}, {'date': '2026-03-20 05:45:00+00:00', 'equity': 9994.81, 'in_pos': False}, {'date': '2026-03-20 06:00:00+00:00', 'equity': 9994.81, 'in_pos': False}]}
2026-03-20 10:18:25,530 [ERROR] asyncio: Unclosed client session
client_session: <aiohttp.client.ClientSession object at 0x000001E476C0CAD0>
2026-03-20 10:18:25,532 [ERROR] asyncio: Unclosed connector
connections: ['deque([(<aiohttp.client_proto.ResponseHandler object at 0x000001E476C0D400>, 45081.5395929)])']
connector: <aiohttp.connector.TCPConnector object at 0x000001E476C951D0>
2026-03-20 10:18:55,541 [ERROR] asyncio: Future exception was never retrieved
future: <Future finished exception=ClientConnectionError('Connection lost: SSL shutdown timed out')>
TimeoutError: SSL shutdown timed out

The above exception was the direct cause of the following exception:

aiohttp.client_exceptions.ClientConnectionError: Connection lost: SSL shutdown timed out
2026-03-20 10:23:30,647 [INFO] __main__: API server stopped
2026-03-20 10:23:30,648 [INFO] __main__: Shutting down ()...
2026-03-20 10:23:30,650 [INFO] apscheduler.scheduler: Scheduler has been shut down
2026-03-20 10:23:39,243 [INFO] aiogram.dispatcher: Polling stopped
2026-03-20 10:23:39,246 [ERROR] aiogram.dispatcher: Failed to fetch updates - TelegramNetworkError: HTTP Client says - ServerDisconnectedError: Server disconnected
2026-03-20 10:23:39,247 [WARNING] aiogram.dispatcher: Sleep for 1.000000 seconds and try again... (tryings = 0, bot id = 8749354405)
2026-03-20 10:23:39,512 [INFO] __main__: Shutdown complete
2026-03-20 10:23:39,513 [INFO] aiogram.dispatcher: Polling stopped for bot @Akoffice_bot id=8749354405 - 'Akoffice bot'
